ticker,name,market,locale,primary_exchange,type,active,currency_name,cik,composite_figi,share_class_figi,last_updated_utc
A,Agilent Technologies Inc.,stocks,us,XNYS,CS,True,usd,0001090872,BBG000C2V3D6,BBG001SCTQY4,2025-09-18T06:05:34.656745664Z
AA,Alcoa Corporation,stocks,us,XNYS,CS,True,usd,0001675149,BBG00B3T3HD3,BBG00B3T3HF1,2025-09-18T06:05:34.656746345Z
AAA,Alternative Access First Priority CLO Bond ETF,stocks,us,ARCX,ETF,True,usd,0001776878,BBG01B0JRCS6,BBG01B0JRCT5,2025-09-18T06:05:34.656746425Z
AAAA,Amplius Aggressive Asset Allocation ETF,stocks,us,BATS,ETF,True,usd,BBG01W275XX6,BBG01W275ZB5,2025-09-18T06:05:34.656746586Z
AAAU,Goldman Sachs Physical Gold ETF Shares,stocks,us,BATS,ETF,True,usd,0001708646,BBG00LPXX872,BBG00LPXX8Z1,2025-09-18T06:05:34.656746666Z
AACB,Artius II Acquisition Inc. Class A Ordinary Shares,stocks,us,XNAS,CS,True,usd,0002034334,2025-09-18T06:05:34.656746746Z
AACBR,Artius II Acquisition Inc. Rights,stocks,us,XNAS,RIGHT,True,usd,0002034334,2025-09-18T06:05:34.656746826Z
AACBU,Artius II Acquisition Inc. Units,stocks,us,XNAS,UNIT,True,usd,0002034334,2025-09-18T06:05:34.656746906Z
AACG,ATA Creativity Global American Depositary Shares,stocks,us,XNAS,ADRC,True,usd,0001420529,BBG000V2S3P6,BBG001T125S9,2025-09-18T06:05:34.656747247Z
AACI,Armada Acquisition Corp. II Class A Ordinary Shares,stocks,us,XNAS,CS,True,usd,0002044009,2025-09-18T06:05:34.656747337Z
AACIU,Armada Acquisition Corp. II Units,stocks,us,XNAS,UNIT,True,usd,0002044009,2025-09-18T06:05:34.656747487Z
AACIW,Armada Acquisition Corp. II Warrant,stocks,us,XNAS,WARRANT,True,usd,0002044009,2025-09-18T06:05:34.656747567Z
AACT,Ares Acquisition Corporation II,stocks,us,XNYS,CS,True,usd,0001853138,2025-09-18T06:05:34.656747648Z
AACT.U,"Ares Acquisition Corporation II Units, each consisting of one Class A ordinary share and one-half of one redeemable warrant",stocks,us,XNYS,UNIT,True,usd,0001853138,2025-09-18T06:05:34.656747728Z
AACT.WS,"Ares Acquisition Corporation II Redeemable Warrants, each whole warrant exercisable for one Class A ordinary share at an exercise price of $11.50",stocks,us,XNYS,WARRANT,True,usd,0001853138,2025-09-18T06:05:34.656747808Z
AADR,AdvisorShares Dorsey Wright ADR ETF,stocks,us,XNAS,ETF,True,usd,0001408970,BBG000BDYRW6,BBG001T9B1Y4,2025-09-18T06:05:34.656747888Z
AAL,American Airlines Group Inc.,stocks,us,XNAS,CS,True,usd,0000006201,BBG005P7Q881,BBG005P7Q907,2025-09-18T06:05:34.656748108Z
AALG,Leverage Shares 2X Long AAL Daily ETF,stocks,us,XNAS,ETF,True,usd,0001976322,BBG01VH49P35,BBG01VH49Q06,2025-09-18T06:05:34.656748189Z
AAM,AA Mission Acquisition Corp.,stocks,us,XNYS,CS,True,usd,0002012964,2025-09-18T06:05:34.656748269Z
AAM.U,"AA Mission Acquisition Corp. Units, each consisting of one Class A Ordinary Share and one-half of one redeemable warrant",stocks,us,XNYS,UNIT,True,usd,0002012964,2025-09-18T06:05:34.656748349Z
AAM.WS,"AA Mission Acquisition Corp. Warrants, each whole warrant entitles the holder to purchase one Class A ordinary share at a price of $11.50 per share",stocks,us,XNYS,WARRANT,True,usd,0002012964,2025-09-18T06:05:34.656748429Z
AAME,Atlantic American Corp,stocks,us,XNAS,CS,True,usd,0000008177,BBG000B9XB24,BBG001S5N8T1,2025-09-18T06:05:34.656748509Z
AAMI,Acadian Asset Management Inc.,stocks,us,XNYS,CS,True,usd,0001748824,BBG00P2HLNY3,BBG00P2HLNZ2,2025-09-18T06:05:34.656748589Z
AAOI,"Applied Optoelectronics, Inc.",stocks,us,XNAS,CS,True,usd,0001158114,BBG000D6VW15,BBG001SG47G4,2025-09-18T06:05:34.65674867Z
AAON,Aaon Inc,stocks,us,XNAS,CS,True,usd,0000824142,BBG000C2LZP3,BBG001S6CZK0,2025-09-18T06:05:34.65674904Z
AAP,ADVANCE AUTO PARTS INC,stocks,us,XNYS,CS,True,usd,0001158449,BBG000F7RCJ1,BBG001SD2SB2,2025-09-18T06:05:34.65674913Z
AAPB,GraniteShares ETF Trust GraniteShares 2x Long AAPL Daily ETF,stocks,us,XNAS,ETF,True,usd,0001689873,BBG0193F21N2,BBG0193F22H7,2025-09-18T06:05:34.656749251Z
AAPD,Direxion Daily AAPL Bear 1X Shares,stocks,us,XNAS,ETF,True,usd,BBG0193YGJ57,BBG0193YGK09,2025-09-18T06:05:34.656749341Z
AAPG,Ascentage Pharma Group International American Depository Shares,stocks,us,XNAS,ADRC,True,usd,0002023311,BBG01RJXM9C9,BBG01RJXMB89,2025-09-18T06:05:34.656749421Z
AAPL,Apple Inc.,stocks,us,XNAS,CS,True,usd,0000320193,BBG000B9XRY4,BBG001S5N8V8,2025-09-18T06:05:34.656749501Z
AAPR,Innovator Equity Defined Protection ETF - 2 Yr to April 2026,stocks,us,BATS,ETF,True,usd,0001415726,BBG01M698CQ1,BBG01M698DK5,2025-09-18T06:05:34.656749581Z
AAPU,Direxion Shares ETF Trust Direxion Daily AAPL Bull 2X Shares,stocks,us,XNAS,ETF,True,usd,BBG0193YBZ92,BBG0193YC043,2025-09-18T06:05:34.656749661Z
AAPW,Roundhill AAPL WeeklyPay ETF,stocks,us,BATS,ETF,True,usd,BBG01SCFVRC3,BBG01SCFVS86,2025-09-18T06:05:34.656749812Z
AAPX,T-Rex 2X Long Apple Daily Target ETF,stocks,us,BATS,ETF,True,usd,BBG01KY72SD3,BBG01KY72T78,2025-09-18T06:05:34.656749892Z
AAPY,Kurv Yield Premium Strategy Apple (AAPL) ETF,stocks,us,BATS,ETF,True,usd,0001848758,BBG01QY0GMH9,BBG01QY0GNH7,2025-09-18T06:05:34.656749972Z
AARD,"Aardvark Therapeutics, Inc. Common Stock",stocks,us,XNAS,CS,True,usd,0001774857,BBG01223DLB2,BBG01223DLC1,2025-09-18T06:05:34.656750052Z
AAT,"AMERICAN ASSETS TRUST, INC.",stocks,us,XNYS,CS,True,usd,0001500217,BBG00161BCR0,BBG001TCBJS5,2025-09-18T06:05:34.656750152Z
AAUC,Allied Gold Corporation,stocks,us,XNYS,CS,True,usd,0001993344,BBG01K0WWT59,BBG01J3PPZ58,2025-09-18T06:05:34.656750243Z
AAUS,Alpha Architect US Equity ETF,stocks,us,XNAS,ETF,True,usd,BBG01W26H9C1,BBG01W26HBL6,2025-09-18T06:05:34.656750323Z
AAVM,EA Series Trust Alpha Architect Global Factor Equity ETF,stocks,us,XNAS,ETF,True,usd,BBG00GM1DQV1,BBG00GM1DRK1,2025-09-18T06:05:34.656750403Z
AAXJ,iShares MSCI All Country Asia ex Japan ETF,stocks,us,XNAS,ETF,True,usd,0001100663,BBG000G6GXC5,BBG001T2V2D8,2025-09-18T06:05:34.656750663Z
AB,"AllianceBernstein Holding, L.P.",stocks,us,XNYS,CS,True,usd,0000825313,BBG000B9WM03,BBG001S5N9S0,2025-09-18T06:05:34.656750733Z
ABAT,American Battery Technology Company Common Stock,stocks,us,XNAS,CS,True,usd,0001576873,BBG004M1KJN5,BBG004M1KJP3,2025-09-18T06:05:34.656750864Z
ABBV,ABBVIE INC.,stocks,us,XNYS,CS,True,usd,0001551152,BBG0025Y4RY4,BBG0025Y4RZ3,2025-09-18T06:05:34.656750944Z
ABCB,Ameris Bancorp,stocks,us,XNYS,CS,True,usd,0000351569,BBG000CDY3H5,BBG001S80PX7,2025-09-18T06:05:34.656751024Z
ABCL,AbCellera Biologics Inc. Common Shares,stocks,us,XNAS,CS,True,usd,0001703057,BBG00LLW2MF2,BBG00LLW2MH0,2025-09-18T06:05:34.656751114Z
ABCS,Alpha Blue Capital US Small-Mid Cap Dynamic ETF,stocks,us,XNAS,ETF,True,usd,BBG01KMFQRF2,BBG01KMFQS88,2025-09-18T06:05:34.656751194Z
ABEO,Abeona Therapeutics Inc. Common Stock,stocks,us,XNAS,CS,True,usd,0000318306,BBG000DT5D52,BBG001S8T7K0,2025-09-18T06:05:34.656751275Z
ABEQ,Absolute Select Value ETF,stocks,us,ARCX,ETF,True,usd,0001199046,BBG00RHHGQY2,BBG00RHHGRP0,2025-09-18T06:05:34.656751355Z
ABEV,AMBEV S.A.,stocks,us,XNYS,ADRC,True,usd,0001565025,BBG000BN5VZ4,BBG005KLVT74,2025-09-18T06:05:34.656751435Z
ABFL,Abacus FCF Leaders ETF,stocks,us,BATS,ETF,True,usd,BBG00DW3P010,BBG00DW3P029,2025-09-18T06:05:34.656751515Z
ABG,"Asbury Automotive Group, Inc.",stocks,us,XNYS,CS,True,usd,0001144980,BBG000BKDWB5,BBG001S9B5H5,2025-09-18T06:05:34.656751595Z
ABI,VictoryShares Pioneer Asset-Based Income ETF,stocks,us,XNAS,ETF,True,usd,BBG01VCKWDB6,BBG01VCKWFN8,2025-09-18T06:05:34.656751675Z
ABIG,Argent Large Cap ETF,stocks,us,XNAS,ETF,True,usd,BBG01TCJ3701,BBG01TCJ37Z3,2025-09-18T06:05:34.656751755Z
ABL,"Abacus Global Management, Inc. Class A Common Stock",stocks,us,XNAS,CS,True,usd,0001814287,BBG00VY1KB95,BBG00VY1KBC1,2025-09-18T06:05:34.656751836Z
ABLD,Abacus FCF Real Assets Leaders ETF,stocks,us,BATS,ETF,True,usd,BBG0141PBK24,BBG0141PBL04,2025-09-18T06:05:34.656751916Z
ABLG,Abacus FCF International Leaders ETF,stocks,us,BATS,ETF,True,usd,BBG00H1J5D96,BBG00H1J5FN5,2025-09-18T06:05:34.656752427Z
ABLLL,"Abacus Global Management, Inc. 9.875% Fixed Rate Senior Notes due 2028",stocks,us,XNAS,CS,True,usd,0001814287,2025-09-18T06:05:34.656752507Z
ABLS,Abacus FCF Small Cap Leaders ETF,stocks,us,BATS,ETF,True,usd,BBG01SCGBTV8,BBG01SCGBVT6,2025-09-18T06:05:34.656752677Z
ABLV,Able View Global Inc. Class B Ordinary Shares,stocks,us,XNAS,CS,True,usd,0001957489,2025-09-18T06:05:34.656752757Z
ABLVW,Able View Global Inc. Warrant,stocks,us,XNAS,WARRANT,True,usd,0001957489,2025-09-18T06:05:34.656752848Z
ABM,"ABM Industries, Inc.",stocks,us,XNYS,CS,True,usd,0000771497,BBG000B9YYH7,BBG001S5N9B8,2025-09-18T06:05:34.656752928Z
ABNB,"Airbnb, Inc. Class A Common Stock",stocks,us,XNAS,CS,True,usd,0001559720,BBG001Y2XS07,BBG001Y2XS16,2025-09-18T06:05:34.656753008Z
ABNY,YieldMax ABNB Option Income Strategy ETF,stocks,us,ARCX,ETS,True,usd,BBG01JHFMD75,BBG01JHFMF34,2025-09-18T06:05:34.656753088Z
ABOS,"Acumen Pharmaceuticals, Inc. Common Stock",stocks,us,XNAS,CS,True,usd,0001576885,BBG0058YJ317,BBG0058YJ326,2025-09-18T06:05:34.656753178Z
ABOT,Abacus FCF Innovation Leaders ETF,stocks,us,BATS,ETF,True,usd,BBG00YC69CJ2,BBG00YC69DC7,2025-09-18T06:05:34.656753258Z
ABP,"Abpro Holdings, Inc Common Stock",stocks,us,XNAS,CS,True,usd,0001893219,BBG013X0S7F3,BBG013X0S889,2025-09-18T06:05:34.656753338Z
ABPWW,"Abpro Holdings, Inc. Warrant",stocks,us,XNAS,WARRANT,True,usd,BBG0142NHSW2,2025-09-18T06:05:34.656753559Z
ABR,"Arbor Realty Trust, Inc.",stocks,us,XNYS,CS,True,usd,0001253986,BBG000KMVDV1,BBG001SJP3G4,2025-09-18T06:05:34.656753649Z
ABRpD,"Arbor Realty Trust, Inc. 6.375% Series D Cumulative Redeemable Preferred Stock, Liquidation Preference $25.00 per Share",stocks,us,XNYS,PFD,True,usd,0001253986,2025-09-18T06:05:34.656753729Z
ABRpE,"Arbor Realty Trust, Inc. 6.25% Series E Cumulative Redeemable Preferred Stock",stocks,us,XNYS,PFD,True,usd,0001253986,2025-09-18T06:05:34.656753809Z
ABRpF,"Arbor Realty Trust, Inc. 6.25% Series F Fixed-to-Floating Rate Cumulative Redeemable Preferred Stock, Liquidation Preference $25.00 per share",stocks,us,XNYS,PFD,True,usd,0001253986,2025-09-18T06:05:34.656753889Z
ABSI,Absci Corporation Common Stock,stocks,us,XNAS,CS,True,usd,0001672688,BBG011N54CJ8,BBG011N54DC3,2025-09-18T06:05:34.65675412Z
ABT,Abbott Laboratories,stocks,us,XNYS,CS,True,usd,0000001800,BBG000B9ZXB4,BBG001S5N9M6,2025-09-18T06:05:34.6567542Z
ABTC,American Bitcoin Corp. Class A Common Stock,stocks,us,XNAS,CS,True,usd,0001755953,BBG00MS8GZP1,BBG00MS8GZQ0,2025-09-18T06:05:34.65675431Z
ABTS,Abits Group Inc Ordinary Shares,stocks,us,XNAS,CS,True,usd,0001864055,2025-09-18T06:05:34.65675439Z
ABUS,Arbutus Biopharma Corporation Common Stock,stocks,us,XNAS,CS,True,usd,0001447028,BBG000RR8V85,BBG001S6RSK0,2025-09-18T06:05:34.656754471Z
ABVC,"ABVC BioPharma, Inc. Common Stock",stocks,us,XNAS,CS,True,usd,0001173313,BBG000Q844Z2,BBG001SMCS49,2025-09-18T06:05:34.656754551Z
ABVE,Above Food Ingredients Inc. Common Stock,stocks,us,XNAS,CS,True,usd,0001979484,BBG01NGG37N1,BBG01NGG37P9,2025-09-18T06:05:34.656754631Z
ABVEW,Above Food Ingredients Inc. Warrants,stocks,us,XNAS,WARRANT,True,usd,0001979484,BBG01NKYQFV5,2025-09-18T06:05:34.656754711Z
ABVX,Abivax SA American Depositary Shares,stocks,us,XNAS,ADRC,True,usd,0001956827,BBG01JLQNZ03,BBG01JLQNZV9,2025-09-18T06:05:34.656754791Z
ABXB,Abacus Flexible Bond Leaders ETF,stocks,us,BATS,ETF,True,usd,BBG00YC5ZT62,BBG00YC5ZV49,2025-09-18T06:05:34.656754881Z
ACA,"Arcosa, Inc. Common Stock",stocks,us,XNYS,CS,True,usd,0001739445,BBG00JGMWFM9,BBG00JGMWGB9,2025-09-18T06:05:34.656754982Z
ACAD,Acadia Pharmaceuticals Inc.,stocks,us,XNAS,CS,True,usd,0001070494,BBG000BHG9K0,BBG001SB06N3,2025-09-18T06:05:34.656755062Z
ACB,Aurora Cannabis Inc. Common Shares,stocks,us,XNAS,CS,True,usd,0001683541,BBG006SCSYG7,BBG001SV77D1,2025-09-18T06:05:34.656755132Z
ACCO,Acco Brands Corporation,stocks,us,XNYS,CS,True,usd,0000712034,BBG000J06K07,BBG001SPBTK3,2025-09-18T06:05:34.656755222Z
ACCS,ACCESS Newswire Inc.,stocks,us,XASE,CS,True,usd,0000843006,BBG000C1CK87,BBG001S67C09,2025-09-18T06:05:34.656755302Z
ACDC,ProFrac Holding Corp. Class A Common Stock,stocks,us,XNAS,CS,True,usd,0001881487,BBG013PRYPJ2,BBG013PRYQC7,2025-09-18T06:05:34.656755382Z
ACEL,"Accel Entertainment, Inc.",stocks,us,XNYS,CS,True,usd,0001698991,BBG00GX221W3,BBG00GX221Z0,2025-09-18T06:05:34.656755723Z
ACES,ALPS Clean Energy ETF,stocks,us,ARCX,ETF,True,usd,0001414040,BBG00L99FCT0,BBG00L99FDK7,2025-09-18T06:05:34.656755803Z
ACET,"Adicet Bio, Inc. Common Stock",stocks,us,XNAS,CS,True,usd,0001720580,BBG00JCXSJP3,BBG00JCXSJQ2,2025-09-18T06:05:34.656755933Z
ACFN,"Acorn Energy, Inc. Common Stock",stocks,us,XNAS,CS,True,usd,0000880984,BBG000CMY866,BBG001S6ZZ25,2025-09-18T06:05:34.656756014Z
ACGL,Arch Capital Group Ltd,stocks,us,XNAS,CS,True,usd,0000947484,2025-09-18T06:05:34.656756094Z
ACGLN,"Arch Capital Group Ltd. Depositary Shares, each Representing a 1/1,000th Interest in a 4.550% Non-Cumulative Preferred Share, Series G",stocks,us,XNAS,CS,True,usd,0000947484,2025-09-18T06:05:34.656756174Z
ACGLO,"Arch Capital Group Ltd. Depositary Shares Each Representing 1/1,000th Interest in a Share of 5.45% Non-Cumulative Preferred Shares, Series F",stocks,us,XNAS,PFD,True,usd,0000947484,2025-09-18T06:05:34.656756254Z
ACGR,American Century Large Cap Growth ETF,stocks,us,ARCX,ETF,True,usd,0001481714,BBG011MFL031,BBG011MFL0Y7,2025-09-18T06:05:34.656756344Z
ACHC,"Acadia Healthcare Company, Inc.",stocks,us,XNAS,CS,True,usd,0001520697,BBG000FPNN38,BBG001SNNWL7,2025-09-18T06:05:34.656756424Z
ACHR,Archer Aviation Inc.,stocks,us,XNYS,CS,True,usd,0001824502,BBG00XRTC910,BBG00XRTC929,2025-09-18T06:05:34.656756504Z
ACHR.WS,"Archer Aviation Inc. Redeemable Warrants, each whole warrant exercisable for one Class A common stock at an exercise price of $11.50",stocks,us,XNYS,WARRANT,True,usd,0001824502,BBG00YGCV1N9,2025-09-18T06:05:34.656756585Z
ACHV,"Achieve Life Sciences, Inc.",stocks,us,XNAS,CS,True,usd,0000949858,BBG000FB8S62,BBG001S8JF14,2025-09-18T06:05:34.656756685Z
ACI,"Albertsons Companies, Inc.",stocks,us,XNYS,CS,True,usd,0001646972,BBG009KG1750,BBG009KG1741,2025-09-18T06:05:34.656756765Z
ACIC,American Coastal Insurance Corporation Common Stock,stocks,us,XNAS,CS,True,usd,0001401521,BBG000TKFJQ7,BBG001T09W05,2025-09-18T06:05:34.656756845Z
ACIO,Aptus Collared Investment Opportunity ETF,stocks,us,BATS,ETF,True,usd,0001539639,BBG00PNSDFF3,BBG00PNSDG52,2025-09-18T06:05:34.656756925Z
ACIU,AC Immune SA,stocks,us,XNAS,CS,True,usd,0001651625,2025-09-18T06:05:34.656757005Z
ACIW,"ACI Worldwide, Inc.",stocks,us,XNAS,CS,True,usd,0000935036,BBG000PMBV39,BBG001S9KLL5,2025-09-18T06:05:34.656757386Z
ACKY,VistaShares Target 15 ACKtivist Distribution ETF,stocks,us,ARCX,ETF,True,usd,0001722388,BBG01WHYZLL7,BBG01WHYZMG1,2025-09-18T06:05:34.656757466Z
ACLC,American Century Large Cap Equity ETF,stocks,us,ARCX,ETF,True,usd,0001481714,BBG00W0JV9Q5,BBG00W0JVBH0,2025-09-18T06:05:34.656757597Z
ACLO,TCW AAA CLO ETF,stocks,us,XNYS,ETF,True,usd,0001831313,BBG01QPVFLN7,BBG01QPVFMJ0,2025-09-18T06:05:34.656757677Z
ACLS,Axcelis Technologies Inc,stocks,us,XNAS,CS,True,usd,0001113232,BBG000DW34S2,BBG001SF8W86,2025-09-18T06:05:34.656757827Z
ACLX,"Arcellx, Inc. Common Stock",stocks,us,XNAS,CS,True,usd,0001786205,BBG00QHJM4S9,BBG00QHJM4W4,2025-09-18T06:05:34.656757907Z
ACM,Aecom,stocks,us,XNYS,CS,True,usd,0000868857,BBG000F61RJ8,BBG001SKTTF1,2025-09-18T06:05:34.656757977Z
ACMR,"ACM Research, Inc. Class A Common Stock",stocks,us,XNAS,CS,True,usd,0001680062,BBG00HPSG933,BBG00HPSG942,2025-09-18T06:05:34.656758057Z
ACN,Accenture PLC,stocks,us,XNYS,CS,True,usd,0001467373,2025-09-18T06:05:34.656758138Z
ACNB,ACNB Corp,stocks,us,XNAS,CS,True,usd,0000715579,BBG000BJ2LY9,BBG001S6CVZ3,2025-09-18T06:05:34.656758218Z
ACNT,Ascent Industries Co. Common Stock,stocks,us,XNAS,CS,True,usd,0000095953,BBG000CLRHW7,BBG001S6Z1R3,2025-09-18T06:05:34.656758298Z
ACOG,Alpha Cognition Inc. Common Stock,stocks,us,XNAS,CS,True,usd,0001655923,BBG011CJPRD0,BBG00L7TXNM1,2025-09-18T06:05:34.656758378Z
ACON,"Aclarion, Inc. Common Stock",stocks,us,XNAS,CS,True,usd,0001635077,BBG014FBN4K3,BBG014FBN5N7,2025-09-18T06:05:34.656758458Z
ACONW,"Aclarion, Inc. Warrant",stocks,us,XNAS,WARRANT,True,usd,0001635077,BBG016Z2HS66,2025-09-18T06:05:34.656758548Z
ACP,abrdn Income Credit Strategies Fund,stocks,us,XNYS,FUND,True,usd,0001503290,BBG0017VSC04,BBG001TCSLH4,2025-09-18T06:05:34.656758629Z
ACPpA,abrdn Income Credit Strategies Fund  5.250% Series A Perpetual Preferred Stock,stocks,us,XNYS,PFD,True,usd,0001503290,2025-09-18T06:05:34.656758709Z
ACR,ACRES Commercial Realty Corp.,stocks,us,XNYS,CS,True,usd,0001332551,BBG000HK4RX6,BBG001SP6Y91,2025-09-18T06:05:34.656758939Z
ACRE,Ares Commercial Real Estate Corporation,stocks,us,XNYS,CS,True,usd,0001529377,BBG0022MMQB0,BBG0022MMR46,2025-09-18T06:05:34.656759019Z
ACRS,"Aclaris Therapeutics, Inc.",stocks,us,XNAS,CS,True,usd,0001557746,BBG003LF0QR9,BBG003LF0QS8,2025-09-18T06:05:34.65675921Z
ACRV,"Acrivon Therapeutics, Inc. Common Stock",stocks,us,XNAS,CS,True,usd,0001781174,BBG011RWR2Q4,BBG011RWR2R3,2025-09-18T06:05:34.65675942Z
ACRpC,"ACRES Commercial Realty Corp. 8.625% Fixed-to-Floating Series C Cumulative Redeemable Preferred Stock, par value $0.001 per share",stocks,us,XNYS,PFD,True,usd,0001332551,2025-09-18T06:05:34.65675963Z
ACRpD,ACRES Commercial Realty Corp. 7.875% Series D Cumulative Redeemable Preferred Stock,stocks,us,XNYS,PFD,True,usd,0001332551,2025-09-18T06:05:34.656759711Z
ACSI,American Customer Satisfaction ETF,stocks,us,BATS,ETF,True,usd,0001387131,BBG00F40VFY6,BBG00F40VGP4,2025-09-18T06:05:34.656759891Z
ACT,"Enact Holdings, Inc. Common Stock",stocks,us,XNAS,CS,True,usd,0001823529,BBG00WSNP4R3,BBG00WSNP4S2,2025-09-18T06:05:34.656759971Z
ACTG,Acacia Research Corporation,stocks,us,XNAS,CS,True,usd,0000934549,BBG000KF9J02,BBG001SJLJT9,2025-09-18T06:05:34.656760171Z
ACTU,"Actuate Therapeutics, Inc. Common stock",stocks,us,XNAS,CS,True,usd,0001652935,BBG00NK7LK03,BBG00NK7LK12,2025-09-18T06:05:34.656760262Z
ACTV,LeaderShares Activist Leaders ETF,stocks,us,ARCX,ETF,True,usd,0001552947,BBG00Y002P42,BBG00Y002QG7,2025-09-18T06:05:34.656760382Z
ACU,Acme United Corporation,stocks,us,XASE,CS,True,usd,0000002098,BBG000BB3LM8,BBG001S5NCC0,2025-09-18T06:05:34.656760462Z
ACV,Virtus Diversified Income & Convertible Fund,stocks,us,XNYS,FUND,True,usd,0001636289,BBG008HMBD22,BBG008HMBD31,2025-09-18T06:05:34.656760542Z
ACVA,ACV Auctions Inc.,stocks,us,XNYS,CS,True,usd,0001637873,BBG00G5JGQ66,BBG00G5JGQ75,2025-09-18T06:05:34.656760622Z
ACVF,American Conservative Values ETF,stocks,us,ARCX,ETF,True,usd,BBG00Y04Q9T7,BBG00Y04QBN8,2025-09-18T06:05:34.656760702Z
ACVT,Advent Convertible Bond ETF,stocks,us,ARCX,ETF,True,usd,BBG01TQ0YGP6,BBG01TQ0YHK9,2025-09-18T06:05:34.656760793Z
ACWI,iShares MSCI ACWI ETF,stocks,us,XNAS,ETF,True,usd,0001100663,BBG000TH6VB3,BBG001S56QV7,2025-09-18T06:05:34.656760993Z
ACWV,iShares MSCI Global Min Vol Factor ETF,stocks,us,BATS,ETF,True,usd,0001100663,BBG0025X38X0,BBG0025X39Q6,2025-09-18T06:05:34.656761073Z
ACWX,iShares MSCI ACWI ex US ETF,stocks,us,XNAS,ETF,True,usd,0001100663,BBG000TH7DF8,BBG001S56R18,2025-09-18T06:05:34.656761314Z
ACXP,"Acurx Pharmaceuticals, Inc. Common Stock",stocks,us,XNAS,CS,True,usd,0001736243,BBG01184DNJ4,BBG01184DNK2,2025-09-18T06:05:34.656761404Z
AD,"Array Digital Infrastructure, Inc.",stocks,us,XNYS,CS,True,usd,0000821130,BBG000BW6P59,BBG001S5X446,2025-09-18T06:05:34.656761484Z
ADAG,Adagene Inc. American Depositary Shares,stocks,us,XNAS,ADRC,True,usd,0001818838,BBG00YZ6BYJ6,BBG00YZ6BZC0,2025-09-18T06:05:34.656761564Z
ADAM,"Adamas Trust, Inc. Common Stock",stocks,us,XNAS,CS,True,usd,0001273685,BBG000GZ8014,BBG001SHHBR7,2025-09-18T06:05:34.656761644Z
ADAMG,"Adamas Trust, Inc. 9.125% Senior Notes Due 2030",stocks,us,XNAS,CS,True,usd,0001273685,2025-09-18T06:05:34.656761724Z
ADAMH,"Adamas Trust, Inc. 9.875% Senior Notes Due 2030",stocks,us,XNAS,CS,True,usd,0001273685,2025-09-18T06:05:34.656761805Z
ADAMI,"Adamas Trust, Inc. 9.125% Senior Notes Due 2029",stocks,us,XNAS,CS,True,usd,0001273685,2025-09-18T06:05:34.656761885Z
ADAML,"Adamas Trust, Inc. 6.875% Series F Fixed-to-Floating Rate Cumulative Redeemable Preferred Stock, $0.01 par value per share",stocks,us,XNAS,CS,True,usd,0001273685,2025-09-18T06:05:34.656761965Z
ADAMM,"Adamas Trust, Inc. 7.875% Series E Fixed-to-Floating Rate Cumulative Redeemable Preferred Stock",stocks,us,XNAS,PFD,True,usd,0001273685,2025-09-18T06:05:34.656762045Z
ADAMN,"Adamas Trust, Inc. 8.00% Series D Fixed-to-Floating Rate Cumulative Redeemable Preferred Stock",stocks,us,XNAS,PFD,True,usd,0001273685,2025-09-18T06:05:34.656762125Z
ADAMZ,"Adamas Trust, Inc. 7.000% Series G Cumulative Redeemable Preferred Stock, $0.01 par value per share",stocks,us,XNAS,CS,True,usd,0001273685,2025-09-18T06:05:34.656762205Z
ADAP,Adaptimmune Therapeutics plc American Depositary Shares,stocks,us,XNAS,ADRC,True,usd,0001621227,BBG008G65WC2,BBG008G65WD1,2025-09-18T06:05:34.656762286Z
ADBE,Adobe Inc.,stocks,us,XNAS,CS,True,usd,0000796343,BBG000BB5006,BBG001S5NCQ5,2025-09-18T06:05:34.656762366Z
ADBG,Leverage Shares 2X Long ADBE Daily ETF,stocks,us,XNAS,ETF,True,usd,0001976322,BBG01SWP6HM8,BBG01SWP6JH0,2025-09-18T06:05:34.656762596Z
ADC,Agree Realty Corporation,stocks,us,XNYS,CS,True,usd,0000917251,BBG000BC9DK0,BBG001S6RY81,2025-09-18T06:05:34.656762676Z
ADCT,ADC Therapeutics SA,stocks,us,XNYS,CS,True,usd,0001771910,2025-09-18T06:05:34.656762776Z
ADCpA,"Agree Realty Corporation Depositary Shares, each representing 1/1,000th of a 4.250% Series A Cumulative Redeemable Preferred Stock",stocks,us,XNYS,PFD,True,usd,0000917251,2025-09-18T06:05:34.656762887Z
ADEA,Adeia Inc. Common Stock,stocks,us,XNAS,CS,True,usd,0001803696,BBG00RBFBL50,BBG00RBFBL78,2025-09-18T06:05:34.656762967Z
ADFI,Anfield Dynamic Fixed Income ETF,stocks,us,BATS,ETF,True,usd,0001552947,BBG00WRFGTJ5,BBG00WRFGV91,2025-09-18T06:05:34.656763037Z
ADGM,"Adagio Medical Holdings, Inc Common Stock",stocks,us,XNAS,CS,True,usd,0002006986,BBG01P202S42,BBG01P202S60,2025-09-18T06:05:34.656763127Z
ADI,"Analog Devices, Inc.",stocks,us,XNAS,CS,True,usd,0000006281,BBG000BB6G37,BBG001S5ND38,2025-09-18T06:05:34.656763207Z
ADIL,"Adial Pharmaceuticals, Inc",stocks,us,XNAS,CS,True,usd,0001513525,BBG00HNGDTR4,BBG00HNGDTS3,2025-09-18T06:05:34.656763388Z
ADIV,SmartETFs Asia Pacific Dividend Builder ETF,stocks,us,ARCX,ETF,True,usd,BBG00ZV17TH6,BBG00ZV17VD5,2025-09-18T06:05:34.656763478Z
ADM,Archer Daniels Midland Company,stocks,us,XNYS,CS,True,usd,0000007084,BBG000BB6WG8,BBG001S5ND74,2025-09-18T06:05:34.656763648Z
ADMA,"ADMA Biologics, Inc.",stocks,us,XNAS,CS,True,usd,0001368514,BBG002NCK5M5,BBG002NCK5N4,2025-09-18T06:05:34.656763718Z
ADME,Aptus Behavioral Momentum ETF,stocks,us,BATS,ETF,True,usd,0001539639,BBG00D20HG22,BBG00D20HG31,2025-09-18T06:05:34.656763798Z
ADN,"Advent Technologies Holdings, Inc. Class A Common Stock",stocks,us,XNAS,CS,True,usd,0001744494,BBG00MDV8X34,BBG00MDV8XV3,2025-09-18T06:05:34.656763889Z
ADNT,Adient plc Ordinary Shares,stocks,us,XNYS,CS,True,usd,0001670541,2025-09-18T06:05:34.656764139Z
ADNWW,"Advent Technologies Holdings, Inc. Warrant",stocks,us,XNAS,WARRANT,True,usd,0001744494,BBG00MVVPD93,2025-09-18T06:05:34.656764219Z
ADP,Automatic Data Processing,stocks,us,XNAS,CS,True,usd,0000008670,BBG000JG0547,BBG001S82KF6,2025-09-18T06:05:34.65676456Z
ADPT,Adaptive Biotechnologies Corporation Common Stock,stocks,us,XNAS,CS,True,usd,0001478320,BBG001J2PFF5,BBG001V0GG18,2025-09-18T06:05:34.65676464Z
ADPV,Adaptiv Select ETF,stocks,us,ARCX,ETF,True,usd,BBG01BBJQ2C4,BBG01BBJQ3B3,2025-09-18T06:05:34.65676476Z
ADSE,ADS-TEC ENERGY PLC Ordinary Shares,stocks,us,XNAS,CS,True,usd,0001879248,2025-09-18T06:05:34.65676485Z
ADSEW,ADS-TEC ENERGY PLC Warrant,stocks,us,XNAS,WARRANT,True,usd,0001879248,2025-09-18T06:05:34.656764931Z
ADSK,Autodesk Inc,stocks,us,XNAS,CS,True,usd,0000769397,BBG000BM7HL0,BBG001S5SCD4,2025-09-18T06:05:34.656765011Z
ADT,ADT Inc.,stocks,us,XNYS,CS,True,usd,0001703056,BBG000BP9WJ1,BBG001S6VGG6,2025-09-18T06:05:34.656765091Z
ADTN,"ADTRAN Holdings, Inc. Common Stock",stocks,us,XNAS,CS,True,usd,0000926282,BBG0169CH7X9,BBG0169CH7Y8,2025-09-18T06:05:34.656765191Z
ADTX,"Aditxt, Inc. Common Stock",stocks,us,XNAS,CS,True,usd,0001726711,BBG00RDV1WS5,BBG00RDV1WT4,2025-09-18T06:05:34.656765271Z
ADUR,Aduro Clean Technologies Inc. Common Stock,stocks,us,XNAS,CS,True,usd,0001863934,BBG011F62496,BBG00N9ZZX01,2025-09-18T06:05:34.656765351Z
ADUS,Addus HomeCare Corp.,stocks,us,XNAS,CS,True,usd,0001468328,BBG000NJGX84,BBG001T56D18,2025-09-18T06:05:34.656765432Z
ADV,Advantage Solutions Inc. Class A Common Stock,stocks,us,XNAS,CS,True,usd,0001776661,BBG00PPWZ8C7,BBG00PPWZ8G3,2025-09-18T06:05:34.656765512Z
ADVB,Advanced Biomed Inc. Common Stock,stocks,us,XNAS,CS,True,usd,0001941029,BBG01HW4B3M4,BBG01HW4B3N3,2025-09-18T06:05:34.656765672Z
ADVE,Matthews Asia Dividend Active ETF,stocks,us,ARCX,ETF,True,usd,BBG01JFHH825,BBG01JFHH923,2025-09-18T06:05:34.656765752Z
ADVM,"Adverum Biotechnologies, Inc. Common Stock",stocks,us,XNAS,CS,True,usd,0001501756,BBG006D9MR17,BBG006D9MR26,2025-09-18T06:05:34.656765832Z
ADVWW,Advantage Solutions Inc. Warrant,stocks,us,XNAS,WARRANT,True,usd,0001776661,BBG00Q6CTMG2,2025-09-18T06:05:34.656765912Z
ADX,"Adams Diversified Equity Fund, Inc",stocks,us,XNYS,FUND,True,usd,0000002230,BBG000BB8MR6,BBG001S5NDV7,2025-09-18T06:05:34.656766143Z
ADXN,Addex Therapeutics Ltd American Depositary Shares,stocks,us,XNAS,ADRC,True,usd,0001574232,BBG00R48ST95,BBG00R48SV18,2025-09-18T06:05:34.656766223Z
AEBI,Aebi Schmidt Holding AG Common Stock,stocks,us,XNAS,CS,True,usd,0002048519,2025-09-18T06:05:34.656766393Z
AEE,Ameren Corporation,stocks,us,XNYS,CS,True,usd,0001002910,BBG000B9X8C0,BBG001S5NF24,2025-09-18T06:05:34.656766473Z
AEF,"abrdn Emerging Markets ex-China Fund, Inc.",stocks,us,XASE,FUND,True,usd,0000846676,BBG000BGWCV5,BBG001S5QCR1,2025-09-18T06:05:34.656766564Z
AEFC,Aegon Funding Company LLC 5.10% Subordinated Notes due 2049,stocks,us,XNYS,SP,True,usd,0000769218,2025-09-18T06:05:34.656766644Z
AEG,Aegon Ltd.,stocks,us,XNYS,CS,True,usd,0000769218,BBG000CKQSN6,BBG001S6Y6M8,2025-09-18T06:05:34.656766724Z
AEHL,Antelope Enterprise Holdings Limited Class A Ordinary Shares,stocks,us,XNAS,CS,True,usd,0001470683,2025-09-18T06:05:34.656766804Z
AEHR,Aehr Test Systems,stocks,us,XNAS,CS,True,usd,0001040470,BBG000BWM083,BBG001SB1CS4,2025-09-18T06:05:34.656766884Z
AEI,Alset Inc. Common Stock (TX),stocks,us,XNAS,CS,True,usd,0001750106,BBG000PZLNH2,BBG001SRKK73,2025-09-18T06:05:34.656766974Z
AEIS,Advanced Energy Industries Inc,stocks,us,XNAS,CS,True,usd,0000927003,BBG000FKMP26,BBG001S8L5Z6,2025-09-18T06:05:34.656767045Z
AEM,Agnico Eagle Mines Ltd.,stocks,us,XNYS,CS,True,usd,0000002809,BBG000DLVDK3,BBG001S77MK3,2025-09-18T06:05:34.656767125Z
AEMD,AETHLON MEDICAL INC,stocks,us,XNAS,CS,True,usd,0000882291,BBG000L78XT8,BBG001SDDHJ6,2025-09-18T06:05:34.656767205Z
AEMS,Anfield Enhanced Market ETF,stocks,us,BATS,ETF,True,usd,0001552947,BBG01VRP0J30,BBG01VRP0K28,2025-09-18T06:05:34.656767295Z
AENT,Alliance Entertainment Holding Corporation Class A Common Stock,stocks,us,XNAS,CS,True,usd,0001823584,BBG00YB0X2R2,BBG00YB0X2S1,2025-09-18T06:05:34.656767375Z
AENTW,Alliance Entertainment Holding Corporation Warrants,stocks,us,XNAS,WARRANT,True,usd,0001823584,BBG00ZS05J95,2025-09-18T06:05:34.656767455Z
AEO,American Eagle Outfitters,stocks,us,XNYS,CS,True,usd,0000919012,BBG000BGXZB5,BBG001S7Q949,2025-09-18T06:05:34.656767686Z
AEON,"AEON Biopharma, Inc.",stocks,us,XASE,CS,True,usd,0001837607,BBG00Z17HDW3,BBG00Z17HFQ5,2025-09-18T06:05:34.656767766Z
AEP,"American Electric Power Company, Inc.",stocks,us,XNAS,CS,True,usd,0000004904,BBG000BB9KF2,BBG001S5NFD2,2025-09-18T06:05:34.656767906Z
AER,Aercap Holdings N.V.,stocks,us,XNYS,CS,True,usd,0001378789,2025-09-18T06:05:34.656767986Z
AERT,"Aeries Technology, Inc. Class A Ordinary Share",stocks,us,XNAS,CS,True,usd,0001853044,2025-09-18T06:05:34.656768067Z
AERTW,"Aeries Technology, Inc. Warrant",stocks,us,XNAS,WARRANT,True,usd,0001853044,2025-09-18T06:05:34.656768147Z
AES,AES Corporation,stocks,us,XNYS,CS,True,usd,0000874761,BBG000C23KJ3,BBG001S6B1L5,2025-09-18T06:05:34.656768237Z
AESI,Atlas Energy Solutions Inc.,stocks,us,XNYS,CS,True,usd,0001984060,BBG01JFZ96X4,BBG01JFZ96Y3,2025-09-18T06:05:34.656768317Z
AESR,Anfield U.S. Equity Sector Rotation ETF,stocks,us,BATS,ETF,True,usd,0001552947,BBG00R4084K6,BBG00R408596,2025-09-18T06:05:34.656768397Z
AETH,Bitwise Trendwise Ether and Treasuries Rotation Strategy ETF,stocks,us,ARCX,ETF,True,usd,BBG01JLGS0C4,BBG01JLGS178,2025-09-18T06:05:34.656768477Z
AEVA,"Aeva Technologies, Inc.",stocks,us,XNAS,CS,True,usd,0001789029,BBG00RK5L2N3,BBG00RK5L2P1,2025-09-18T06:05:34.656768567Z
AEVAW,"Aeva Technologies, Inc. Warrants",stocks,us,XNAS,WARRANT,True,usd,0001789029,BBG00RYQY3V7,2025-09-18T06:05:34.656768648Z
AEYE,"AudioEye, Inc. Common Stock",stocks,us,XNAS,CS,True,usd,0001362190,BBG002ZQLQB6,BBG002ZQLQC5,2025-09-18T06:05:34.656768728Z
AFB,"Alliance National Municipal Income Fund, Inc.",stocks,us,XNYS,FUND,True,usd,0001162027,BBG000DTM676,BBG001SK6452,2025-09-18T06:05:34.656768808Z
AFBI,"Affinity Bancshares, Inc. Common Stock (MD)",stocks,us,XNAS,CS,True,usd,0001823406,BBG00XH58W17,BBG00XH58WY1,2025-09-18T06:05:34.656768888Z
AFCG,Advanced Flower Capital Inc. Common Stock,stocks,us,XNAS,CS,True,usd,0001822523,BBG00YPSX4X5,BBG00YPSX5R9,2025-09-18T06:05:34.656768968Z
AFG,"American Financial Group, Inc.",stocks,us,XNYS,CS,True,usd,0001042046,BBG000DPKKK0,BBG001S8JK86,2025-09-18T06:05:34.656769189Z
AFGB,"American Financial Group, Inc. 5.875% Subordinated Debentures due 2059",stocks,us,XNYS,SP,True,usd,0001042046,2025-09-18T06:05:34.656769269Z
AFGC,"American Financial Group, Inc. 5.125% Subordinated Debentures due 2059",stocks,us,XNYS,SP,True,usd,0001042046,2025-09-18T06:05:34.656769429Z
AFGD,"American Financial Group, Inc. 5.625% Subordinated Debentures due 2060",stocks,us,XNYS,SP,True,usd,0001042046,2025-09-18T06:05:34.656769509Z
AFGE,"American Financial Group, Inc. 4.500% Subordinated Debentures due 2060",stocks,us,XNYS,SP,True,usd,0001042046,2025-09-18T06:05:34.656769589Z
AFIF,Anfield Universal Fixed Income ETF,stocks,us,BATS,ETF,True,usd,0001552947,BBG00LZQ9356,BBG00LZQ93Z3,2025-09-18T06:05:34.65676967Z
AFIX,Allspring Broad Market Core Bond ETF,stocks,us,ARCX,ETF,True,usd,BBG01QVK6KB9,BBG01QVK6L54,2025-09-18T06:05:34.65676978Z
AFJK,"Aimei Health Technology Co., Ltd Ordinary Share",stocks,us,XNAS,CS,True,usd,0001979005,2025-09-18T06:05:34.65676986Z
AFJKR,"Aimei Health Technology Co., Ltd Right",stocks,us,XNAS,RIGHT,True,usd,0001979005,2025-09-18T06:05:34.65676994Z
AFJKU,"Aimei Health Technology Co., Ltd Unit",stocks,us,XNAS,UNIT,True,usd,0001979005,2025-09-18T06:05:34.65677003Z
AFK,VanEck Africa Index ETF,stocks,us,ARCX,ETF,True,usd,0001137360,BBG000H0B9J8,BBG001T33P37,2025-09-18T06:05:34.65677011Z
AFL,Aflac Inc.,stocks,us,XNYS,CS,True,usd,0000004977,BBG000BBBNC6,BBG001S5NGJ4,2025-09-18T06:05:34.656770191Z
AFLG,First Trust Active Factor Large Cap ETF,stocks,us,ARCX,ETF,True,usd,0001667919,BBG00QZ0DQB9,BBG00QZ0DR27,2025-09-18T06:05:34.656770271Z
AFMC,First Trust Active Factor Mid Cap ETF,stocks,us,ARCX,ETF,True,usd,0001667919,BBG00QZ0GVP0,BBG00QZ0GWH7,2025-09-18T06:05:34.656770351Z
AFOS,ARS Focused Opportunity Strategy ETF,stocks,us,XNAS,ETF,True,usd,BBG01VPTD7B7,BBG01VPTD898,2025-09-18T06:05:34.656770431Z
AFRI,Forafric Global PLC Ordinary Shares,stocks,us,XNAS,CS,True,usd,0001903870,2025-09-18T06:05:34.656770511Z
AFRIW,Forafric Global PLC Warrants,stocks,us,XNAS,WARRANT,True,usd,0001903870,2025-09-18T06:05:34.656770772Z
AFRM,"Affirm Holdings, Inc. Class A Common Stock",stocks,us,XNAS,CS,True,usd,0001820953,BBG00Y7BP8Y1,BBG00Y7BP8Z0,2025-09-18T06:05:34.656770842Z
AFRU,T-REX 2X Long AFRM Daily Target ETF,stocks,us,BATS,ETF,True,usd,BBG01WW9WYK1,BBG01WW9WZK8,2025-09-18T06:05:34.656770962Z
AFSC,abrdn Focused U.S. Small Cap Active ETF,stocks,us,XNAS,ETF,True,usd,BBG01S68Z424,BBG01S68Z5J3,2025-09-18T06:05:34.656771042Z
AFSM,First Trust Active Factor Small Cap ETF,stocks,us,ARCX,ETF,True,usd,0001667919,BBG00QZ0H932,BBG00QZ0H9W0,2025-09-18T06:05:34.656771122Z
AFYA,Afya Limited Class A Common Shares,stocks,us,XNAS,CS,True,usd,0001771007,2025-09-18T06:05:34.656771203Z
AG,FIRST MAJESTIC SILVER CORP,stocks,us,XNYS,CS,True,usd,0001308648,BBG000CH7WB8,BBG001SGV444,2025-09-18T06:05:34.656771293Z
AGAE,Allied Gaming & Entertainment Inc. Common Stock,stocks,us,XNAS,CS,True,usd,0001708341,BBG00J2442Y1,BBG00J2443N1,2025-09-18T06:05:34.656771373Z
AGCO,AGCO Corporation,stocks,us,XNYS,CS,True,usd,0000880266,BBG000DCCZW2,BBG001S7WHW3,2025-09-18T06:05:34.656771453Z
AGD,abrdn Global Dynamic Dividend Fund,stocks,us,XNYS,FUND,True,usd,0001362481,BBG000DJLNL6,BBG001SMLZ16,2025-09-18T06:05:34.656771533Z
AGEM,abrdn Emerging Markets Dividend Active ETF,stocks,us,XNAS,ETF,True,usd,BBG01S68DQN6,BBG01S68DRK7,2025-09-18T06:05:34.656771613Z
AGEN,Agenus Inc.,stocks,us,XNAS,CS,True,usd,0001098972,BBG000C8SWQ9,BBG001SDV370,2025-09-18T06:05:34.656771703Z
AGG,iShares Core U.S. Aggregate Bond ETF,stocks,us,ARCX,ETF,True,usd,0001100663,BBG000Q123R0,BBG001SM1QT8,2025-09-18T06:05:34.656771784Z
AGGA,EA Series Trust EA Astoria Dynamic Core US Fixed Income ETF,stocks,us,XNAS,ETF,True,usd,BBG01TS490J6,BBG01TS491J4,2025-09-18T06:05:34.656771864Z
AGGH,Simplify Aggregate Bond ETF,stocks,us,ARCX,ETF,True,usd,0001810747,BBG015BC7V75,BBG015BC7WS0,2025-09-18T06:05:34.656771944Z
AGGS,Harbor Disciplined Bond ETF,stocks,us,ARCX,ETF,True,usd,0001860434,BBG01MCGX1X6,BBG01MCGX2S0,2025-09-18T06:05:34.656772024Z
AGGY,WisdomTree Yield Enhanced U.S. Aggregate Bond Fund,stocks,us,ARCX,ETF,True,usd,0001350487,BBG009KCY2B7,BBG009KCY2C6,2025-09-18T06:05:34.656772224Z
AGH,Aureus Greenway Holdings Inc. Common Stock,stocks,us,XNAS,CS,True,usd,0002009312,BBG01NG4Q1P4,BBG01NG4Q2J9,2025-09-18T06:05:34.656772305Z
AGI,Alamos Gold Inc. Class A Common Shares,stocks,us,XNYS,CS,True,usd,0001178819,BBG009HT6BL4,BBG009HT65S0,2025-09-18T06:05:34.656772415Z
AGIO,"Agios Pharmaceuticals, Inc.",stocks,us,XNAS,CS,True,usd,0001439222,BBG000QY4ZD0,BBG001T8R687,2025-09-18T06:05:34.656772495Z
AGIQ,SoFi Agentic AI ETF,stocks,us,ARCX,ETF,True,usd,BBG01WV67GC4,BBG01WV67HD1,2025-09-18T06:05:34.656772685Z
AGIX,KraneShares Artificial Intelligence ETF,stocks,us,XNAS,ETF,True,usd,0001536592,BBG01NT1RH61,BBG01NT1RJ21,2025-09-18T06:05:34.656772765Z
AGL,"agilon health, inc.",stocks,us,XNYS,CS,True,usd,0001831097,BBG00HCYVQQ4,BBG00HCYVQR3,2025-09-18T06:05:34.656772846Z
AGM,Federal Agricultural Mortgage Corporation,stocks,us,XNYS,CS,True,usd,0000845877,BBG000G8ZKY4,BBG001SCWNB2,2025-09-18T06:05:34.656772926Z
AGM.A,Federal Agricultural Mortgage Corporation Class A Voting,stocks,us,XNYS,CS,True,usd,0000845877,BBG000G8Y1Z6,BBG001SCWN95,2025-09-18T06:05:34.656772996Z
AGMH,AGM Group Holdings Inc. Class A Ordinary Shares,stocks,us,XNAS,CS,True,usd,0001705402,2025-09-18T06:05:34.656773086Z
AGMI,Themes Silver Miners ETF,stocks,us,XNAS,ETF,True,usd,0001976322,BBG01MQSFLS7,BBG01MQSFMM1,2025-09-18T06:05:34.656773317Z
AGMpD,"Federal Agricultural Mortgage Corporation 5.700% Non-Cumulative Preferred Stock, Series D",stocks,us,XNYS,PFD,True,usd,0000845877,2025-09-18T06:05:34.656773547Z
AGMpE,"Federal Agricultural Mortgage Corporation 5.750% Non-Cumulative Preferred Stock, Series E",stocks,us,XNYS,PFD,True,usd,0000845877,2025-09-18T06:05:34.656773627Z
AGMpF,"Federal Agricultural Mortgage Corporation 5.250% Non-Cumulative Preferred Stock, Series F",stocks,us,XNYS,PFD,True,usd,0000845877,2025-09-18T06:05:34.656773828Z
AGMpG,"Federal Agricultural Mortgage Corporation 4.875% Non-Cumulative Preferred Stock, Series G",stocks,us,XNYS,PFD,True,usd,0000845877,2025-09-18T06:05:34.656773908Z
AGMpH,"Federal Agricultural Mortgage Corporation 6.500% Non-Cumulative Preferred Stock, Series H",stocks,us,XNYS,PFD,True,usd,0000845877,2025-09-18T06:05:34.656773988Z
AGNC,AGNC Investment Corp. Common Stock,stocks,us,XNAS,CS,True,usd,0001423689,BBG000TJ8XZ7,BBG001T074G2,2025-09-18T06:05:34.656774078Z
AGNCL,"AGNC Investment Corp. Depositary Shares Each Representing a 1/1,000th Interest in a Share of 7.75% Series G Fixed-Rate Reset Cumulative Redeemable Preferred Stock",stocks,us,XNAS,CS,True,usd,0001423689,2025-09-18T06:05:34.656774158Z
AGNCM,AGNC Investment Corp. Depositary Shares rep 6.875% Series D Fixed-to-Floating Cumulative Redeemable Preferred Stock,stocks,us,XNAS,PFD,True,usd,0001423689,2025-09-18T06:05:34.656774278Z
AGNCN,"AGNC Investment Corp. Depositary Shares Each Representing a 1/1,000th Interest in a Share of 7 percent Series C Fixed-To-Floating Rate Cumulative Redeemable Preferred Stock",stocks,us,XNAS,PFD,True,usd,0001423689,2025-09-18T06:05:34.656774359Z
AGNCO,"AGNC Investment Corp. Depositary Shares, each representing a 1/1,000th interest in a share of 6.50% Series E Fixed-to-Floating Cumulative Redeemable Preferred Stock",stocks,us,XNAS,CS,True,usd,0001423689,2025-09-18T06:05:34.656774439Z
AGNCP,"AGNC Investment Corp. Depositary Shares Each Representing a 1/1,000th Interest in a Share of 6.125% Series F Fixed-to-Floating Rate Cumulative Redeemable Preferred Stock",stocks,us,XNAS,PFD,True,usd,0001423689,2025-09-18T06:05:34.656774519Z
AGNCZ,AGNC Investment Corp. 8.75% Series H Fixed-Rate Cumulative Redeemable Preferred Stock,stocks,us,XNAS,PFD,True,usd,0001423689,2025-09-18T06:05:34.656774609Z
AGNG,Global X Funds Global X Aging Population ETF,stocks,us,XNAS,ETF,True,usd,0001432353,BBG00CVW2JC1,BBG00CVW2JD0,2025-09-18T06:05:34.65677505Z
AGO,"Assured Guaranty, LTD",stocks,us,XNYS,CS,True,usd,0001273813,2025-09-18T06:05:34.65677513Z
AGOX,Adaptive Alpha Opportunities ETF,stocks,us,ARCX,ETF,True,usd,BBG010WX25M2,BBG010WX26H6,2025-09-18T06:05:34.65677521Z
AGQ,ProShares Ultra Silver,stocks,us,ARCX,ETV,True,usd,0001415311,BBG000F7KQG0,BBG001T2GCT6,2025-09-18T06:05:34.65677529Z
AGQI,First Trust Active Global Quality Income ETF,stocks,us,ARCX,ETF,True,usd,0001667919,BBG01K8H7QZ5,BBG01K8H7RT0,2025-09-18T06:05:34.65677538Z
AGRH,iShares Interest Rate Hedged U.S. Aggregate Bond ETF,stocks,us,ARCX,ETF,True,usd,0001524513,BBG01858ZD01,BBG01858ZF15,2025-09-18T06:05:34.656775461Z
AGRI,AgriFORCE Growing Systems Ltd. Common Shares,stocks,us,XNAS,CS,True,usd,0001826397,2025-09-18T06:05:34.656775541Z
AGRO,ADECOAGRO S.A.,stocks,us,XNYS,CS,True,usd,0001499505,2025-09-18T06:05:34.656775621Z
AGRW,Allspring LT Large Growth ETF,stocks,us,ARCX,ETF,True,usd,BBG01SXPDTR8,BBG01SXPDVQ4,2025-09-18T06:05:34.656775741Z
AGX,"Argan, Inc",stocks,us,XNYS,CS,True,usd,0000100591,BBG000K4J3T0,BBG001SJP7D8,2025-09-18T06:05:34.656776002Z
AGYS,"Agilysys, Inc. Common Stock (DE)",stocks,us,XNAS,CS,True,usd,0000078749,BBG000BR74W6,BBG001S5V6V3,2025-09-18T06:05:34.656776082Z
AGZ,iShares Agency Bond ETF,stocks,us,ARCX,ETF,True,usd,0001100663,BBG000G03TV0,BBG001T2RRQ4,2025-09-18T06:05:34.656776192Z
AGZD,WisdomTree Trust WisdomTree Interest Rate Hedged U.S. Aggregate Bond Fund,stocks,us,XNAS,ETF,True,usd,0001350487,BBG005Q26B40,BBG005Q26B59,2025-09-18T06:05:34.656776272Z
AHCO,AdaptHealth Corp. Common Stock,stocks,us,XNAS,CS,True,usd,0001725255,BBG00KJQVGV3,BBG00KJQVGW2,2025-09-18T06:05:34.656776352Z
AHG,Akso Health Group ADS,stocks,us,XNAS,ADRC,True,usd,0001702318,BBG00HVQFMZ7,BBG00HVQFN03,2025-09-18T06:05:34.656776432Z
AHH,"Armada Hoffler Properties, Inc.",stocks,us,XNYS,CS,True,usd,0001569187,BBG004CYX1M0,BBG004CYX1N9,2025-09-18T06:05:34.656776513Z
AHHpA,"Armada Hoffler Properties, Inc. 6.75% Series A Cumulative Redeemable Perpetual Preferred Stock",stocks,us,XNYS,PFD,True,usd,0001569187,2025-09-18T06:05:34.656776593Z
AHL,Aspen Insurance Holdings Limited,stocks,us,XNYS,CS,True,usd,0001267395,2025-09-18T06:05:34.656776953Z
AHLT,American Beacon AHL Trend ETF,stocks,us,ARCX,ETF,True,usd,BBG01J3YK8D5,BBG01J3YK989,2025-09-18T06:05:34.656777034Z
AHLpD,Aspen Insurance Holdings Limited 5.625% Perpetual Non-Cumulative Preference Shares,stocks,us,XNYS,PFD,True,usd,0001267395,2025-09-18T06:05:34.656777244Z
AHLpE,"Aspen Insurance Holdings Limited Depositary Shares, each representing a 1/1000th interest in a share of 5.625% Perpetual Non-Cumulative Preference Shares",stocks,us,XNYS,PFD,True,usd,0001267395,2025-09-18T06:05:34.656777324Z
AHLpF,"Aspen Insurance Holdings Limited Depositary Shares, each representing a 1/1,000th Interest in a 7.00% Perpetual Non-Cumulative Preference Share",stocks,us,XNYS,PFD,True,usd,0001267395,2025-09-18T06:05:34.656777404Z
AHR,"American Healthcare REIT, Inc.",stocks,us,XNYS,CS,True,usd,0001632970,BBG01L820CZ4,BBG01L820DT9,2025-09-18T06:05:34.656777484Z
AHT,"Ashford Hospitality Trust, Inc.",stocks,us,XNYS,CS,True,usd,0001232582,BBG000PRZVD1,BBG001SLQ6G1,2025-09-18T06:05:34.656777575Z
AHTpD,"Ashford Hospitality Trust, Inc. 8.45% Series D",stocks,us,XNYS,PFD,True,usd,0001232582,2025-09-18T06:05:34.656777655Z
AHTpF,"Ashford Hospitality Trust, Inc.",stocks,us,XNYS,PFD,True,usd,0001232582,2025-09-18T06:05:34.656777895Z
AHTpG,"Ashford Hospitality Trust, Inc   7.375% Series G Cumulative Preferred Stock",stocks,us,XNYS,PFD,True,usd,0001232582,2025-09-18T06:05:34.656777975Z
AHTpH,"Ashford Hospitality Trust, Inc. 7.50 Percent Series H Cumulative Preferred Stock",stocks,us,XNYS,PFD,True,usd,0001232582,2025-09-18T06:05:34.656778086Z
AHTpI,"Ashford Hospitality Trust, Inc. 7.50% Series I Cumulative Preferred Stock",stocks,us,XNYS,PFD,True,usd,0001232582,2025-09-18T06:05:34.656778166Z
AHYB,American Century Select High Yield ETF,stocks,us,ARCX,ETF,True,usd,0001710607,BBG013HJSPQ8,BBG013HJSQK2,2025-09-18T06:05:34.656778246Z
AI,"C3.ai, Inc.",stocks,us,XNYS,CS,True,usd,0001577526,BBG00Y6G6X31,BBG00Y6G6Y84,2025-09-18T06:05:34.656778336Z
AIA,iShares Asia 50 ETF,stocks,us,XNAS,ETF,True,usd,0001100663,BBG000TVYW56,BBG001T0LKC4,2025-09-18T06:05:34.656778426Z
AIBD,Direxion Daily AI and Big Data Bear 2X Shares,stocks,us,ARCX,ETF,True,usd,BBG01MG5S082,BBG01MG5S153,2025-09-18T06:05:34.656778506Z
AIBU,Direxion Daily AI and Big Data Bull 2X Shares,stocks,us,ARCX,ETF,True,usd,BBG01MG5M122,BBG01MG5M1X8,2025-09-18T06:05:34.656778587Z
AIEQ,Amplify AI Powered Equity ETF,stocks,us,ARCX,ETF,True,usd,0001633061,BBG01L6Y3H73,BBG01L6Y3J42,2025-09-18T06:05:34.656778677Z
AIFD,TCW Artificial Intelligence ETF,stocks,us,XNAS,ETF,True,usd,0001831313,BBG01MQS6C89,BBG01MQS6D50,2025-09-18T06:05:34.656778757Z
AIFF,"Firefly Neuroscience, Inc. Common Stock",stocks,us,XNAS,CS,True,usd,0000803578,BBG000BF6HD5,BBG001S6ZMC3,2025-09-18T06:05:34.656778847Z
AIFU,AIFU Inc. Class A Ordinary Share,stocks,us,XNAS,CS,True,usd,0001413855,2025-09-18T06:05:34.656778927Z
AIG,"American International Group, Inc.",stocks,us,XNYS,CS,True,usd,0000005272,BBG000BBDZG3,BBG001S5NJG1,2025-09-18T06:05:34.656779007Z
AIHS,Senmiao Technology Limited Common Stock,stocks,us,XNAS,CS,True,usd,0001711012,BBG00J3Q25V9,BBG00J3Q26K9,2025-09-18T06:05:34.656779088Z
AII,"American Integrity Insurance Group, Inc.",stocks,us,XNYS,CS,True,usd,0002007587,BBG000BN06C9,BBG001SC1H65,2025-09-18T06:05:34.656779168Z
AIIO,Robo.ai Inc. Class B Ordinary Shares,stocks,us,XNAS,CS,True,usd,0001932737,2025-09-18T06:05:34.656779408Z
AIIOW,Robo.ai Inc. Warrant,stocks,us,XNAS,WARRANT,True,usd,0001932737,2025-09-18T06:05:34.656779488Z
AIM,AIM ImmunoTech Inc.,stocks,us,XASE,CS,True,usd,0000946644,BBG000JL6Z80,BBG001SB9J29,2025-09-18T06:05:34.656779619Z
AIMD,"Ainos, Inc. Common Stock",stocks,us,XNAS,CS,True,usd,0001014763,BBG000H6PLR4,BBG001S965R0,2025-09-18T06:05:34.656779739Z
AIMDW,"Ainos, Inc. Warrants",stocks,us,XNAS,WARRANT,True,usd,0001014763,BBG019232J79,2025-09-18T06:05:34.656779839Z
AIN,Albany International Corp Class A,stocks,us,XNYS,CS,True,usd,0000819793,BBG000BRWWH3,BBG001S5VKN1,2025-09-18T06:05:34.656779919Z
AINP,Allspring Income Plus ETF,stocks,us,ARCX,ETF,True,usd,BBG01QVK6YM7,BBG01QVK6ZK6,2025-09-18T06:05:34.656779999Z
AIO,Virtus Artificial Intelligence & Technology Opportunities Fund,stocks,us,XNYS,FUND,True,usd,0001778114,BBG00Q7474K8,BBG00Q7474L7,2025-09-18T06:05:34.656780079Z
AIOO,AllianzIM U.S. Equity Buffer100 Protection ETF,stocks,us,BATS,ETF,True,usd,0001797318,BBG01V5B7TC6,BBG01V5B7V77,2025-09-18T06:05:34.65678016Z
AIOT,"PowerFleet, Inc. Common Stock",stocks,us,XNAS,CS,True,usd,0001774170,BBG00PG3JNL6,BBG00PG3JNM5,2025-09-18T06:05:34.65678024Z
AIP,"Arteris, Inc. Common Stock",stocks,us,XNAS,CS,True,usd,0001667011,BBG000QMLTK3,BBG001T7VHG1,2025-09-18T06:05:34.65678032Z
AIPI,REX AI Equity Premium Income ETF,stocks,us,XNAS,ETF,True,usd,BBG01N48YNC5,BBG01N48YPF7,2025-09-18T06:05:34.6567804Z
AIPO,Defiance AI & Power Infrastructure ETF,stocks,us,XNAS,ETF,True,usd,BBG01S2RQNR7,BBG01S2RQPN6,2025-09-18T06:05:34.65678056Z
AIQ,Global X Funds Global X Artificial Intelligence & Technology ETF,stocks,us,XNAS,ETF,True,usd,0001432353,BBG00KX8KG94,BBG00KX8KH01,2025-09-18T06:05:34.656780641Z
AIR,AAR Corp.,stocks,us,XNYS,CS,True,usd,0000001750,BBG000BBGQF1,BBG001S5NJX2,2025-09-18T06:05:34.656780721Z
AIRE,reAlpha Tech Corp. Common Stock,stocks,us,XNAS,CS,True,usd,0001859199,BBG015SL9PD1,BBG015SL9PF9,2025-09-18T06:05:34.656780801Z
AIRG,"Airgain, Inc. Common Stock",stocks,us,XNAS,CS,True,usd,0001272842,BBG0026ZDGG4,BBG0026ZDGH3,2025-09-18T06:05:34.656781162Z
AIRI,Air Industries Group,stocks,us,XASE,CS,True,usd,0001009891,BBG000C8XXR0,BBG001SG3M27,2025-09-18T06:05:34.656781242Z
AIRJ,AirJoule Technologies Corporation Class A Common Stock,stocks,us,XNAS,CS,True,usd,0001855474,BBG014FPNGK5,BBG014FPNHD1,2025-09-18T06:05:34.656781362Z
AIRJW,AirJoule Technologies Corporation Warrant,stocks,us,XNAS,WARRANT,True,usd,0001855474,BBG014XDH6X7,2025-09-18T06:05:34.656781442Z
AIRO,"AIRO Group Holdings, Inc. Common Stock",stocks,us,XNAS,CS,True,usd,0001927958,BBG01FRGW2W5,BBG01FRGW2Z2,2025-09-18T06:05:34.656781522Z
AIRR,First Trust RBA American Industrial Renaissance ETF,stocks,us,XNAS,ETF,True,usd,0001552740,BBG0063G4FW4,BBG0063G4FX3,2025-09-18T06:05:34.656781622Z
AIRS,"AirSculpt Technologies, Inc. Common Stock",stocks,us,XNAS,CS,True,usd,0001870940,BBG012V27C29,BBG012V27CX5,2025-09-18T06:05:34.656781703Z
AIRT,Air T Inc,stocks,us,XNAS,CS,True,usd,0000353184,BBG000BBH316,BBG001S5NJZ0,2025-09-18T06:05:34.656781783Z
AIRTP,"Air T, Inc. Air T Funding Alpha Income Trust Preferred Securities",stocks,us,XNAS,PFD,True,usd,0000353184,2025-09-18T06:05:34.656781863Z
AIS,VistaShares Artificial Intelligence Supercycle ETF,stocks,us,ARCX,ETF,True,usd,0001722388,BBG01R2TJN20,BBG01R2TJP25,2025-09-18T06:05:34.656781953Z
AISP,"Airship AI Holdings, Inc. Class A Common Stock",stocks,us,XNAS,CS,True,usd,0001842566,BBG00ZZNS7C4,BBG00ZZNS7D3,2025-09-18T06:05:34.656782033Z
AISPW,"Airship AI Holdings, Inc. Warrants",stocks,us,XNAS,WARRANT,True,usd,0001842566,BBG010W1PNX6,2025-09-18T06:05:34.656782113Z
AIT,"Applied Industrial Technologies, Inc.",stocks,us,XNYS,CS,True,usd,0000109563,BBG000BBHHP9,BBG001S5NK14,2025-09-18T06:05:34.656782193Z
AIV,Apartment Investment and Management Company,stocks,us,XNYS,CS,True,usd,0000922864,BBG000DD3510,BBG001S876N3,2025-09-18T06:05:34.656782274Z
AIVC,Amplify Bloomberg AI Value Chain ETF,stocks,us,ARCX,ETF,True,usd,0001633061,BBG01L6Y1LR4,BBG01L6Y1ML8,2025-09-18T06:05:34.656782364Z
AIVI,WisdomTree International AI Enhanced Value Fund,stocks,us,ARCX,ETF,True,usd,0001350487,BBG000BT3GK2,BBG001SHL7M6,2025-09-18T06:05:34.656782444Z
AIVL,WisdomTree U.S. AI Enhanced Value Fund,stocks,us,ARCX,ETF,True,usd,0001350487,BBG000BT2NX4,BBG001SHL7F4,2025-09-18T06:05:34.656782785Z
AIXI,XIAO-I Corporation American Depositary Shares,stocks,us,XNAS,ADRC,True,usd,0001935172,BBG01C3DTQ83,BBG01C3DTQ92,2025-09-18T06:05:34.656782865Z
AIYY,YieldMax AI Option Income Strategy ETF,stocks,us,ARCX,ETS,True,usd,0001924868,BBG01K8MLVZ7,BBG01K8MLWY6,2025-09-18T06:05:34.656782995Z
AIZ,"Assurant, Inc.",stocks,us,XNYS,CS,True,usd,0001267238,BBG000BZX1N5,BBG001SD9DW5,2025-09-18T06:05:34.656783075Z
AIZN,"Assurant, Inc. 5.25% Subordinated Notes due 2061",stocks,us,XNYS,SP,True,usd,0001267238,2025-09-18T06:05:34.656783155Z
AJAN,Innovator Equity Defined Protection ETF - 2 Yr to January 2026,stocks,us,BATS,ETF,True,usd,0001415726,BBG01KTTT4N4,BBG01KTTT5K4,2025-09-18T06:05:34.656783235Z
AJG,Arthur J. Gallagher & Co.,stocks,us,XNYS,CS,True,usd,0000354190,BBG000BBHXQ3,BBG001S5NKC2,2025-09-18T06:05:34.656783316Z
AJUL,Innovator Equity Defined Protection ETF - 2 Yr to July 2026,stocks,us,BATS,ETF,True,usd,0001415726,BBG01NJ0PGC1,BBG01NJ0PH66,2025-09-18T06:05:34.656783406Z
AKA,a.k.a. Brands Holding Corp.,stocks,us,XNYS,CS,True,usd,0001865107,BBG0129CWQ14,BBG0129CWQ23,2025-09-18T06:05:34.656783486Z
AKAF,The Frontier Economic Fund,stocks,us,XNYS,ETF,True,usd,BBG01VS3BCZ6,BBG01VS3BF70,2025-09-18T06:05:34.656783566Z
AKAM,Akamai Technologies Inc,stocks,us,XNAS,CS,True,usd,0001086222,BBG000BJQWD2,BBG001S7YHX0,2025-09-18T06:05:34.656783646Z
AKAN,Akanda Corp. Common Shares,stocks,us,XNAS,CS,True,usd,0001888014,BBG013GQ5XT8,BBG013GQ5XV5,2025-09-18T06:05:34.656783726Z
AKBA,"Akebia Therapeutics, Inc.",stocks,us,XNAS,CS,True,usd,0001517022,BBG000R33R00,BBG001T922S9,2025-09-18T06:05:34.656783807Z
AKO.A,Embotelladora Andina S.A. Series A,stocks,us,XNYS,ADRC,True,usd,0000925261,BBG000J82W71,BBG001S9ZDD6,2025-09-18T06:05:34.656783887Z
AKO.B,Embotelladora Andina S.A. Series B,stocks,us,XNYS,ADRC,True,usd,0000925261,BBG000DZ2SW8,BBG001S6T4X7,2025-09-18T06:05:34.656783967Z
AKR,Acadia Realty Trust,stocks,us,XNYS,CS,True,usd,0000899629,BBG000BJGD54,BBG001S7KXT5,2025-09-18T06:05:34.656784057Z
AKRO,"Akero Therapeutics, Inc. Common Stock",stocks,us,XNAS,CS,True,usd,0001744659,BBG00L9211Y8,BBG00L9211Z7,2025-09-18T06:05:34.656784798Z
AKTX,Akari Therapeutics plc ADR (0.01 USD),stocks,us,XNAS,ADRC,True,usd,0001541157,BBG003PMV495,BBG003PMV510,2025-09-18T06:05:34.656784879Z
AL,Air Lease Corporation,stocks,us,XNYS,CS,True,usd,0001487712,BBG000R3NPZ4,BBG001T92VD1,2025-09-18T06:05:34.656784999Z
ALAB,"Astera Labs, Inc. Common Stock",stocks,us,XNAS,CS,True,usd,0001736297,BBG00TDKHW99,BBG00TDKHWK6,2025-09-18T06:05:34.656785089Z
ALAI,Alger AI Enablers & Adopters ETF,stocks,us,ARCX,ETF,True,usd,0001807486,BBG01M13SDZ5,BBG01M13SFT7,2025-09-18T06:05:34.656785169Z
ALAR,Alarum Technologies Ltd. American Depositary Share,stocks,us,XNAS,ADRC,True,usd,0001725332,BBG00GVM3KM9,BBG00GVM3LB9,2025-09-18T06:05:34.656785249Z
ALB,Albemarle Corporation,stocks,us,XNYS,CS,True,usd,0000915913,BBG000BJ26K7,BBG001S7SBP9,2025-09-18T06:05:34.656785329Z
ALBT,Avalon GloboCare Corp. Common Stock,stocks,us,XNAS,CS,True,usd,0001630212,BBG008648HM7,BBG008648HN6,2025-09-18T06:05:34.65678541Z
ALBpA,Albemarle Corporation Depositary Shares each representing a 1/20th interest in a share of 7.25% Series A Mandatory Convertible Preferred Stock,stocks,us,XNYS,SP,True,usd,0000915913,2025-09-18T06:05:34.65678549Z
ALC,Alcon Inc. Ordinary Shares,stocks,us,XNYS,CS,True,usd,0001167379,2025-09-18T06:05:34.65678558Z
ALCO,Alico Inc,stocks,us,XNAS,CS,True,usd,0000003545,BBG000BBJR57,BBG001S5NKW0,2025-09-18T06:05:34.65678566Z
ALCY,Alchemy Investments Acquisition Corp 1 Class A Ordinary Shares,stocks,us,XNAS,CS,True,usd,0001901336,2025-09-18T06:05:34.65678574Z
ALCYU,Alchemy Investments Acquisition Corp 1 Units,stocks,us,XNAS,UNIT,True,usd,0001901336,2025-09-18T06:05:34.65678582Z
ALCYW,Alchemy Investments Acquisition Corp 1 Warrants,stocks,us,XNAS,WARRANT,True,usd,0001901336,2025-09-18T06:05:34.656785901Z
ALDF,Aldel Financial II Inc. Class A Ordinary Shares,stocks,us,XNAS,CS,True,usd,0002031561,2025-09-18T06:05:34.656785981Z
ALDFU,Aldel Financial II Inc. Units,stocks,us,XNAS,UNIT,True,usd,0002031561,2025-09-18T06:05:34.656786061Z
ALDFW,Aldel Financial II Inc. Warrants,stocks,us,XNAS,WARRANT,True,usd,0002031561,2025-09-18T06:05:34.656786291Z
ALDX,"Aldeyra Therapeutics, Inc.",stocks,us,XNAS,CS,True,usd,0001341235,BBG0029H8ZF6,BBG0029H8ZG5,2025-09-18T06:05:34.656786371Z
ALE,"ALLETE, Inc.",stocks,us,XNYS,CS,True,usd,0000066756,BBG000CYW7N5,BBG001S77110,2025-09-18T06:05:34.656786502Z
ALEC,"Alector, Inc. Common Stock",stocks,us,XNAS,CS,True,usd,0001653087,BBG00N0PL198,BBG00N0PL214,2025-09-18T06:05:34.656786582Z
ALEX,"Alexander & Baldwin, Inc.",stocks,us,XNYS,CS,True,usd,0001545654,BBG00HS2GVL8,BBG00HS2GVM7,2025-09-18T06:05:34.656786662Z
ALF,Centurion Acquisition Corp. Class A Ordinary Shares,stocks,us,XNAS,CS,True,usd,0002010930,2025-09-18T06:05:34.656786742Z
ALFUU,Centurion Acquisition Corp. Unit,stocks,us,XNAS,UNIT,True,usd,0002010930,2025-09-18T06:05:34.656786822Z
ALFUW,Centurion Acquisition Corp. Warrant,stocks,us,XNAS,WARRANT,True,usd,0002010930,2025-09-18T06:05:34.656786902Z
ALG,"Alamo Group, Inc.",stocks,us,XNYS,CS,True,usd,0000897077,BBG000BJTZX0,BBG001S7YVC2,2025-09-18T06:05:34.656786983Z
ALGM,"Allegro MicroSystems, Inc. Common Stock",stocks,us,XNAS,CS,True,usd,0000866291,BBG00H5S8391,BBG00H5S83B8,2025-09-18T06:05:34.656787063Z
ALGN,Align Technology Inc,stocks,us,XNAS,CS,True,usd,0001097149,BBG000BRNLL2,BBG001SCF1B9,2025-09-18T06:05:34.656787143Z
ALGS,"Aligos Therapeutics, Inc. Common Stock",stocks,us,XNAS,CS,True,usd,0001799448,BBG00QX7QH68,BBG00QX7QH77,2025-09-18T06:05:34.656787233Z
ALGT,Allegiant Travel Company,stocks,us,XNAS,CS,True,usd,0001362468,BBG000LJS6B8,BBG001SQ25S5,2025-09-18T06:05:34.656787313Z
ALHC,"Alignment Healthcare, Inc. Common Stock",stocks,us,XNAS,CS,True,usd,0001832466,BBG00ZJ0DSR6,BBG00ZJ0DSS5,2025-09-18T06:05:34.656787393Z
ALIL,Argent Focused Small Cap ETF,stocks,us,XNAS,ETF,True,usd,BBG01TCJ00K7,BBG01TCJ01G0,2025-09-18T06:05:34.656787474Z
ALIT,"Alight, Inc.",stocks,us,XNYS,CS,True,usd,0001809104,BBG00H00J2N1,BBG00H00J2Q8,2025-09-18T06:05:34.656787554Z
ALK,"Alaska Air Group, Inc.",stocks,us,XNYS,CS,True,usd,0000766421,BBG000BBL0Y1,BBG001S5NLG6,2025-09-18T06:05:34.656787814Z
ALKS,Alkermes Inc. plc,stocks,us,XNAS,CS,True,usd,0001520262,2025-09-18T06:05:34.656787894Z
ALKT,"Alkami Technology, Inc. Common Stock",stocks,us,XNAS,CS,True,usd,0001529274,BBG005HTCT54,BBG005HTCT63,2025-09-18T06:05:34.656788015Z
ALL,The Allstate Corporation,stocks,us,XNYS,CS,True,usd,0000899051,BBG000BVMGF2,BBG001S9BM06,2025-09-18T06:05:34.656788105Z
ALLE,Allegion Public Limited Company,stocks,us,XNYS,CS,True,usd,0001579241,2025-09-18T06:05:34.656788175Z
ALLO,"Allogene Therapeutics, Inc. Common Stock",stocks,us,XNAS,CS,True,usd,0001737287,BBG00KHRRDX3,BBG00KHRRDY2,2025-09-18T06:05:34.656788395Z
ALLR,"Allarity Therapeutics, Inc. Common Stock",stocks,us,XNAS,CS,True,usd,0001860657,BBG012NXCZP8,BBG012NXCZQ7,2025-09-18T06:05:34.656788475Z
ALLT,Allot Ltd. Ordinary Shares,stocks,us,XNAS,CS,True,usd,0001365767,2025-09-18T06:05:34.656788596Z
ALLW,SPDR Bridgewater All Weather ETF,stocks,us,XNAS,ETF,True,usd,0001516212,BBG01SN3NWY2,BBG01SN3NXT6,2025-09-18T06:05:34.656788676Z
ALLY,Ally Financial Inc.,stocks,us,XNYS,CS,True,usd,0000040729,BBG000BC2R71,BBG001S5RLN4,2025-09-18T06:05:34.656788756Z
ALLpB,The Allstate Corporation 5.100%  Fixed-To-Floating Rate Subordinated Debentures due 2053,stocks,us,XNYS,PFD,True,usd,0000899051,2025-09-18T06:05:34.656788836Z
ALLpH,The Allstate Corporation,stocks,us,XNYS,PFD,True,usd,0000899051,2025-09-18T06:05:34.656788916Z
ALLpI,The Allstate Corporation,stocks,us,XNYS,PFD,True,usd,0000899051,2025-09-18T06:05:34.656788996Z
ALLpJ,"The Allstate Corporation Depositary Shares each representing a 1/1,000th interest in a share of Fixed Rate Noncumulative Perpetual Preferred Stock, Series J",stocks,us,XNYS,PFD,True,usd,0000899051,2025-09-18T06:05:34.656789077Z
ALM,Almonty Industries Inc. Common Shares,stocks,us,XNAS,CS,True,usd,0001670061,BBG004KGNV81,BBG001T7CS41,2025-09-18T06:05:34.656789157Z
ALMS,Alumis Inc. Common Stock,stocks,us,XNAS,CS,True,usd,0001847367,BBG01J7X4PN2,BBG01J7X4PP0,2025-09-18T06:05:34.656789237Z
ALMU,"Aeluma, Inc. Common Stock",stocks,us,XNAS,CS,True,usd,0001828805,BBG013BHY3G1,BBG013BHY3H0,2025-09-18T06:05:34.656789457Z
ALNT,Allient Inc. Common Stock,stocks,us,XNAS,CS,True,usd,0000046129,BBG000BKVYJ3,BBG001S5RST3,2025-09-18T06:05:34.656789537Z
ALNY,"Alnylam Pharmaceuticals, Inc.",stocks,us,XNAS,CS,True,usd,0001178670,BBG000BFGNJ5,BBG001S7FTC8,2025-09-18T06:05:34.656789678Z
ALOT,"AstroNova, Inc. Common Stock",stocks,us,XNAS,CS,True,usd,0000008146,BBG000BBMCY4,BBG001S5NLS3,2025-09-18T06:05:34.656789758Z
ALRG,Allspring LT Large Core ETF,stocks,us,ARCX,ETF,True,usd,BBG01V9VKGD0,BBG01V9VKHF6,2025-09-18T06:05:34.656789838Z
ALRM,"Alarm.com Holdings, Inc.",stocks,us,XNAS,CS,True,usd,0001459200,BBG007GNPYY7,BBG007GNPYZ6,2025-09-18T06:05:34.656789918Z
ALRS,Alerus Financial Corporation Common Stock,stocks,us,XNAS,CS,True,usd,0000903419,BBG000BTXSH7,BBG001SGGKT8,2025-09-18T06:05:34.656789998Z
ALSN,"ALLISON TRANSMISSION HOLDINGS, INC.",stocks,us,XNYS,CS,True,usd,0001411207,BBG001KY3845,BBG001V0T5F3,2025-09-18T06:05:34.656790079Z
ALT,"Altimmune, Inc. Common Stock",stocks,us,XNAS,CS,True,usd,0001326190,BBG000FXML90,BBG001SNS461,2025-09-18T06:05:34.656790159Z
ALTG,Alta Equipment Group Inc.,stocks,us,XNYS,CS,True,usd,0001759824,BBG00NZ6JVD4,BBG00NZ6JW42,2025-09-18T06:05:34.656790259Z
ALTGpA,Alta Equipment Group Inc. Depositary Shares (each representing 1/1000th in a share of 10% Series A Cumulative Perpetual Preferred Stock),stocks,us,XNYS,PFD,True,usd,0001759824,2025-09-18T06:05:34.65679063Z
ALTI,"AlTi Global, Inc. Class A Common Stock",stocks,us,XNAS,CS,True,usd,0001838615,BBG00Z6F0LQ7,BBG00Z6F0ML0,2025-09-18T06:05:34.65679074Z
ALTL,Pacer Lunt Large Cap Alternator ETF,stocks,us,ARCX,ETF,True,usd,0001616668,BBG00VP22TF7,BBG00VP22V71,2025-09-18T06:05:34.65679082Z
ALTO,"Alto Ingredients, Inc. Common Stock",stocks,us,XNAS,CS,True,usd,0000778164,BBG000K4WSD7,BBG001SCBYZ5,2025-09-18T06:05:34.65679089Z
ALTS,ALT5 Sigma Corporation Common Stock,stocks,us,XNAS,CS,True,usd,0000862861,BBG000CKLRH0,BBG001S6Y4N2,2025-09-18T06:05:34.65679098Z
ALTY,Global X Funds Global X Alternative Income ETF,stocks,us,XNAS,ETF,True,usd,0001432353,BBG009L6H4R7,BBG009L6H4S6,2025-09-18T06:05:34.65679106Z
ALUR,"Allurion Technologies, Inc.",stocks,us,XNYS,CS,True,usd,0001964979,BBG01HPVRLS9,BBG01HPVRLV5,2025-09-18T06:05:34.656791301Z
ALUR.WS,"Allurion Technologies, Inc. Warrants, each whole warrant exercisable to purchase 0.056818 shares of common stock at an exercise price of $202.50 per share of common stock",stocks,us,XNYS,WARRANT,True,usd,0001964979,BBG01HPVZWF0,2025-09-18T06:05:34.656791381Z
ALV,"Autoliv, Inc.",stocks,us,XNYS,CS,True,usd,0001034670,BBG000BVLRY8,BBG001S9YRV6,2025-09-18T06:05:34.656791511Z
ALVO,Alvotech Ordinary Shares,stocks,us,XNAS,CS,True,usd,0001898416,2025-09-18T06:05:34.656791581Z
ALVOW,Alvotech Warrant,stocks,us,XNAS,WARRANT,True,usd,0001898416,2025-09-18T06:05:34.656791662Z
ALX,Alexander's Inc.,stocks,us,XNYS,CS,True,usd,0000003499,BBG000BBNLK8,BBG001S5NM92,2025-09-18T06:05:34.656791742Z
ALXO,ALX Oncology Holdings Inc. Common Stock,stocks,us,XNAS,CS,True,usd,0001810182,BBG00VR8SDG8,BBG00VR8SF73,2025-09-18T06:05:34.656791822Z
ALZN,"Alzamend Neuro, Inc. Common Stock",stocks,us,XNAS,CS,True,usd,0001677077,BBG00ZMXG7M8,BBG00ZMXG7N7,2025-09-18T06:05:34.656791902Z
AM,Antero Midstream Corporation Common Stock,stocks,us,XNYS,CS,True,usd,0001623925,BBG00GBNZ4M0,BBG00GBNZ4N9,2025-09-18T06:05:34.656791982Z
AMAL,Amalgamated Financial Corp. Common Stock (DE),stocks,us,XNAS,CS,True,usd,0001823608,BBG00XRT7YX6,BBG00XRT7YY5,2025-09-18T06:05:34.656792062Z
AMAT,Applied Materials Inc,stocks,us,XNAS,CS,True,usd,0000006951,BBG000BBPFB9,BBG001S5NMM7,2025-09-18T06:05:34.656792142Z
AMAX,Adaptive Hedged Multi-Asset Income ETF,stocks,us,ARCX,ETF,True,usd,BBG0133TN2R6,BBG0133TN3L0,2025-09-18T06:05:34.656792223Z
AMBA,"Ambarella, Inc. Ordinary Shares",stocks,us,XNAS,CS,True,usd,0001280263,2025-09-18T06:05:34.656792303Z
AMBC,"Ambac Financial Group, Inc.",stocks,us,XNYS,CS,True,usd,0000874501,BBG004HQHKK0,BBG004HQHL91,2025-09-18T06:05:34.656792383Z
AMBI,Ambipar Emergency Response,stocks,us,XASE,CS,True,usd,0001937441,2025-09-18T06:05:34.656792463Z
AMBI.WS,"Ambipar Emergency Response Warrants to purchase Class A ordinary shares, each whole warrant exercisable for one Class A ordinary share at an exercise price of $11.50 per share",stocks,us,XASE,WARRANT,True,usd,0001937441,2025-09-18T06:05:34.656792543Z
AMBO,Ambow Education Holding Ltd. American Depository Shares (each representing twenty (20) Class A Ordinary Shares),stocks,us,XASE,ADRC,True,usd,0001494558,BBG000BDCP09,BBG001T99B02,2025-09-18T06:05:34.656792764Z
AMBP,Ardagh Metal Packaging S.A.,stocks,us,XNYS,CS,True,usd,0001845097,2025-09-18T06:05:34.656792844Z
AMBP.WS,"Ardagh Metal Packaging S.A. Warrants, each exercisable for one Share at an exercise price of $11.50 per share",stocks,us,XNYS,WARRANT,True,usd,0001845097,2025-09-18T06:05:34.656792954Z
AMBQ,"Ambiq Micro, Inc.",stocks,us,XNYS,CS,True,usd,0001500412,BBG0026ZDH90,BBG0026ZDHB7,2025-09-18T06:05:34.656793034Z
AMBR,Amber International Holding Limited American Depositary Shares,stocks,us,XNAS,ADRC,True,usd,0001697818,BBG00J0BKBX0,BBG00J0BKBY9,2025-09-18T06:05:34.656793114Z
AMC,"AMC ENTERTAINMENT HOLDINGS, INC.",stocks,us,XNYS,CS,True,usd,0001411579,BBG000TDCVT6,BBG001SZYYL4,2025-09-18T06:05:34.656793194Z
AMCR,Amcor plc Ordinary Shares,stocks,us,XNYS,CS,True,usd,0001748790,2025-09-18T06:05:34.656793275Z
AMCX,AMC Networks Inc. Class A,stocks,us,XNAS,CS,True,usd,0001514991,BBG000H01H92,BBG001SLR8S3,2025-09-18T06:05:34.656793355Z
AMD,Advanced Micro Devices,stocks,us,XNAS,CS,True,usd,0000002488,BBG000BBQCY0,BBG001S5NN36,2025-09-18T06:05:34.656793435Z
AMDD,Direxion Daily AMD Bear 1X Shares,stocks,us,XNAS,ETF,True,usd,BBG01S4RXG10,BBG01S4RXH09,2025-09-18T06:05:34.656793515Z
AMDG,Leverage Shares 2X Long AMD Daily ETF,stocks,us,XNAS,ETF,True,usd,0001976322,BBG01RYZKSJ0,BBG01RYZKTF2,2025-09-18T06:05:34.656793605Z
AMDL,GraniteShares 2x Long AMD Daily ETF,stocks,us,XNAS,ETF,True,usd,0001689873,BBG01LNWKBD5,BBG01LNWKC70,2025-09-18T06:05:34.656793685Z
AMDU,Defiance Leveraged Long + Income AMD ETF,stocks,us,XNAS,ETF,True,usd,BBG01WTSMFD3,BBG01WTSMG96,2025-09-18T06:05:34.656793766Z
AMDW,Roundhill AMD WeeklyPay ETF,stocks,us,BATS,ETF,True,usd,BBG01W6VBTJ7,BBG01W6VBVF6,2025-09-18T06:05:34.656793846Z
AMDY,YieldMax AMD Option Income Strategy ETF,stocks,us,ARCX,ETS,True,usd,BBG01J9TDVT0,BBG01J9TDWP2,2025-09-18T06:05:34.656793926Z
AME,"Ametek, Inc.",stocks,us,XNYS,CS,True,usd,0001037868,BBG000B9XG87,BBG001S5NN54,2025-09-18T06:05:34.656794006Z
AMG,Affiliated Managers Group,stocks,us,XNYS,CS,True,usd,0001004434,BBG000C060M4,BBG001S6DMD6,2025-09-18T06:05:34.656794226Z
AMGN,Amgen Inc,stocks,us,XNAS,CS,True,usd,0000318154,BBG000BBS2Y0,BBG001S5NNL6,2025-09-18T06:05:34.656794307Z
AMH,AMERICAN HOMES 4 RENT,stocks,us,XNYS,CS,True,usd,0001562401,BBG003NXJNH6,BBG003NXJNJ4,2025-09-18T06:05:34.656794427Z
AMHpG,American Homes 4 Rent Series G cumulative redeemable perpetual preferred shares of beneficial interest,stocks,us,XNYS,PFD,True,usd,0001562401,2025-09-18T06:05:34.656794537Z
AMHpH,American Homes 4 Rent Series H cumulative redeemable perpetual Preferred Shares of Beneficial Interest,stocks,us,XNYS,PFD,True,usd,0001562401,2025-09-18T06:05:34.656794617Z
AMID,Argent Mid Cap ETF,stocks,us,XNAS,ETF,True,usd,BBG017Z2L8P2,BBG017Z2L9J7,2025-09-18T06:05:34.656794697Z
AMIX,"Autonomix Medical, Inc. Common Stock",stocks,us,XNAS,CS,True,usd,0001617867,BBG00R28GXW5,BBG00R28GXX4,2025-09-18T06:05:34.656794777Z
AMJB,Alerian MLP Index ETNs due January 28 2044,stocks,us,ARCX,ETN,True,usd,0000019617,BBG01L70PXT3,BBG01L70PZ45,2025-09-18T06:05:34.656794858Z
AMKR,Amkor Technology Inc,stocks,us,XNAS,CS,True,usd,0001047127,BBG000BCKGW7,BBG001S64YF8,2025-09-18T06:05:34.656794938Z
AMLP,Alerian MLP ETF,stocks,us,ARCX,ETF,True,usd,0001414040,BBG0015CS200,BBG001TBMNT5,2025-09-18T06:05:34.656795018Z
AMLX,"Amylyx Pharmaceuticals, Inc. Common Stock",stocks,us,XNAS,CS,True,usd,0001658551,BBG00DP10YT5,BBG00DP10YW1,2025-09-18T06:05:34.656795158Z
AMN,AMN Healthcare Services,stocks,us,XNYS,CS,True,usd,0001142750,BBG000BCT197,BBG001S6Q193,2025-09-18T06:05:34.656795238Z
AMOD,"Alpha Modus Holdings, Inc. Class A Common Stock",stocks,us,XNAS,CS,True,usd,0001862463,BBG0123NSVZ3,BBG0123NSWT8,2025-09-18T06:05:34.656795319Z
AMODW,"Alpha Modus Holdings, Inc. Warrant",stocks,us,XNAS,WARRANT,True,usd,0001862463,BBG0123Q9X74,2025-09-18T06:05:34.656795399Z
AMOM,Qraft AI-Enhanced US Large Cap Momentum ETF,stocks,us,ARCX,ETF,True,usd,0001547950,BBG00P5NRM19,BBG00P5NRMS0,2025-09-18T06:05:34.656795479Z
AMP,"Ameriprise Financial, Inc.",stocks,us,XNYS,CS,True,usd,0000820027,BBG000G3QLY3,BBG001SK6096,2025-09-18T06:05:34.656795559Z
AMPG,AMPLITECH GROUP INC. COM,stocks,us,XNAS,CS,True,usd,0001518461,BBG00394F954,BBG00394F9X3,2025-09-18T06:05:34.656795789Z
AMPGW,"Amplitech Group, Inc. Warrants",stocks,us,XNAS,WARRANT,True,usd,0001518461,BBG00Z9BGRC8,2025-09-18T06:05:34.65679587Z
AMPH,"Amphastar Pharmaceuticals, Inc.",stocks,us,XNAS,CS,True,usd,0001297184,BBG000BW90S6,BBG001SCM4W2,2025-09-18T06:05:34.65679601Z
AMPL,"Amplitude, Inc. Class A Common Stock",stocks,us,XNAS,CS,True,usd,0001866692,BBG012CDTZY6,BBG012CDTZZ5,2025-09-18T06:05:34.65679609Z
AMPX,"Amprius Technologies, Inc.",stocks,us,XNYS,CS,True,usd,0001899287,BBG019MBDC63,BBG019MBDD16,2025-09-18T06:05:34.65679617Z
AMPX.WS,"Amprius Technologies, Inc. Warrants to purchase one share of Common Stock at an exercise price of $11.50 per share",stocks,us,XNYS,WARRANT,True,usd,0001899287,BBG016X0TFF7,2025-09-18T06:05:34.65679625Z
AMPY,Amplify Energy Corp.,stocks,us,XNYS,CS,True,usd,0001533924,BBG00F0YM0Z8,BBG00F0YM1R5,2025-09-18T06:05:34.65679633Z
AMR,"Alpha Metallurgical Resources, Inc.",stocks,us,XNYS,CS,True,usd,0001704715,BBG00DGWV035,BBG00DGWV044,2025-09-18T06:05:34.656796411Z
AMRC,"Ameresco, Inc.",stocks,us,XNYS,CS,True,usd,0001488139,BBG000BD1QL6,BBG001S6P9W1,2025-09-18T06:05:34.656796491Z
AMRK,"A-Mark Precious Metals, Inc.",stocks,us,XNAS,CS,True,usd,0001591588,BBG005ZVDK48,BBG005ZVDK57,2025-09-18T06:05:34.656796571Z
AMRN,Amarin Corp Plc,stocks,us,XNAS,ADRC,True,usd,0000897448,BBG000BPYG99,BBG001SD42R0,2025-09-18T06:05:34.656796661Z
AMRX,"Amneal Pharmaceuticals, Inc. Class A Common Stock",stocks,us,XNAS,CS,True,usd,0001723128,BBG00462PGG0,BBG00462PGH9,2025-09-18T06:05:34.656796731Z
AMRZ,Amrize Ltd,stocks,us,XNYS,CS,True,usd,0002035989,2025-09-18T06:05:34.656796811Z
AMS,American Shared Hospital Services,stocks,us,XASE,CS,True,usd,0000744825,BBG000BBVZ37,BBG001S5NPF8,2025-09-18T06:05:34.656796902Z
AMSC,American Superconductor Corp,stocks,us,XNAS,CS,True,usd,0000880807,BBG000CP3D44,BBG001S70C31,2025-09-18T06:05:34.656796972Z
AMSF,"AMERISAFE, Inc.",stocks,us,XNAS,CS,True,usd,0001018979,BBG000Q0JJQ0,BBG001SDH7B2,2025-09-18T06:05:34.656797052Z
AMST,Amesite Inc.,stocks,us,XNAS,CS,True,usd,0001807166,BBG00KY7FCW4,BBG00KY7FCX3,2025-09-18T06:05:34.656797302Z
AMT,American Tower Corporation,stocks,us,XNYS,CS,True,usd,0001053507,BBG000B9XYV2,BBG001S5NPQ6,2025-09-18T06:05:34.656797382Z
AMTB,Amerant Bancorp Inc.,stocks,us,XNYS,CS,True,usd,0001734342,BBG001KHCXD7,BBG001V0P1S2,2025-09-18T06:05:34.656797543Z
AMTD,"AMTD IDEA Group American Depositary Shares, each representing six (6) Class A Ordinary Shares",stocks,us,XNYS,ADRC,True,usd,0001769731,BBG00PH297Y9,BBG00PH298P7,2025-09-18T06:05:34.656797623Z
AMTM,"Amentum Holdings, Inc.",stocks,us,XNYS,CS,True,usd,0002011286,BBG01NY7B734,BBG01NY7B770,2025-09-18T06:05:34.656797703Z
AMTX,"Aemetis, Inc. (DE) Common Stock",stocks,us,XNAS,CS,True,usd,0000738214,BBG000BWBZY9,BBG001SCST33,2025-09-18T06:05:34.656797783Z
AMUB,"ETRACS Alerian MLP Index ETN Series B due July 18, 2042",stocks,us,ARCX,ETN,True,usd,0001114446,BBG00B59KB85,BBG00B59KB76,2025-09-18T06:05:34.656797863Z
AMUU,Direxion Daily AMD Bull 2X Shares,stocks,us,XNAS,ETF,True,usd,BBG01S4S1M83,BBG01S4S1N63,2025-09-18T06:05:34.656797944Z
AMWD,American Woodmark Corp,stocks,us,XNAS,CS,True,usd,0000794619,BBG000BBX657,BBG001S5NQ57,2025-09-18T06:05:34.656798024Z
AMWL,American Well Corporation,stocks,us,XNYS,CS,True,usd,0001393584,BBG002R1JYY1,BBG002R1JYZ0,2025-09-18T06:05:34.656798104Z
AMX,America Movil S.A.B de C.V American Depositary Shares (each representing the right to receive twenty (20) Series B Shares),stocks,us,XNYS,ADRC,True,usd,0001129137,BBG01FRH5MK2,BBG01FRH5ND8,2025-09-18T06:05:34.656798184Z
AMYY,GraniteShares YieldBOOST AMD ETF,stocks,us,XNAS,ETF,True,usd,0001689873,BBG01X4WY3P0,BBG01X4WY4V1,2025-09-18T06:05:34.656798525Z
A,Agilent Technologies Inc.,stocks,us,XNYS,CS,True,usd,0001090872,BBG000C2V3D6,BBG001SCTQY4,2025-09-30T06:05:29.844698933Z
AA,Alcoa Corporation,stocks,us,XNYS,CS,True,usd,0001675149,BBG00B3T3HD3,BBG00B3T3HF1,2025-09-30T06:05:29.844699555Z
AAA,Alternative Access First Priority CLO Bond ETF,stocks,us,ARCX,ETF,True,usd,0001776878,BBG01B0JRCS6,BBG01B0JRCT5,2025-09-30T06:05:29.844699755Z
AAAA,Amplius Aggressive Asset Allocation ETF,stocks,us,BATS,ETF,True,usd,BBG01W275XX6,BBG01W275ZB5,2025-09-30T06:05:29.844699835Z
AAAU,Goldman Sachs Physical Gold ETF Shares,stocks,us,BATS,ETF,True,usd,0001708646,BBG00LPXX872,BBG00LPXX8Z1,2025-09-30T06:05:29.844699945Z
AACB,Artius II Acquisition Inc. Class A Ordinary Shares,stocks,us,XNAS,CS,True,usd,0002034334,2025-09-30T06:05:29.844700025Z
AACBR,Artius II Acquisition Inc. Rights,stocks,us,XNAS,RIGHT,True,usd,0002034334,2025-09-30T06:05:29.844700106Z
AACBU,Artius II Acquisition Inc. Units,stocks,us,XNAS,UNIT,True,usd,0002034334,2025-09-30T06:05:29.844700186Z
AACG,ATA Creativity Global American Depositary Shares,stocks,us,XNAS,ADRC,True,usd,0001420529,BBG000V2S3P6,BBG001T125S9,2025-09-30T06:05:29.844700366Z
AACI,Armada Acquisition Corp. II Class A Ordinary Shares,stocks,us,XNAS,CS,True,usd,0002044009,2025-09-30T06:05:29.844700456Z
AACIU,Armada Acquisition Corp. II Units,stocks,us,XNAS,UNIT,True,usd,0002044009,2025-09-30T06:05:29.844700807Z
AACIW,Armada Acquisition Corp. II Warrant,stocks,us,XNAS,WARRANT,True,usd,0002044009,2025-09-30T06:05:29.844700897Z
AADR,AdvisorShares Dorsey Wright ADR ETF,stocks,us,XNAS,ETF,True,usd,0001408970,BBG000BDYRW6,BBG001T9B1Y4,2025-09-30T06:05:29.844701017Z
AAL,American Airlines Group Inc.,stocks,us,XNAS,CS,True,usd,0000006201,BBG005P7Q881,BBG005P7Q907,2025-09-30T06:05:29.844701097Z
AALG,Leverage Shares 2X Long AAL Daily ETF,stocks,us,XNAS,ETF,True,usd,0001976322,BBG01VH49P35,BBG01VH49Q06,2025-09-30T06:05:29.844701178Z
AAM,AA Mission Acquisition Corp.,stocks,us,XNYS,CS,True,usd,0002012964,2025-09-30T06:05:29.844701258Z
AAM.U,"AA Mission Acquisition Corp. Units, each consisting of one Class A Ordinary Share and one-half of one redeemable warrant",stocks,us,XNYS,UNIT,True,usd,0002012964,2025-09-30T06:05:29.844701338Z
AAM.WS,"AA Mission Acquisition Corp. Warrants, each whole warrant entitles the holder to purchase one Class A ordinary share at a price of $11.50 per share",stocks,us,XNYS,WARRANT,True,usd,0002012964,2025-09-30T06:05:29.844701418Z
AAME,Atlantic American Corp,stocks,us,XNAS,CS,True,usd,0000008177,BBG000B9XB24,BBG001S5N8T1,2025-09-30T06:05:29.844701508Z
AAMI,Acadian Asset Management Inc.,stocks,us,XNYS,CS,True,usd,0001748824,BBG00P2HLNY3,BBG00P2HLNZ2,2025-09-30T06:05:29.844701588Z
AAOI,"Applied Optoelectronics, Inc.",stocks,us,XNAS,CS,True,usd,0001158114,BBG000D6VW15,BBG001SG47G4,2025-09-30T06:05:29.844701669Z
AAON,Aaon Inc,stocks,us,XNAS,CS,True,usd,0000824142,BBG000C2LZP3,BBG001S6CZK0,2025-09-30T06:05:29.844701749Z
AAP,ADVANCE AUTO PARTS INC,stocks,us,XNYS,CS,True,usd,0001158449,BBG000F7RCJ1,BBG001SD2SB2,2025-09-30T06:05:29.844701829Z
AAPB,GraniteShares ETF Trust GraniteShares 2x Long AAPL Daily ETF,stocks,us,XNAS,ETF,True,usd,0001689873,BBG0193F21N2,BBG0193F22H7,2025-09-30T06:05:29.844701909Z
AAPD,Direxion Daily AAPL Bear 1X Shares,stocks,us,XNAS,ETF,True,usd,BBG0193YGJ57,BBG0193YGK09,2025-09-30T06:05:29.844701989Z
AAPG,Ascentage Pharma Group International American Depository Shares,stocks,us,XNAS,ADRC,True,usd,0002023311,BBG01RJXM9C9,BBG01RJXMB89,2025-09-30T06:05:29.844702079Z
AAPL,Apple Inc.,stocks,us,XNAS,CS,True,usd,0000320193,BBG000B9XRY4,BBG001S5N8V8,2025-09-30T06:05:29.84470244Z
AAPR,Innovator Equity Defined Protection ETF - 2 Yr to April 2026,stocks,us,BATS,ETF,True,usd,0001415726,BBG01M698CQ1,BBG01M698DK5,2025-09-30T06:05:29.84470253Z
AAPU,Direxion Shares ETF Trust Direxion Daily AAPL Bull 2X Shares,stocks,us,XNAS,ETF,True,usd,BBG0193YBZ92,BBG0193YC043,2025-09-30T06:05:29.84470264Z
AAPW,Roundhill AAPL WeeklyPay ETF,stocks,us,BATS,ETF,True,usd,BBG01SCFVRC3,BBG01SCFVS86,2025-09-30T06:05:29.844702721Z
AAPX,T-Rex 2X Long Apple Daily Target ETF,stocks,us,BATS,ETF,True,usd,BBG01KY72SD3,BBG01KY72T78,2025-09-30T06:05:29.844702801Z
AAPY,Kurv Yield Premium Strategy Apple (AAPL) ETF,stocks,us,BATS,ETF,True,usd,0001848758,BBG01QY0GMH9,BBG01QY0GNH7,2025-09-30T06:05:29.844702881Z
AARD,"Aardvark Therapeutics, Inc. Common Stock",stocks,us,XNAS,CS,True,usd,0001774857,BBG01223DLB2,BBG01223DLC1,2025-09-30T06:05:29.844702961Z
AAT,"AMERICAN ASSETS TRUST, INC.",stocks,us,XNYS,CS,True,usd,0001500217,BBG00161BCR0,BBG001TCBJS5,2025-09-30T06:05:29.844703041Z
AAUC,Allied Gold Corporation,stocks,us,XNYS,CS,True,usd,0001993344,BBG01K0WWT59,BBG01J3PPZ58,2025-09-30T06:05:29.844703502Z
AAUS,Alpha Architect US Equity ETF,stocks,us,XNAS,ETF,True,usd,BBG01W26H9C1,BBG01W26HBL6,2025-09-30T06:05:29.844703582Z
AAVM,EA Series Trust Alpha Architect Global Factor Equity ETF,stocks,us,XNAS,ETF,True,usd,BBG00GM1DQV1,BBG00GM1DRK1,2025-09-30T06:05:29.844703672Z
AAXJ,iShares MSCI All Country Asia ex Japan ETF,stocks,us,XNAS,ETF,True,usd,0001100663,BBG000G6GXC5,BBG001T2V2D8,2025-09-30T06:05:29.844703753Z
AB,"AllianceBernstein Holding, L.P.",stocks,us,XNYS,CS,True,usd,0000825313,BBG000B9WM03,BBG001S5N9S0,2025-09-30T06:05:29.844703843Z
ABAT,American Battery Technology Company Common Stock,stocks,us,XNAS,CS,True,usd,0001576873,BBG004M1KJN5,BBG004M1KJP3,2025-09-30T06:05:29.844703923Z
ABBV,ABBVIE INC.,stocks,us,XNYS,CS,True,usd,0001551152,BBG0025Y4RY4,BBG0025Y4RZ3,2025-09-30T06:05:29.844704003Z
ABCB,Ameris Bancorp,stocks,us,XNYS,CS,True,usd,0000351569,BBG000CDY3H5,BBG001S80PX7,2025-09-30T06:05:29.844704083Z
ABCL,AbCellera Biologics Inc. Common Shares,stocks,us,XNAS,CS,True,usd,0001703057,BBG00LLW2MF2,BBG00LLW2MH0,2025-09-30T06:05:29.844704444Z
ABCS,Alpha Blue Capital US Small-Mid Cap Dynamic ETF,stocks,us,XNAS,ETF,True,usd,BBG01KMFQRF2,BBG01KMFQS88,2025-09-30T06:05:29.844704524Z
ABEO,Abeona Therapeutics Inc. Common Stock,stocks,us,XNAS,CS,True,usd,0000318306,BBG000DT5D52,BBG001S8T7K0,2025-09-30T06:05:29.844704664Z
ABEQ,Absolute Select Value ETF,stocks,us,ARCX,ETF,True,usd,0001199046,BBG00RHHGQY2,BBG00RHHGRP0,2025-09-30T06:05:29.844704754Z
ABEV,AMBEV S.A.,stocks,us,XNYS,ADRC,True,usd,0001565025,BBG000BN5VZ4,BBG005KLVT74,2025-09-30T06:05:29.844704835Z
ABFL,Abacus FCF Leaders ETF,stocks,us,BATS,ETF,True,usd,BBG00DW3P010,BBG00DW3P029,2025-09-30T06:05:29.844704915Z
ABG,"Asbury Automotive Group, Inc.",stocks,us,XNYS,CS,True,usd,0001144980,BBG000BKDWB5,BBG001S9B5H5,2025-09-30T06:05:29.844704995Z
ABI,VictoryShares Pioneer Asset-Based Income ETF,stocks,us,XNAS,ETF,True,usd,BBG01VCKWDB6,BBG01VCKWFN8,2025-09-30T06:05:29.844705075Z
ABIG,Argent Large Cap ETF,stocks,us,XNAS,ETF,True,usd,BBG01TCJ3701,BBG01TCJ37Z3,2025-09-30T06:05:29.844705456Z
ABL,"Abacus Global Management, Inc. Class A Common Stock",stocks,us,XNAS,CS,True,usd,0001814287,BBG00VY1KB95,BBG00VY1KBC1,2025-09-30T06:05:29.844705536Z
ABLD,Abacus FCF Real Assets Leaders ETF,stocks,us,BATS,ETF,True,usd,BBG0141PBK24,BBG0141PBL04,2025-09-30T06:05:29.844705616Z
ABLG,Abacus FCF International Leaders ETF,stocks,us,BATS,ETF,True,usd,BBG00H1J5D96,BBG00H1J5FN5,2025-09-30T06:05:29.844705696Z
ABLLL,"Abacus Global Management, Inc. 9.875% Fixed Rate Senior Notes due 2028",stocks,us,XNAS,CS,True,usd,0001814287,2025-09-30T06:05:29.844705776Z
ABLS,Abacus FCF Small Cap Leaders ETF,stocks,us,BATS,ETF,True,usd,BBG01SCGBTV8,BBG01SCGBVT6,2025-09-30T06:05:29.844705867Z
ABLV,Able View Global Inc. Class B Ordinary Shares,stocks,us,XNAS,CS,True,usd,0001957489,2025-09-30T06:05:29.844705947Z
ABLVW,Able View Global Inc. Warrant,stocks,us,XNAS,WARRANT,True,usd,0001957489,2025-09-30T06:05:29.844706027Z
ABM,"ABM Industries, Inc.",stocks,us,XNYS,CS,True,usd,0000771497,BBG000B9YYH7,BBG001S5N9B8,2025-09-30T06:05:29.844706357Z
ABNB,"Airbnb, Inc. Class A Common Stock",stocks,us,XNAS,CS,True,usd,0001559720,BBG001Y2XS07,BBG001Y2XS16,2025-09-30T06:05:29.844706438Z
ABNY,YieldMax ABNB Option Income Strategy ETF,stocks,us,ARCX,ETS,True,usd,BBG01JHFMD75,BBG01JHFMF34,2025-09-30T06:05:29.844706558Z
ABOS,"Acumen Pharmaceuticals, Inc. Common Stock",stocks,us,XNAS,CS,True,usd,0001576885,BBG0058YJ317,BBG0058YJ326,2025-09-30T06:05:29.844706638Z
ABOT,Abacus FCF Innovation Leaders ETF,stocks,us,BATS,ETF,True,usd,BBG00YC69CJ2,BBG00YC69DC7,2025-09-30T06:05:29.844706718Z
ABP,"Abpro Holdings, Inc Common Stock",stocks,us,XNAS,CS,True,usd,0001893219,BBG013X0S7F3,BBG013X0S889,2025-09-30T06:05:29.844706808Z
ABPWW,"Abpro Holdings, Inc. Warrant",stocks,us,XNAS,WARRANT,True,usd,BBG0142NHSW2,2025-09-30T06:05:29.844706889Z
ABR,"Arbor Realty Trust, Inc.",stocks,us,XNYS,CS,True,usd,0001253986,BBG000KMVDV1,BBG001SJP3G4,2025-09-30T06:05:29.844706969Z
ABRpD,"Arbor Realty Trust, Inc. 6.375% Series D Cumulative Redeemable Preferred Stock, Liquidation Preference $25.00 per Share",stocks,us,XNYS,PFD,True,usd,0001253986,2025-09-30T06:05:29.844707049Z
ABRpE,"Arbor Realty Trust, Inc. 6.25% Series E Cumulative Redeemable Preferred Stock",stocks,us,XNYS,PFD,True,usd,0001253986,2025-09-30T06:05:29.844707139Z
ABRpF,"Arbor Realty Trust, Inc. 6.25% Series F Fixed-to-Floating Rate Cumulative Redeemable Preferred Stock, Liquidation Preference $25.00 per share",stocks,us,XNYS,PFD,True,usd,0001253986,2025-09-30T06:05:29.844707219Z
ABSI,Absci Corporation Common Stock,stocks,us,XNAS,CS,True,usd,0001672688,BBG011N54CJ8,BBG011N54DC3,2025-09-30T06:05:29.844707299Z
ABT,Abbott Laboratories,stocks,us,XNYS,CS,True,usd,0000001800,BBG000B9ZXB4,BBG001S5N9M6,2025-09-30T06:05:29.844707379Z
ABTC,American Bitcoin Corp. Class A Common Stock,stocks,us,XNAS,CS,True,usd,0001755953,BBG00MS8GZP1,BBG00MS8GZQ0,2025-09-30T06:05:29.84470746Z
ABTS,Abits Group Inc Ordinary Shares,stocks,us,XNAS,CS,True,usd,0001864055,2025-09-30T06:05:29.84470754Z
ABUS,Arbutus Biopharma Corporation Common Stock,stocks,us,XNAS,CS,True,usd,0001447028,BBG000RR8V85,BBG001S6RSK0,2025-09-30T06:05:29.84470762Z
ABVC,"ABVC BioPharma, Inc. Common Stock",stocks,us,XNAS,CS,True,usd,0001173313,BBG000Q844Z2,BBG001SMCS49,2025-09-30T06:05:29.844707991Z
ABVE,Above Food Ingredients Inc. Common Stock,stocks,us,XNAS,CS,True,usd,0001979484,BBG01NGG37N1,BBG01NGG37P9,2025-09-30T06:05:29.844708071Z
ABVEW,Above Food Ingredients Inc. Warrants,stocks,us,XNAS,WARRANT,True,usd,0001979484,BBG01NKYQFV5,2025-09-30T06:05:29.844708201Z
ABVX,Abivax SA American Depositary Shares,stocks,us,XNAS,ADRC,True,usd,0001956827,BBG01JLQNZ03,BBG01JLQNZV9,2025-09-30T06:05:29.844708281Z
ABXB,Abacus Flexible Bond Leaders ETF,stocks,us,BATS,ETF,True,usd,BBG00YC5ZT62,BBG00YC5ZV49,2025-09-30T06:05:29.844708391Z
ACA,"Arcosa, Inc. Common Stock",stocks,us,XNYS,CS,True,usd,0001739445,BBG00JGMWFM9,BBG00JGMWGB9,2025-09-30T06:05:29.844708482Z
ACAD,Acadia Pharmaceuticals Inc.,stocks,us,XNAS,CS,True,usd,0001070494,BBG000BHG9K0,BBG001SB06N3,2025-09-30T06:05:29.844708562Z
ACB,Aurora Cannabis Inc. Common Shares,stocks,us,XNAS,CS,True,usd,0001683541,BBG006SCSYG7,BBG001SV77D1,2025-09-30T06:05:29.844708652Z
ACCO,Acco Brands Corporation,stocks,us,XNYS,CS,True,usd,0000712034,BBG000J06K07,BBG001SPBTK3,2025-09-30T06:05:29.844708732Z
ACCS,ACCESS Newswire Inc.,stocks,us,XASE,CS,True,usd,0000843006,BBG000C1CK87,BBG001S67C09,2025-09-30T06:05:29.844708812Z
ACDC,ProFrac Holding Corp. Class A Common Stock,stocks,us,XNAS,CS,True,usd,0001881487,BBG013PRYPJ2,BBG013PRYQC7,2025-09-30T06:05:29.844708892Z
ACEI,Innovator Equity Autocallable Income Strategy ETF,stocks,us,ARCX,ETF,True,usd,0001415726,BBG01XK51Q67,BBG01XK51R47,2025-09-30T06:05:29.844708983Z
ACEL,"Accel Entertainment, Inc.",stocks,us,XNYS,CS,True,usd,0001698991,BBG00GX221W3,BBG00GX221Z0,2025-09-30T06:05:29.844709063Z
ACES,ALPS Clean Energy ETF,stocks,us,ARCX,ETF,True,usd,0001414040,BBG00L99FCT0,BBG00L99FDK7,2025-09-30T06:05:29.844709143Z
ACET,"Adicet Bio, Inc. Common Stock",stocks,us,XNAS,CS,True,usd,0001720580,BBG00JCXSJP3,BBG00JCXSJQ2,2025-09-30T06:05:29.844709223Z
ACFN,"Acorn Energy, Inc. Common Stock",stocks,us,XNAS,CS,True,usd,0000880984,BBG000CMY866,BBG001S6ZZ25,2025-09-30T06:05:29.844709303Z
ACGL,Arch Capital Group Ltd,stocks,us,XNAS,CS,True,usd,0000947484,2025-09-30T06:05:29.844709644Z
ACGLN,"Arch Capital Group Ltd. Depositary Shares, each Representing a 1/1,000th Interest in a 4.550% Non-Cumulative Preferred Share, Series G",stocks,us,XNAS,CS,True,usd,0000947484,2025-09-30T06:05:29.844709724Z
ACGLO,"Arch Capital Group Ltd. Depositary Shares Each Representing 1/1,000th Interest in a Share of 5.45% Non-Cumulative Preferred Shares, Series F",stocks,us,XNAS,PFD,True,usd,0000947484,2025-09-30T06:05:29.844709864Z
ACGR,American Century Large Cap Growth ETF,stocks,us,ARCX,ETF,True,usd,0001481714,BBG011MFL031,BBG011MFL0Y7,2025-09-30T06:05:29.844709944Z
ACHC,"Acadia Healthcare Company, Inc.",stocks,us,XNAS,CS,True,usd,0001520697,BBG000FPNN38,BBG001SNNWL7,2025-09-30T06:05:29.844710024Z
ACHR,Archer Aviation Inc.,stocks,us,XNYS,CS,True,usd,0001824502,BBG00XRTC910,BBG00XRTC929,2025-09-30T06:05:29.844710105Z
ACHR.WS,"Archer Aviation Inc. Redeemable Warrants, each whole warrant exercisable for one Class A common stock at an exercise price of $11.50",stocks,us,XNYS,WARRANT,True,usd,0001824502,BBG00YGCV1N9,2025-09-30T06:05:29.844710195Z
ACHV,"Achieve Life Sciences, Inc.",stocks,us,XNAS,CS,True,usd,0000949858,BBG000FB8S62,BBG001S8JF14,2025-09-30T06:05:29.844710275Z
ACI,"Albertsons Companies, Inc.",stocks,us,XNYS,CS,True,usd,0001646972,BBG009KG1750,BBG009KG1741,2025-09-30T06:05:29.844710355Z
ACIC,American Coastal Insurance Corporation Common Stock,stocks,us,XNAS,CS,True,usd,0001401521,BBG000TKFJQ7,BBG001T09W05,2025-09-30T06:05:29.844710445Z
ACII,Innovator Index Autocallable Income Strategy ETF,stocks,us,ARCX,ETF,True,usd,0001838614,BBG01XK52JX2,BBG01XK52KW0,2025-09-30T06:05:29.844710525Z
ACIO,Aptus Collared Investment Opportunity ETF,stocks,us,BATS,ETF,True,usd,0001539639,BBG00PNSDFF3,BBG00PNSDG52,2025-09-30T06:05:29.844710606Z
ACIU,AC Immune SA,stocks,us,XNAS,CS,True,usd,0001651625,2025-09-30T06:05:29.844710686Z
ACIW,"ACI Worldwide, Inc.",stocks,us,XNAS,CS,True,usd,0000935036,BBG000PMBV39,BBG001S9KLL5,2025-09-30T06:05:29.844710766Z
ACKY,VistaShares Target 15 ACKtivist Distribution ETF,stocks,us,ARCX,ETF,True,usd,0001722388,BBG01WHYZLL7,BBG01WHYZMG1,2025-09-30T06:05:29.844710846Z
ACLC,American Century Large Cap Equity ETF,stocks,us,ARCX,ETF,True,usd,0001481714,BBG00W0JV9Q5,BBG00W0JVBH0,2025-09-30T06:05:29.844710936Z
ACLO,TCW AAA CLO ETF,stocks,us,XNYS,ETF,True,usd,0001831313,BBG01QPVFLN7,BBG01QPVFMJ0,2025-09-30T06:05:29.844711237Z
ACLS,Axcelis Technologies Inc,stocks,us,XNAS,CS,True,usd,0001113232,BBG000DW34S2,BBG001SF8W86,2025-09-30T06:05:29.844711317Z
ACLX,"Arcellx, Inc. Common Stock",stocks,us,XNAS,CS,True,usd,0001786205,BBG00QHJM4S9,BBG00QHJM4W4,2025-09-30T06:05:29.844711447Z
ACM,Aecom,stocks,us,XNYS,CS,True,usd,0000868857,BBG000F61RJ8,BBG001SKTTF1,2025-09-30T06:05:29.844711537Z
ACMR,"ACM Research, Inc. Class A Common Stock",stocks,us,XNAS,CS,True,usd,0001680062,BBG00HPSG933,BBG00HPSG942,2025-09-30T06:05:29.844711618Z
ACN,Accenture PLC,stocks,us,XNYS,CS,True,usd,0001467373,2025-09-30T06:05:29.844711698Z
ACNB,ACNB Corp,stocks,us,XNAS,CS,True,usd,0000715579,BBG000BJ2LY9,BBG001S6CVZ3,2025-09-30T06:05:29.844711778Z
ACNT,Ascent Industries Co. Common Stock,stocks,us,XNAS,CS,True,usd,0000095953,BBG000CLRHW7,BBG001S6Z1R3,2025-09-30T06:05:29.844711858Z
ACOG,Alpha Cognition Inc. Common Stock,stocks,us,XNAS,CS,True,usd,0001655923,BBG011CJPRD0,BBG00L7TXNM1,2025-09-30T06:05:29.844711938Z
ACON,"Aclarion, Inc. Common Stock",stocks,us,XNAS,CS,True,usd,0001635077,BBG014FBN4K3,BBG014FBN5N7,2025-09-30T06:05:29.844712018Z
ACONW,"Aclarion, Inc. Warrant",stocks,us,XNAS,WARRANT,True,usd,0001635077,BBG016Z2HS66,2025-09-30T06:05:29.844712108Z
ACP,abrdn Income Credit Strategies Fund,stocks,us,XNYS,FUND,True,usd,0001503290,BBG0017VSC04,BBG001TCSLH4,2025-09-30T06:05:29.844712219Z
ACPpA,abrdn Income Credit Strategies Fund  5.250% Series A Perpetual Preferred Stock,stocks,us,XNYS,PFD,True,usd,0001503290,2025-09-30T06:05:29.844712319Z
ACR,ACRES Commercial Realty Corp.,stocks,us,XNYS,CS,True,usd,0001332551,BBG000HK4RX6,BBG001SP6Y91,2025-09-30T06:05:29.844712419Z
ACRE,Ares Commercial Real Estate Corporation,stocks,us,XNYS,CS,True,usd,0001529377,BBG0022MMQB0,BBG0022MMR46,2025-09-30T06:05:29.844712529Z
ACRS,"Aclaris Therapeutics, Inc.",stocks,us,XNAS,CS,True,usd,0001557746,BBG003LF0QR9,BBG003LF0QS8,2025-09-30T06:05:29.8447129Z
ACRV,"Acrivon Therapeutics, Inc. Common Stock",stocks,us,XNAS,CS,True,usd,0001781174,BBG011RWR2Q4,BBG011RWR2R3,2025-09-30T06:05:29.844713Z
ACRpC,"ACRES Commercial Realty Corp. 8.625% Fixed-to-Floating Series C Cumulative Redeemable Preferred Stock, par value $0.001 per share",stocks,us,XNYS,PFD,True,usd,0001332551,2025-09-30T06:05:29.84471313Z
ACRpD,ACRES Commercial Realty Corp. 7.875% Series D Cumulative Redeemable Preferred Stock,stocks,us,XNYS,PFD,True,usd,0001332551,2025-09-30T06:05:29.844713231Z
ACSI,American Customer Satisfaction ETF,stocks,us,BATS,ETF,True,usd,0001387131,BBG00F40VFY6,BBG00F40VGP4,2025-09-30T06:05:29.844713451Z
ACT,"Enact Holdings, Inc. Common Stock",stocks,us,XNAS,CS,True,usd,0001823529,BBG00WSNP4R3,BBG00WSNP4S2,2025-09-30T06:05:29.844713561Z
ACTG,Acacia Research Corporation,stocks,us,XNAS,CS,True,usd,0000934549,BBG000KF9J02,BBG001SJLJT9,2025-09-30T06:05:29.844713651Z
ACTU,"Actuate Therapeutics, Inc. Common stock",stocks,us,XNAS,CS,True,usd,0001652935,BBG00NK7LK03,BBG00NK7LK12,2025-09-30T06:05:29.844713732Z
ACTV,LeaderShares Activist Leaders ETF,stocks,us,ARCX,ETF,True,usd,0001552947,BBG00Y002P42,BBG00Y002QG7,2025-09-30T06:05:29.844713822Z
ACU,Acme United Corporation,stocks,us,XASE,CS,True,usd,0000002098,BBG000BB3LM8,BBG001S5NCC0,2025-09-30T06:05:29.844714022Z
ACV,Virtus Diversified Income & Convertible Fund,stocks,us,XNYS,FUND,True,usd,0001636289,BBG008HMBD22,BBG008HMBD31,2025-09-30T06:05:29.844714102Z
ACVA,ACV Auctions Inc.,stocks,us,XNYS,CS,True,usd,0001637873,BBG00G5JGQ66,BBG00G5JGQ75,2025-09-30T06:05:29.844714222Z
ACVF,American Conservative Values ETF,stocks,us,ARCX,ETF,True,usd,BBG00Y04Q9T7,BBG00Y04QBN8,2025-09-30T06:05:29.844714303Z
ACVT,Advent Convertible Bond ETF,stocks,us,ARCX,ETF,True,usd,BBG01TQ0YGP6,BBG01TQ0YHK9,2025-09-30T06:05:29.844714383Z
ACWI,iShares MSCI ACWI ETF,stocks,us,XNAS,ETF,True,usd,0001100663,BBG000TH6VB3,BBG001S56QV7,2025-09-30T06:05:29.844714473Z
ACWV,iShares MSCI Global Min Vol Factor ETF,stocks,us,BATS,ETF,True,usd,0001100663,BBG0025X38X0,BBG0025X39Q6,2025-09-30T06:05:29.844714573Z
ACWX,iShares MSCI ACWI ex US ETF,stocks,us,XNAS,ETF,True,usd,0001100663,BBG000TH7DF8,BBG001S56R18,2025-09-30T06:05:29.844714653Z
ACXP,"Acurx Pharmaceuticals, Inc. Common Stock",stocks,us,XNAS,CS,True,usd,0001736243,BBG01184DNJ4,BBG01184DNK2,2025-09-30T06:05:29.844714874Z
AD,"Array Digital Infrastructure, Inc.",stocks,us,XNYS,CS,True,usd,0000821130,BBG000BW6P59,BBG001S5X446,2025-09-30T06:05:29.844714954Z
ADAG,Adagene Inc. American Depositary Shares,stocks,us,XNAS,ADRC,True,usd,0001818838,BBG00YZ6BYJ6,BBG00YZ6BZC0,2025-09-30T06:05:29.844715084Z
ADAM,"Adamas Trust, Inc. Common Stock",stocks,us,XNAS,CS,True,usd,0001273685,BBG000GZ8014,BBG001SHHBR7,2025-09-30T06:05:29.844715164Z
ADAMG,"Adamas Trust, Inc. 9.125% Senior Notes Due 2030",stocks,us,XNAS,CS,True,usd,0001273685,2025-09-30T06:05:29.844715244Z
ADAMH,"Adamas Trust, Inc. 9.875% Senior Notes Due 2030",stocks,us,XNAS,CS,True,usd,0001273685,2025-09-30T06:05:29.844715325Z
ADAMI,"Adamas Trust, Inc. 9.125% Senior Notes Due 2029",stocks,us,XNAS,CS,True,usd,0001273685,2025-09-30T06:05:29.844715515Z
ADAML,"Adamas Trust, Inc. 6.875% Series F Fixed-to-Floating Rate Cumulative Redeemable Preferred Stock, $0.01 par value per share",stocks,us,XNAS,CS,True,usd,0001273685,2025-09-30T06:05:29.844715595Z
ADAMM,"Adamas Trust, Inc. 7.875% Series E Fixed-to-Floating Rate Cumulative Redeemable Preferred Stock",stocks,us,XNAS,PFD,True,usd,0001273685,2025-09-30T06:05:29.844715675Z
ADAMN,"Adamas Trust, Inc. 8.00% Series D Fixed-to-Floating Rate Cumulative Redeemable Preferred Stock",stocks,us,XNAS,PFD,True,usd,0001273685,2025-09-30T06:05:29.844715755Z
ADAMZ,"Adamas Trust, Inc. 7.000% Series G Cumulative Redeemable Preferred Stock, $0.01 par value per share",stocks,us,XNAS,CS,True,usd,0001273685,2025-09-30T06:05:29.844715836Z
ADAP,Adaptimmune Therapeutics plc American Depositary Shares,stocks,us,XNAS,ADRC,True,usd,0001621227,BBG008G65WC2,BBG008G65WD1,2025-09-30T06:05:29.844715916Z
ADBE,Adobe Inc.,stocks,us,XNAS,CS,True,usd,0000796343,BBG000BB5006,BBG001S5NCQ5,2025-09-30T06:05:29.844715996Z
ADBG,Leverage Shares 2X Long ADBE Daily ETF,stocks,us,XNAS,ETF,True,usd,0001976322,BBG01SWP6HM8,BBG01SWP6JH0,2025-09-30T06:05:29.844716076Z
ADC,Agree Realty Corporation,stocks,us,XNYS,CS,True,usd,0000917251,BBG000BC9DK0,BBG001S6RY81,2025-09-30T06:05:29.844716166Z
ADCT,ADC Therapeutics SA,stocks,us,XNYS,CS,True,usd,0001771910,2025-09-30T06:05:29.844716256Z
ADCpA,"Agree Realty Corporation Depositary Shares, each representing 1/1,000th of a 4.250% Series A Cumulative Redeemable Preferred Stock",stocks,us,XNYS,PFD,True,usd,0000917251,2025-09-30T06:05:29.844716457Z
ADEA,Adeia Inc. Common Stock,stocks,us,XNAS,CS,True,usd,0001803696,BBG00RBFBL50,BBG00RBFBL78,2025-09-30T06:05:29.844716637Z
ADFI,Anfield Dynamic Fixed Income ETF,stocks,us,BATS,ETF,True,usd,0001552947,BBG00WRFGTJ5,BBG00WRFGV91,2025-09-30T06:05:29.844716717Z
ADGM,"Adagio Medical Holdings, Inc Common Stock",stocks,us,XNAS,CS,True,usd,0002006986,BBG01P202S42,BBG01P202S60,2025-09-30T06:05:29.844716827Z
ADI,"Analog Devices, Inc.",stocks,us,XNAS,CS,True,usd,0000006281,BBG000BB6G37,BBG001S5ND38,2025-09-30T06:05:29.844716908Z
ADIL,"Adial Pharmaceuticals, Inc",stocks,us,XNAS,CS,True,usd,0001513525,BBG00HNGDTR4,BBG00HNGDTS3,2025-09-30T06:05:29.844716988Z
ADIV,SmartETFs Asia Pacific Dividend Builder ETF,stocks,us,ARCX,ETF,True,usd,BBG00ZV17TH6,BBG00ZV17VD5,2025-09-30T06:05:29.844717068Z
ADM,Archer Daniels Midland Company,stocks,us,XNYS,CS,True,usd,0000007084,BBG000BB6WG8,BBG001S5ND74,2025-09-30T06:05:29.844717158Z
ADMA,"ADMA Biologics, Inc.",stocks,us,XNAS,CS,True,usd,0001368514,BBG002NCK5M5,BBG002NCK5N4,2025-09-30T06:05:29.844717238Z
ADME,Aptus Behavioral Momentum ETF,stocks,us,BATS,ETF,True,usd,0001539639,BBG00D20HG22,BBG00D20HG31,2025-09-30T06:05:29.844717318Z
ADN,"Advent Technologies Holdings, Inc. Class A Common Stock",stocks,us,XNAS,CS,True,usd,0001744494,BBG00MDV8X34,BBG00MDV8XV3,2025-09-30T06:05:29.844717399Z
ADNT,Adient plc Ordinary Shares,stocks,us,XNYS,CS,True,usd,0001670541,2025-09-30T06:05:29.844717479Z
ADNWW,"Advent Technologies Holdings, Inc. Warrant",stocks,us,XNAS,WARRANT,True,usd,0001744494,BBG00MVVPD93,2025-09-30T06:05:29.844717559Z
ADP,Automatic Data Processing,stocks,us,XNAS,CS,True,usd,0000008670,BBG000JG0547,BBG001S82KF6,2025-09-30T06:05:29.844717639Z
ADPT,Adaptive Biotechnologies Corporation Common Stock,stocks,us,XNAS,CS,True,usd,0001478320,BBG001J2PFF5,BBG001V0GG18,2025-09-30T06:05:29.844717729Z
ADPV,Adaptiv Select ETF,stocks,us,ARCX,ETF,True,usd,BBG01BBJQ2C4,BBG01BBJQ3B3,2025-09-30T06:05:29.844717809Z
ADSE,ADS-TEC ENERGY PLC Ordinary Shares,stocks,us,XNAS,CS,True,usd,0001879248,2025-09-30T06:05:29.84471802Z
ADSEW,ADS-TEC ENERGY PLC Warrant,stocks,us,XNAS,WARRANT,True,usd,0001879248,2025-09-30T06:05:29.84471811Z
ADSK,Autodesk Inc,stocks,us,XNAS,CS,True,usd,0000769397,BBG000BM7HL0,BBG001S5SCD4,2025-09-30T06:05:29.84471821Z
ADT,ADT Inc.,stocks,us,XNYS,CS,True,usd,0001703056,BBG000BP9WJ1,BBG001S6VGG6,2025-09-30T06:05:29.84471829Z
ADTN,"ADTRAN Holdings, Inc. Common Stock",stocks,us,XNAS,CS,True,usd,0000926282,BBG0169CH7X9,BBG0169CH7Y8,2025-09-30T06:05:29.84471837Z
ADTX,"Aditxt, Inc. Common Stock",stocks,us,XNAS,CS,True,usd,0001726711,BBG00RDV1WS5,BBG00RDV1WT4,2025-09-30T06:05:29.844718451Z
ADUR,Aduro Clean Technologies Inc. Common Stock,stocks,us,XNAS,CS,True,usd,0001863934,BBG011F62496,BBG00N9ZZX01,2025-09-30T06:05:29.844718541Z
ADUS,Addus HomeCare Corp.,stocks,us,XNAS,CS,True,usd,0001468328,BBG000NJGX84,BBG001T56D18,2025-09-30T06:05:29.844718621Z
ADV,Advantage Solutions Inc. Class A Common Stock,stocks,us,XNAS,CS,True,usd,0001776661,BBG00PPWZ8C7,BBG00PPWZ8G3,2025-09-30T06:05:29.844718701Z
ADVB,Advanced Biomed Inc. Common Stock,stocks,us,XNAS,CS,True,usd,0001941029,BBG01HW4B3M4,BBG01HW4B3N3,2025-09-30T06:05:29.844718781Z
ADVE,Matthews Asia Dividend Active ETF,stocks,us,ARCX,ETF,True,usd,BBG01JFHH825,BBG01JFHH923,2025-09-30T06:05:29.844718861Z
ADVM,"Adverum Biotechnologies, Inc. Common Stock",stocks,us,XNAS,CS,True,usd,0001501756,BBG006D9MR17,BBG006D9MR26,2025-09-30T06:05:29.844718942Z
ADVWW,Advantage Solutions Inc. Warrant,stocks,us,XNAS,WARRANT,True,usd,0001776661,BBG00Q6CTMG2,2025-09-30T06:05:29.844719022Z
ADX,"Adams Diversified Equity Fund, Inc",stocks,us,XNYS,FUND,True,usd,0000002230,BBG000BB8MR6,BBG001S5NDV7,2025-09-30T06:05:29.844719102Z
ADXN,Addex Therapeutics Ltd American Depositary Shares,stocks,us,XNAS,ADRC,True,usd,0001574232,BBG00R48ST95,BBG00R48SV18,2025-09-30T06:05:29.844719182Z
AEBI,Aebi Schmidt Holding AG Common Stock,stocks,us,XNAS,CS,True,usd,0002048519,2025-09-30T06:05:29.844719272Z
AEC,Anfield Energy Inc. Common Shares,stocks,us,XNAS,CS,True,usd,0001519469,BBG002PL1DW6,BBG001V114Z2,2025-09-30T06:05:29.844719513Z
AEE,Ameren Corporation,stocks,us,XNYS,CS,True,usd,0001002910,BBG000B9X8C0,BBG001S5NF24,2025-09-30T06:05:29.844719593Z
AEF,"abrdn Emerging Markets ex-China Fund, Inc.",stocks,us,XASE,FUND,True,usd,0000846676,BBG000BGWCV5,BBG001S5QCR1,2025-09-30T06:05:29.844719693Z
AEFC,Aegon Funding Company LLC 5.10% Subordinated Notes due 2049,stocks,us,XNYS,SP,True,usd,0000769218,2025-09-30T06:05:29.844719783Z
AEG,Aegon Ltd.,stocks,us,XNYS,CS,True,usd,0000769218,BBG000CKQSN6,BBG001S6Y6M8,2025-09-30T06:05:29.844719863Z
AEHL,Antelope Enterprise Holdings Limited Class A Ordinary Shares,stocks,us,XNAS,CS,True,usd,0001470683,2025-09-30T06:05:29.844719943Z
AEHR,Aehr Test Systems,stocks,us,XNAS,CS,True,usd,0001040470,BBG000BWM083,BBG001SB1CS4,2025-09-30T06:05:29.844720024Z
AEI,Alset Inc. Common Stock (TX),stocks,us,XNAS,CS,True,usd,0001750106,BBG000PZLNH2,BBG001SRKK73,2025-09-30T06:05:29.844720104Z
AEIS,Advanced Energy Industries Inc,stocks,us,XNAS,CS,True,usd,0000927003,BBG000FKMP26,BBG001S8L5Z6,2025-09-30T06:05:29.844720184Z
AEM,Agnico Eagle Mines Ltd.,stocks,us,XNYS,CS,True,usd,0000002809,BBG000DLVDK3,BBG001S77MK3,2025-09-30T06:05:29.844720274Z
AEMD,AETHLON MEDICAL INC,stocks,us,XNAS,CS,True,usd,0000882291,BBG000L78XT8,BBG001SDDHJ6,2025-09-30T06:05:29.844720354Z
AEMS,Anfield Enhanced Market ETF,stocks,us,BATS,ETF,True,usd,0001552947,BBG01VRP0J30,BBG01VRP0K28,2025-09-30T06:05:29.844720434Z
AENT,Alliance Entertainment Holding Corporation Class A Common Stock,stocks,us,XNAS,CS,True,usd,0001823584,BBG00YB0X2R2,BBG00YB0X2S1,2025-09-30T06:05:29.844720515Z
AENTW,Alliance Entertainment Holding Corporation Warrants,stocks,us,XNAS,WARRANT,True,usd,0001823584,BBG00ZS05J95,2025-09-30T06:05:29.844720595Z
AEO,American Eagle Outfitters,stocks,us,XNYS,CS,True,usd,0000919012,BBG000BGXZB5,BBG001S7Q949,2025-09-30T06:05:29.844720675Z
AEON,"AEON Biopharma, Inc.",stocks,us,XASE,CS,True,usd,0001837607,BBG00Z17HDW3,BBG00Z17HFQ5,2025-09-30T06:05:29.844720755Z
AEP,"American Electric Power Company, Inc.",stocks,us,XNAS,CS,True,usd,0000004904,BBG000BB9KF2,BBG001S5NFD2,2025-09-30T06:05:29.844720995Z
AER,Aercap Holdings N.V.,stocks,us,XNYS,CS,True,usd,0001378789,2025-09-30T06:05:29.844721076Z
AERT,"Aeries Technology, Inc. Class A Ordinary Share",stocks,us,XNAS,CS,True,usd,0001853044,2025-09-30T06:05:29.844721196Z
AERTW,"Aeries Technology, Inc. Warrant",stocks,us,XNAS,WARRANT,True,usd,0001853044,2025-09-30T06:05:29.844721276Z
AES,AES Corporation,stocks,us,XNYS,CS,True,usd,0000874761,BBG000C23KJ3,BBG001S6B1L5,2025-09-30T06:05:29.844721366Z
AESI,Atlas Energy Solutions Inc.,stocks,us,XNYS,CS,True,usd,0001984060,BBG01JFZ96X4,BBG01JFZ96Y3,2025-09-30T06:05:29.844721456Z
AESR,Anfield U.S. Equity Sector Rotation ETF,stocks,us,BATS,ETF,True,usd,0001552947,BBG00R4084K6,BBG00R408596,2025-09-30T06:05:29.844721536Z
AETH,Bitwise Trendwise Ether and Treasuries Rotation Strategy ETF,stocks,us,ARCX,ETF,True,usd,BBG01JLGS0C4,BBG01JLGS178,2025-09-30T06:05:29.844721617Z
AEVA,"Aeva Technologies, Inc.",stocks,us,XNAS,CS,True,usd,0001789029,BBG00RK5L2N3,BBG00RK5L2P1,2025-09-30T06:05:29.844721697Z
AEVAW,"Aeva Technologies, Inc. Warrants",stocks,us,XNAS,WARRANT,True,usd,0001789029,BBG00RYQY3V7,2025-09-30T06:05:29.844721777Z
AEXA,American Exceptionalism Acquisition Corp. A,stocks,us,XNYS,CS,True,usd,0002079173,2025-09-30T06:05:29.844721867Z
AEYE,"AudioEye, Inc. Common Stock",stocks,us,XNAS,CS,True,usd,0001362190,BBG002ZQLQB6,BBG002ZQLQC5,2025-09-30T06:05:29.844721947Z
AFB,"Alliance National Municipal Income Fund, Inc.",stocks,us,XNYS,FUND,True,usd,0001162027,BBG000DTM676,BBG001SK6452,2025-09-30T06:05:29.844722027Z
AFBI,"Affinity Bancshares, Inc. Common Stock (MD)",stocks,us,XNAS,CS,True,usd,0001823406,BBG00XH58W17,BBG00XH58WY1,2025-09-30T06:05:29.844722108Z
AFCG,Advanced Flower Capital Inc. Common Stock,stocks,us,XNAS,CS,True,usd,0001822523,BBG00YPSX4X5,BBG00YPSX5R9,2025-09-30T06:05:29.844722258Z
AFG,"American Financial Group, Inc.",stocks,us,XNYS,CS,True,usd,0001042046,BBG000DPKKK0,BBG001S8JK86,2025-09-30T06:05:29.844722338Z
AFGB,"American Financial Group, Inc. 5.875% Subordinated Debentures due 2059",stocks,us,XNYS,SP,True,usd,0001042046,2025-09-30T06:05:29.844722709Z
AFGC,"American Financial Group, Inc. 5.125% Subordinated Debentures due 2059",stocks,us,XNYS,SP,True,usd,0001042046,2025-09-30T06:05:29.844722789Z
AFGD,"American Financial Group, Inc. 5.625% Subordinated Debentures due 2060",stocks,us,XNYS,SP,True,usd,0001042046,2025-09-30T06:05:29.844722909Z
AFGE,"American Financial Group, Inc. 4.500% Subordinated Debentures due 2060",stocks,us,XNYS,SP,True,usd,0001042046,2025-09-30T06:05:29.844722989Z
AFIF,Anfield Universal Fixed Income ETF,stocks,us,BATS,ETF,True,usd,0001552947,BBG00LZQ9356,BBG00LZQ93Z3,2025-09-30T06:05:29.844723079Z
AFIX,Allspring Broad Market Core Bond ETF,stocks,us,ARCX,ETF,True,usd,BBG01QVK6KB9,BBG01QVK6L54,2025-09-30T06:05:29.84472316Z
AFJK,"Aimei Health Technology Co., Ltd Ordinary Share",stocks,us,XNAS,CS,True,usd,0001979005,2025-09-30T06:05:29.84472324Z
AFJKR,"Aimei Health Technology Co., Ltd Right",stocks,us,XNAS,RIGHT,True,usd,0001979005,2025-09-30T06:05:29.84472333Z
AFJKU,"Aimei Health Technology Co., Ltd Unit",stocks,us,XNAS,UNIT,True,usd,0001979005,2025-09-30T06:05:29.84472341Z
AFK,VanEck Africa Index ETF,stocks,us,ARCX,ETF,True,usd,0001137360,BBG000H0B9J8,BBG001T33P37,2025-09-30T06:05:29.84472349Z
AFL,Aflac Inc.,stocks,us,XNYS,CS,True,usd,0000004977,BBG000BBBNC6,BBG001S5NGJ4,2025-09-30T06:05:29.84472357Z
AFLG,First Trust Active Factor Large Cap ETF,stocks,us,ARCX,ETF,True,usd,0001667919,BBG00QZ0DQB9,BBG00QZ0DR27,2025-09-30T06:05:29.84472365Z
AFMC,First Trust Active Factor Mid Cap ETF,stocks,us,ARCX,ETF,True,usd,0001667919,BBG00QZ0GVP0,BBG00QZ0GWH7,2025-09-30T06:05:29.844723731Z
AFOS,ARS Focused Opportunity Strategy ETF,stocks,us,XNAS,ETF,True,usd,BBG01VPTD7B7,BBG01VPTD898,2025-09-30T06:05:29.844723811Z
AFRI,Forafric Global PLC Ordinary Shares,stocks,us,XNAS,CS,True,usd,0001903870,2025-09-30T06:05:29.844723891Z
AFRIW,Forafric Global PLC Warrants,stocks,us,XNAS,WARRANT,True,usd,0001903870,2025-09-30T06:05:29.844723981Z
AFRM,"Affirm Holdings, Inc. Class A Common Stock",stocks,us,XNAS,CS,True,usd,0001820953,BBG00Y7BP8Y1,BBG00Y7BP8Z0,2025-09-30T06:05:29.844724332Z
AFRU,T-REX 2X Long AFRM Daily Target ETF,stocks,us,BATS,ETF,True,usd,BBG01WW9WYK1,BBG01WW9WZK8,2025-09-30T06:05:29.844724412Z
AFSC,abrdn Focused U.S. Small Cap Active ETF,stocks,us,XNAS,ETF,True,usd,BBG01S68Z424,BBG01S68Z5J3,2025-09-30T06:05:29.844724572Z
AFSM,First Trust Active Factor Small Cap ETF,stocks,us,ARCX,ETF,True,usd,0001667919,BBG00QZ0H932,BBG00QZ0H9W0,2025-09-30T06:05:29.844724652Z
AFYA,Afya Limited Class A Common Shares,stocks,us,XNAS,CS,True,usd,0001771007,2025-09-30T06:05:29.844724733Z
AG,FIRST MAJESTIC SILVER CORP,stocks,us,XNYS,CS,True,usd,0001308648,BBG000CH7WB8,BBG001SGV444,2025-09-30T06:05:29.844724813Z
AGAE,Allied Gaming & Entertainment Inc. Common Stock,stocks,us,XNAS,CS,True,usd,0001708341,BBG00J2442Y1,BBG00J2443N1,2025-09-30T06:05:29.844724903Z
AGCO,AGCO Corporation,stocks,us,XNYS,CS,True,usd,0000880266,BBG000DCCZW2,BBG001S7WHW3,2025-09-30T06:05:29.844724983Z
AGD,abrdn Global Dynamic Dividend Fund,stocks,us,XNYS,FUND,True,usd,0001362481,BBG000DJLNL6,BBG001SMLZ16,2025-09-30T06:05:29.844725063Z
AGEM,abrdn Emerging Markets Dividend Active ETF,stocks,us,XNAS,ETF,True,usd,BBG01S68DQN6,BBG01S68DRK7,2025-09-30T06:05:29.844725143Z
AGEN,Agenus Inc.,stocks,us,XNAS,CS,True,usd,0001098972,BBG000C8SWQ9,BBG001SDV370,2025-09-30T06:05:29.844725234Z
AGG,iShares Core U.S. Aggregate Bond ETF,stocks,us,ARCX,ETF,True,usd,0001100663,BBG000Q123R0,BBG001SM1QT8,2025-09-30T06:05:29.844725314Z
AGGA,EA Series Trust EA Astoria Dynamic Core US Fixed Income ETF,stocks,us,XNAS,ETF,True,usd,BBG01TS490J6,BBG01TS491J4,2025-09-30T06:05:29.844725394Z
AGGH,Simplify Aggregate Bond ETF,stocks,us,ARCX,ETF,True,usd,0001810747,BBG015BC7V75,BBG015BC7WS0,2025-09-30T06:05:29.844725474Z
AGGS,Harbor Disciplined Bond ETF,stocks,us,ARCX,ETF,True,usd,0001860434,BBG01MCGX1X6,BBG01MCGX2S0,2025-09-30T06:05:29.844725554Z
AGGY,WisdomTree Yield Enhanced U.S. Aggregate Bond Fund,stocks,us,ARCX,ETF,True,usd,0001350487,BBG009KCY2B7,BBG009KCY2C6,2025-09-30T06:05:29.844725634Z
AGH,Aureus Greenway Holdings Inc. Common Stock,stocks,us,XNAS,CS,True,usd,0002009312,BBG01NG4Q1P4,BBG01NG4Q2J9,2025-09-30T06:05:29.844726005Z
AGI,Alamos Gold Inc. Class A Common Shares,stocks,us,XNYS,CS,True,usd,0001178819,BBG009HT6BL4,BBG009HT65S0,2025-09-30T06:05:29.844726085Z
AGIO,"Agios Pharmaceuticals, Inc.",stocks,us,XNAS,CS,True,usd,0001439222,BBG000QY4ZD0,BBG001T8R687,2025-09-30T06:05:29.844726205Z
AGIQ,SoFi Agentic AI ETF,stocks,us,ARCX,ETF,True,usd,BBG01WV67GC4,BBG01WV67HD1,2025-09-30T06:05:29.844726286Z
AGIX,KraneShares Artificial Intelligence ETF,stocks,us,XNAS,ETF,True,usd,0001536592,BBG01NT1RH61,BBG01NT1RJ21,2025-09-30T06:05:29.844726366Z
AGL,"agilon health, inc.",stocks,us,XNYS,CS,True,usd,0001831097,BBG00HCYVQQ4,BBG00HCYVQR3,2025-09-30T06:05:29.844726446Z
AGM,Federal Agricultural Mortgage Corporation,stocks,us,XNYS,CS,True,usd,0000845877,BBG000G8ZKY4,BBG001SCWNB2,2025-09-30T06:05:29.844726526Z
AGM.A,Federal Agricultural Mortgage Corporation Class A Voting,stocks,us,XNYS,CS,True,usd,0000845877,BBG000G8Y1Z6,BBG001SCWN95,2025-09-30T06:05:29.844726606Z
AGMH,AGM Group Holdings Inc. Class A Ordinary Shares,stocks,us,XNAS,CS,True,usd,0001705402,2025-09-30T06:05:29.844726987Z
AGMI,Themes Silver Miners ETF,stocks,us,XNAS,ETF,True,usd,0001976322,BBG01MQSFLS7,BBG01MQSFMM1,2025-09-30T06:05:29.844727177Z
AGMpD,"Federal Agricultural Mortgage Corporation 5.700% Non-Cumulative Preferred Stock, Series D",stocks,us,XNYS,PFD,True,usd,0000845877,2025-09-30T06:05:29.844727257Z
AGMpE,"Federal Agricultural Mortgage Corporation 5.750% Non-Cumulative Preferred Stock, Series E",stocks,us,XNYS,PFD,True,usd,0000845877,2025-09-30T06:05:29.844727348Z
AGMpF,"Federal Agricultural Mortgage Corporation 5.250% Non-Cumulative Preferred Stock, Series F",stocks,us,XNYS,PFD,True,usd,0000845877,2025-09-30T06:05:29.844727428Z
AGMpG,"Federal Agricultural Mortgage Corporation 4.875% Non-Cumulative Preferred Stock, Series G",stocks,us,XNYS,PFD,True,usd,0000845877,2025-09-30T06:05:29.844727508Z
AGMpH,"Federal Agricultural Mortgage Corporation 6.500% Non-Cumulative Preferred Stock, Series H",stocks,us,XNYS,PFD,True,usd,0000845877,2025-09-30T06:05:29.844727588Z
AGNC,AGNC Investment Corp. Common Stock,stocks,us,XNAS,CS,True,usd,0001423689,BBG000TJ8XZ7,BBG001T074G2,2025-09-30T06:05:29.844727678Z
AGNCL,"AGNC Investment Corp. Depositary Shares Each Representing a 1/1,000th Interest in a Share of 7.75% Series G Fixed-Rate Reset Cumulative Redeemable Preferred Stock",stocks,us,XNAS,CS,True,usd,0001423689,2025-09-30T06:05:29.844728029Z
AGNCM,AGNC Investment Corp. Depositary Shares rep 6.875% Series D Fixed-to-Floating Cumulative Redeemable Preferred Stock,stocks,us,XNAS,PFD,True,usd,0001423689,2025-09-30T06:05:29.844728119Z
AGNCN,"AGNC Investment Corp. Depositary Shares Each Representing a 1/1,000th Interest in a Share of 7 percent Series C Fixed-To-Floating Rate Cumulative Redeemable Preferred Stock",stocks,us,XNAS,PFD,True,usd,0001423689,2025-09-30T06:05:29.844728219Z
AGNCO,"AGNC Investment Corp. Depositary Shares, each representing a 1/1,000th interest in a share of 6.50% Series E Fixed-to-Floating Cumulative Redeemable Preferred Stock",stocks,us,XNAS,CS,True,usd,0001423689,2025-09-30T06:05:29.844728299Z
AGNCP,"AGNC Investment Corp. Depositary Shares Each Representing a 1/1,000th Interest in a Share of 6.125% Series F Fixed-to-Floating Rate Cumulative Redeemable Preferred Stock",stocks,us,XNAS,PFD,True,usd,0001423689,2025-09-30T06:05:29.84472838Z
AGNCZ,AGNC Investment Corp. 8.75% Series H Fixed-Rate Cumulative Redeemable Preferred Stock,stocks,us,XNAS,PFD,True,usd,0001423689,2025-09-30T06:05:29.84472847Z
AGNG,Global X Funds Global X Aging Population ETF,stocks,us,XNAS,ETF,True,usd,0001432353,BBG00CVW2JC1,BBG00CVW2JD0,2025-09-30T06:05:29.84472855Z
AGO,"Assured Guaranty, LTD",stocks,us,XNYS,CS,True,usd,0001273813,2025-09-30T06:05:29.84472863Z
AGOX,Adaptive Alpha Opportunities ETF,stocks,us,ARCX,ETF,True,usd,BBG010WX25M2,BBG010WX26H6,2025-09-30T06:05:29.844728961Z
AGQ,ProShares Ultra Silver,stocks,us,ARCX,ETV,True,usd,0001415311,BBG000F7KQG0,BBG001T2GCT6,2025-09-30T06:05:29.844729041Z
AGQI,First Trust Active Global Quality Income ETF,stocks,us,ARCX,ETF,True,usd,0001667919,BBG01K8H7QZ5,BBG01K8H7RT0,2025-09-30T06:05:29.844729131Z
AGRH,iShares Interest Rate Hedged U.S. Aggregate Bond ETF,stocks,us,ARCX,ETF,True,usd,0001524513,BBG01858ZD01,BBG01858ZF15,2025-09-30T06:05:29.844729211Z
AGRI,AgriFORCE Growing Systems Ltd. Common Shares,stocks,us,XNAS,CS,True,usd,0001826397,2025-09-30T06:05:29.844729301Z
AGRO,ADECOAGRO S.A.,stocks,us,XNYS,CS,True,usd,0001499505,2025-09-30T06:05:29.844729381Z
AGRW,Allspring LT Large Growth ETF,stocks,us,ARCX,ETF,True,usd,BBG01SXPDTR8,BBG01SXPDVQ4,2025-09-30T06:05:29.844729472Z
AGX,"Argan, Inc",stocks,us,XNYS,CS,True,usd,0000100591,BBG000K4J3T0,BBG001SJP7D8,2025-09-30T06:05:29.844729552Z
AGYS,"Agilysys, Inc. Common Stock (DE)",stocks,us,XNAS,CS,True,usd,0000078749,BBG000BR74W6,BBG001S5V6V3,2025-09-30T06:05:29.844729822Z
AGZ,iShares Agency Bond ETF,stocks,us,ARCX,ETF,True,usd,0001100663,BBG000G03TV0,BBG001T2RRQ4,2025-09-30T06:05:29.844729912Z
AGZD,WisdomTree Trust WisdomTree Interest Rate Hedged U.S. Aggregate Bond Fund,stocks,us,XNAS,ETF,True,usd,0001350487,BBG005Q26B40,BBG005Q26B59,2025-09-30T06:05:29.844730033Z
AHCO,AdaptHealth Corp. Common Stock,stocks,us,XNAS,CS,True,usd,0001725255,BBG00KJQVGV3,BBG00KJQVGW2,2025-09-30T06:05:29.844730113Z
AHG,Akso Health Group ADS,stocks,us,XNAS,ADRC,True,usd,0001702318,BBG00HVQFMZ7,BBG00HVQFN03,2025-09-30T06:05:29.844730203Z
AHH,"Armada Hoffler Properties, Inc.",stocks,us,XNYS,CS,True,usd,0001569187,BBG004CYX1M0,BBG004CYX1N9,2025-09-30T06:05:29.844730283Z
AHHpA,"Armada Hoffler Properties, Inc. 6.75% Series A Cumulative Redeemable Perpetual Preferred Stock",stocks,us,XNYS,PFD,True,usd,0001569187,2025-09-30T06:05:29.844730423Z
AHL,Aspen Insurance Holdings Limited,stocks,us,XNYS,CS,True,usd,0001267395,2025-09-30T06:05:29.844730504Z
AHLT,American Beacon AHL Trend ETF,stocks,us,ARCX,ETF,True,usd,BBG01J3YK8D5,BBG01J3YK989,2025-09-30T06:05:29.844730584Z
AHLpD,Aspen Insurance Holdings Limited 5.625% Perpetual Non-Cumulative Preference Shares,stocks,us,XNYS,PFD,True,usd,0001267395,2025-09-30T06:05:29.844730824Z
AHLpE,"Aspen Insurance Holdings Limited Depositary Shares, each representing a 1/1000th interest in a share of 5.625% Perpetual Non-Cumulative Preference Shares",stocks,us,XNYS,PFD,True,usd,0001267395,2025-09-30T06:05:29.844730904Z
AHLpF,"Aspen Insurance Holdings Limited Depositary Shares, each representing a 1/1,000th Interest in a 7.00% Perpetual Non-Cumulative Preference Share",stocks,us,XNYS,PFD,True,usd,0001267395,2025-09-30T06:05:29.844730994Z
AHR,"American Healthcare REIT, Inc.",stocks,us,XNYS,CS,True,usd,0001632970,BBG01L820CZ4,BBG01L820DT9,2025-09-30T06:05:29.844731075Z
AHT,"Ashford Hospitality Trust, Inc.",stocks,us,XNYS,CS,True,usd,0001232582,BBG000PRZVD1,BBG001SLQ6G1,2025-09-30T06:05:29.844731155Z
AHTpD,"Ashford Hospitality Trust, Inc. 8.45% Series D",stocks,us,XNYS,PFD,True,usd,0001232582,2025-09-30T06:05:29.844731235Z
AHTpF,"Ashford Hospitality Trust, Inc.",stocks,us,XNYS,PFD,True,usd,0001232582,2025-09-30T06:05:29.844731315Z
AHTpG,"Ashford Hospitality Trust, Inc   7.375% Series G Cumulative Preferred Stock",stocks,us,XNYS,PFD,True,usd,0001232582,2025-09-30T06:05:29.844731686Z
AHTpH,"Ashford Hospitality Trust, Inc. 7.50 Percent Series H Cumulative Preferred Stock",stocks,us,XNYS,PFD,True,usd,0001232582,2025-09-30T06:05:29.844731766Z
AHTpI,"Ashford Hospitality Trust, Inc. 7.50% Series I Cumulative Preferred Stock",stocks,us,XNYS,PFD,True,usd,0001232582,2025-09-30T06:05:29.844731886Z
AHYB,American Century Select High Yield ETF,stocks,us,ARCX,ETF,True,usd,0001710607,BBG013HJSPQ8,BBG013HJSQK2,2025-09-30T06:05:29.844731966Z
AI,"C3.ai, Inc.",stocks,us,XNYS,CS,True,usd,0001577526,BBG00Y6G6X31,BBG00Y6G6Y84,2025-09-30T06:05:29.844732046Z
AIA,iShares Asia 50 ETF,stocks,us,XNAS,ETF,True,usd,0001100663,BBG000TVYW56,BBG001T0LKC4,2025-09-30T06:05:29.844732137Z
AIBD,Direxion Daily AI and Big Data Bear 2X Shares,stocks,us,ARCX,ETF,True,usd,BBG01MG5S082,BBG01MG5S153,2025-09-30T06:05:29.844732217Z
AIBU,Direxion Daily AI and Big Data Bull 2X Shares,stocks,us,ARCX,ETF,True,usd,BBG01MG5M122,BBG01MG5M1X8,2025-09-30T06:05:29.844732297Z
AIEQ,Amplify AI Powered Equity ETF,stocks,us,ARCX,ETF,True,usd,0001633061,BBG01L6Y3H73,BBG01L6Y3J42,2025-09-30T06:05:29.844732377Z
AIFD,TCW Artificial Intelligence ETF,stocks,us,XNAS,ETF,True,usd,0001831313,BBG01MQS6C89,BBG01MQS6D50,2025-09-30T06:05:29.844732457Z
AIFF,"Firefly Neuroscience, Inc. Common Stock",stocks,us,XNAS,CS,True,usd,0000803578,BBG000BF6HD5,BBG001S6ZMC3,2025-09-30T06:05:29.844732537Z
AIFU,AIFU Inc. Class A Ordinary Share,stocks,us,XNAS,CS,True,usd,0001413855,2025-09-30T06:05:29.844732618Z
AIG,"American International Group, Inc.",stocks,us,XNYS,CS,True,usd,0000005272,BBG000BBDZG3,BBG001S5NJG1,2025-09-30T06:05:29.844732698Z
AIHS,Senmiao Technology Limited Common Stock,stocks,us,XNAS,CS,True,usd,0001711012,BBG00J3Q25V9,BBG00J3Q26K9,2025-09-30T06:05:29.844732778Z
AII,"American Integrity Insurance Group, Inc.",stocks,us,XNYS,CS,True,usd,0002007587,BBG000BN06C9,BBG001SC1H65,2025-09-30T06:05:29.844732868Z
AIIO,Robo.ai Inc. Class B Ordinary Shares,stocks,us,XNAS,CS,True,usd,0001932737,2025-09-30T06:05:29.844732948Z
AIIOW,Robo.ai Inc. Warrant,stocks,us,XNAS,WARRANT,True,usd,0001932737,2025-09-30T06:05:29.844733169Z
AIM,AIM ImmunoTech Inc.,stocks,us,XASE,CS,True,usd,0000946644,BBG000JL6Z80,BBG001SB9J29,2025-09-30T06:05:29.844733259Z
AIMD,"Ainos, Inc. Common Stock",stocks,us,XNAS,CS,True,usd,0001014763,BBG000H6PLR4,BBG001S965R0,2025-09-30T06:05:29.844733389Z
AIMDW,"Ainos, Inc. Warrants",stocks,us,XNAS,WARRANT,True,usd,0001014763,BBG019232J79,2025-09-30T06:05:29.844733469Z
AIN,Albany International Corp Class A,stocks,us,XNYS,CS,True,usd,0000819793,BBG000BRWWH3,BBG001S5VKN1,2025-09-30T06:05:29.844733549Z
AINP,Allspring Income Plus ETF,stocks,us,ARCX,ETF,True,usd,BBG01QVK6YM7,BBG01QVK6ZK6,2025-09-30T06:05:29.84473363Z
AIO,Virtus Artificial Intelligence & Technology Opportunities Fund,stocks,us,XNYS,FUND,True,usd,0001778114,BBG00Q7474K8,BBG00Q7474L7,2025-09-30T06:05:29.84473371Z
AIOO,AllianzIM U.S. Equity Buffer100 Protection ETF,stocks,us,BATS,ETF,True,usd,0001797318,BBG01V5B7TC6,BBG01V5B7V77,2025-09-30T06:05:29.84473379Z
AIOT,"PowerFleet, Inc. Common Stock",stocks,us,XNAS,CS,True,usd,0001774170,BBG00PG3JNL6,BBG00PG3JNM5,2025-09-30T06:05:29.84473388Z
AIP,"Arteris, Inc. Common Stock",stocks,us,XNAS,CS,True,usd,0001667011,BBG000QMLTK3,BBG001T7VHG1,2025-09-30T06:05:29.84473396Z
AIPI,REX AI Equity Premium Income ETF,stocks,us,XNAS,ETF,True,usd,BBG01N48YNC5,BBG01N48YPF7,2025-09-30T06:05:29.84473404Z
AIPO,Defiance AI & Power Infrastructure ETF,stocks,us,XNAS,ETF,True,usd,BBG01S2RQNR7,BBG01S2RQPN6,2025-09-30T06:05:29.84473412Z
AIQ,Global X Funds Global X Artificial Intelligence & Technology ETF,stocks,us,XNAS,ETF,True,usd,0001432353,BBG00KX8KG94,BBG00KX8KH01,2025-09-30T06:05:29.844734201Z
AIR,AAR Corp.,stocks,us,XNYS,CS,True,usd,0000001750,BBG000BBGQF1,BBG001S5NJX2,2025-09-30T06:05:29.844734281Z
AIRE,reAlpha Tech Corp. Common Stock,stocks,us,XNAS,CS,True,usd,0001859199,BBG015SL9PD1,BBG015SL9PF9,2025-09-30T06:05:29.844734361Z
AIRG,"Airgain, Inc. Common Stock",stocks,us,XNAS,CS,True,usd,0001272842,BBG0026ZDGG4,BBG0026ZDGH3,2025-09-30T06:05:29.844734441Z
AIRI,Air Industries Group,stocks,us,XASE,CS,True,usd,0001009891,BBG000C8XXR0,BBG001SG3M27,2025-09-30T06:05:29.844734842Z
AIRJ,AirJoule Technologies Corporation Class A Common Stock,stocks,us,XNAS,CS,True,usd,0001855474,BBG014FPNGK5,BBG014FPNHD1,2025-09-30T06:05:29.844734922Z
AIRJW,AirJoule Technologies Corporation Warrant,stocks,us,XNAS,WARRANT,True,usd,0001855474,BBG014XDH6X7,2025-09-30T06:05:29.844735032Z
AIRO,"AIRO Group Holdings, Inc. Common Stock",stocks,us,XNAS,CS,True,usd,0001927958,BBG01FRGW2W5,BBG01FRGW2Z2,2025-09-30T06:05:29.844735112Z
AIRR,First Trust RBA American Industrial Renaissance ETF,stocks,us,XNAS,ETF,True,usd,0001552740,BBG0063G4FW4,BBG0063G4FX3,2025-09-30T06:05:29.844735192Z
AIRS,"AirSculpt Technologies, Inc. Common Stock",stocks,us,XNAS,CS,True,usd,0001870940,BBG012V27C29,BBG012V27CX5,2025-09-30T06:05:29.844735273Z
AIRT,Air T Inc,stocks,us,XNAS,CS,True,usd,0000353184,BBG000BBH316,BBG001S5NJZ0,2025-09-30T06:05:29.844735353Z
AIRTP,"Air T, Inc. Air T Funding Alpha Income Trust Preferred Securities",stocks,us,XNAS,PFD,True,usd,0000353184,2025-09-30T06:05:29.844735433Z
AIS,VistaShares Artificial Intelligence Supercycle ETF,stocks,us,ARCX,ETF,True,usd,0001722388,BBG01R2TJN20,BBG01R2TJP25,2025-09-30T06:05:29.844735513Z
AISP,"Airship AI Holdings, Inc. Class A Common Stock",stocks,us,XNAS,CS,True,usd,0001842566,BBG00ZZNS7C4,BBG00ZZNS7D3,2025-09-30T06:05:29.844735603Z
AISPW,"Airship AI Holdings, Inc. Warrants",stocks,us,XNAS,WARRANT,True,usd,0001842566,BBG010W1PNX6,2025-09-30T06:05:29.844735693Z
AIT,"Applied Industrial Technologies, Inc.",stocks,us,XNYS,CS,True,usd,0000109563,BBG000BBHHP9,BBG001S5NK14,2025-09-30T06:05:29.844735774Z
AIV,Apartment Investment and Management Company,stocks,us,XNYS,CS,True,usd,0000922864,BBG000DD3510,BBG001S876N3,2025-09-30T06:05:29.844735854Z
AIVC,Amplify Bloomberg AI Value Chain ETF,stocks,us,ARCX,ETF,True,usd,0001633061,BBG01L6Y1LR4,BBG01L6Y1ML8,2025-09-30T06:05:29.844735934Z
AIVI,WisdomTree International AI Enhanced Value Fund,stocks,us,ARCX,ETF,True,usd,0001350487,BBG000BT3GK2,BBG001SHL7M6,2025-09-30T06:05:29.844736014Z
AIVL,WisdomTree U.S. AI Enhanced Value Fund,stocks,us,ARCX,ETF,True,usd,0001350487,BBG000BT2NX4,BBG001SHL7F4,2025-09-30T06:05:29.844736094Z
AIXI,XIAO-I Corporation American Depositary Shares,stocks,us,XNAS,ADRC,True,usd,0001935172,BBG01C3DTQ83,BBG01C3DTQ92,2025-09-30T06:05:29.844736345Z
AIYY,YieldMax AI Option Income Strategy ETF,stocks,us,ARCX,ETS,True,usd,0001924868,BBG01K8MLVZ7,BBG01K8MLWY6,2025-09-30T06:05:29.844736425Z
AIZ,"Assurant, Inc.",stocks,us,XNYS,CS,True,usd,0001267238,BBG000BZX1N5,BBG001SD9DW5,2025-09-30T06:05:29.844736545Z
AIZN,"Assurant, Inc. 5.25% Subordinated Notes due 2061",stocks,us,XNYS,SP,True,usd,0001267238,2025-09-30T06:05:29.844736625Z
AJAN,Innovator Equity Defined Protection ETF - 2 Yr to January 2026,stocks,us,BATS,ETF,True,usd,0001415726,BBG01KTTT4N4,BBG01KTTT5K4,2025-09-30T06:05:29.844736715Z
AJG,Arthur J. Gallagher & Co.,stocks,us,XNYS,CS,True,usd,0000354190,BBG000BBHXQ3,BBG001S5NKC2,2025-09-30T06:05:29.844736796Z
AJUL,Innovator Equity Defined Protection ETF - 2 Yr to July 2026,stocks,us,BATS,ETF,True,usd,0001415726,BBG01NJ0PGC1,BBG01NJ0PH66,2025-09-30T06:05:29.844736906Z
AKA,a.k.a. Brands Holding Corp.,stocks,us,XNYS,CS,True,usd,0001865107,BBG0129CWQ14,BBG0129CWQ23,2025-09-30T06:05:29.844736986Z
AKAF,The Frontier Economic Fund,stocks,us,XNYS,ETF,True,usd,BBG01VS3BCZ6,BBG01VS3BF70,2025-09-30T06:05:29.844737066Z
AKAM,Akamai Technologies Inc,stocks,us,XNAS,CS,True,usd,0001086222,BBG000BJQWD2,BBG001S7YHX0,2025-09-30T06:05:29.844737146Z
AKAN,Akanda Corp. Common Shares,stocks,us,XNAS,CS,True,usd,0001888014,BBG013GQ5XT8,BBG013GQ5XV5,2025-09-30T06:05:29.844737226Z
AKBA,"Akebia Therapeutics, Inc.",stocks,us,XNAS,CS,True,usd,0001517022,BBG000R33R00,BBG001T922S9,2025-09-30T06:05:29.844737317Z
AKO.A,Embotelladora Andina S.A. Series A,stocks,us,XNYS,ADRC,True,usd,0000925261,BBG000J82W71,BBG001S9ZDD6,2025-09-30T06:05:29.844737397Z
AKO.B,Embotelladora Andina S.A. Series B,stocks,us,XNYS,ADRC,True,usd,0000925261,BBG000DZ2SW8,BBG001S6T4X7,2025-09-30T06:05:29.844737477Z
AKR,Acadia Realty Trust,stocks,us,XNYS,CS,True,usd,0000899629,BBG000BJGD54,BBG001S7KXT5,2025-09-30T06:05:29.844737617Z
AKRO,"Akero Therapeutics, Inc. Common Stock",stocks,us,XNAS,CS,True,usd,0001744659,BBG00L9211Y8,BBG00L9211Z7,2025-09-30T06:05:29.844737697Z
AKTX,Akari Therapeutics plc ADR (0.01 USD),stocks,us,XNAS,ADRC,True,usd,0001541157,BBG003PMV495,BBG003PMV510,2025-09-30T06:05:29.844738008Z
AL,Air Lease Corporation,stocks,us,XNYS,CS,True,usd,0001487712,BBG000R3NPZ4,BBG001T92VD1,2025-09-30T06:05:29.844738088Z
ALAB,"Astera Labs, Inc. Common Stock",stocks,us,XNAS,CS,True,usd,0001736297,BBG00TDKHW99,BBG00TDKHWK6,2025-09-30T06:05:29.844738188Z
ALAI,Alger AI Enablers & Adopters ETF,stocks,us,ARCX,ETF,True,usd,0001807486,BBG01M13SDZ5,BBG01M13SFT7,2025-09-30T06:05:29.844738268Z
ALAR,Alarum Technologies Ltd. American Depositary Share,stocks,us,XNAS,ADRC,True,usd,0001725332,BBG00GVM3KM9,BBG00GVM3LB9,2025-09-30T06:05:29.844738349Z
ALB,Albemarle Corporation,stocks,us,XNYS,CS,True,usd,0000915913,BBG000BJ26K7,BBG001S7SBP9,2025-09-30T06:05:29.844738429Z
ALBT,Avalon GloboCare Corp. Common Stock,stocks,us,XNAS,CS,True,usd,0001630212,BBG008648HM7,BBG008648HN6,2025-09-30T06:05:29.844738529Z
ALBpA,Albemarle Corporation Depositary Shares each representing a 1/20th interest in a share of 7.25% Series A Mandatory Convertible Preferred Stock,stocks,us,XNYS,SP,True,usd,0000915913,2025-09-30T06:05:29.844738649Z
ALC,Alcon Inc. Ordinary Shares,stocks,us,XNYS,CS,True,usd,0001167379,2025-09-30T06:05:29.844738729Z
ALCO,Alico Inc,stocks,us,XNAS,CS,True,usd,0000003545,BBG000BBJR57,BBG001S5NKW0,2025-09-30T06:05:29.844738809Z
ALCY,Alchemy Investments Acquisition Corp 1 Class A Ordinary Shares,stocks,us,XNAS,CS,True,usd,0001901336,2025-09-30T06:05:29.84473889Z
ALCYU,Alchemy Investments Acquisition Corp 1 Units,stocks,us,XNAS,UNIT,True,usd,0001901336,2025-09-30T06:05:29.84473898Z
ALCYW,Alchemy Investments Acquisition Corp 1 Warrants,stocks,us,XNAS,WARRANT,True,usd,0001901336,2025-09-30T06:05:29.84473906Z
ALDF,Aldel Financial II Inc. Class A Ordinary Shares,stocks,us,XNAS,CS,True,usd,0002031561,2025-09-30T06:05:29.84473914Z
ALDFU,Aldel Financial II Inc. Units,stocks,us,XNAS,UNIT,True,usd,0002031561,2025-09-30T06:05:29.84473922Z
ALDFW,Aldel Financial II Inc. Warrants,stocks,us,XNAS,WARRANT,True,usd,0002031561,2025-09-30T06:05:29.8447393Z
ALDX,"Aldeyra Therapeutics, Inc.",stocks,us,XNAS,CS,True,usd,0001341235,BBG0029H8ZF6,BBG0029H8ZG5,2025-09-30T06:05:29.844739511Z
ALE,"ALLETE, Inc.",stocks,us,XNYS,CS,True,usd,0000066756,BBG000CYW7N5,BBG001S77110,2025-09-30T06:05:29.844739591Z
ALEC,"Alector, Inc. Common Stock",stocks,us,XNAS,CS,True,usd,0001653087,BBG00N0PL198,BBG00N0PL214,2025-09-30T06:05:29.844739691Z
ALEX,"Alexander & Baldwin, Inc.",stocks,us,XNYS,CS,True,usd,0001545654,BBG00HS2GVL8,BBG00HS2GVM7,2025-09-30T06:05:29.844739771Z
ALF,Centurion Acquisition Corp. Class A Ordinary Shares,stocks,us,XNAS,CS,True,usd,0002010930,2025-09-30T06:05:29.844739851Z
ALFUU,Centurion Acquisition Corp. Unit,stocks,us,XNAS,UNIT,True,usd,0002010930,2025-09-30T06:05:29.844739932Z
ALFUW,Centurion Acquisition Corp. Warrant,stocks,us,XNAS,WARRANT,True,usd,0002010930,2025-09-30T06:05:29.844740012Z
ALG,"Alamo Group, Inc.",stocks,us,XNYS,CS,True,usd,0000897077,BBG000BJTZX0,BBG001S7YVC2,2025-09-30T06:05:29.844740092Z
ALGM,"Allegro MicroSystems, Inc. Common Stock",stocks,us,XNAS,CS,True,usd,0000866291,BBG00H5S8391,BBG00H5S83B8,2025-09-30T06:05:29.844740182Z
ALGN,Align Technology Inc,stocks,us,XNAS,CS,True,usd,0001097149,BBG000BRNLL2,BBG001SCF1B9,2025-09-30T06:05:29.844740262Z
ALGS,"Aligos Therapeutics, Inc. Common Stock",stocks,us,XNAS,CS,True,usd,0001799448,BBG00QX7QH68,BBG00QX7QH77,2025-09-30T06:05:29.844740342Z
ALGT,Allegiant Travel Company,stocks,us,XNAS,CS,True,usd,0001362468,BBG000LJS6B8,BBG001SQ25S5,2025-09-30T06:05:29.844740422Z
ALHC,"Alignment Healthcare, Inc. Common Stock",stocks,us,XNAS,CS,True,usd,0001832466,BBG00ZJ0DSR6,BBG00ZJ0DSS5,2025-09-30T06:05:29.844740503Z
ALIL,Argent Focused Small Cap ETF,stocks,us,XNAS,ETF,True,usd,BBG01TCJ00K7,BBG01TCJ01G0,2025-09-30T06:05:29.844740583Z
ALIT,"Alight, Inc.",stocks,us,XNYS,CS,True,usd,0001809104,BBG00H00J2N1,BBG00H00J2Q8,2025-09-30T06:05:29.844740663Z
ALK,"Alaska Air Group, Inc.",stocks,us,XNYS,CS,True,usd,0000766421,BBG000BBL0Y1,BBG001S5NLG6,2025-09-30T06:05:29.844740753Z
ALKS,Alkermes Inc. plc,stocks,us,XNAS,CS,True,usd,0001520262,2025-09-30T06:05:29.844741064Z
ALKT,"Alkami Technology, Inc. Common Stock",stocks,us,XNAS,CS,True,usd,0001529274,BBG005HTCT54,BBG005HTCT63,2025-09-30T06:05:29.844741254Z
ALL,The Allstate Corporation,stocks,us,XNYS,CS,True,usd,0000899051,BBG000BVMGF2,BBG001S9BM06,2025-09-30T06:05:29.844741334Z
ALLE,Allegion Public Limited Company,stocks,us,XNYS,CS,True,usd,0001579241,2025-09-30T06:05:29.844741464Z
ALLO,"Allogene Therapeutics, Inc. Common Stock",stocks,us,XNAS,CS,True,usd,0001737287,BBG00KHRRDX3,BBG00KHRRDY2,2025-09-30T06:05:29.844741675Z
ALLR,"Allarity Therapeutics, Inc. Common Stock",stocks,us,XNAS,CS,True,usd,0001860657,BBG012NXCZP8,BBG012NXCZQ7,2025-09-30T06:05:29.844741885Z
ALLT,Allot Ltd. Ordinary Shares,stocks,us,XNAS,CS,True,usd,0001365767,2025-09-30T06:05:29.844741975Z
ALLW,SPDR Bridgewater All Weather ETF,stocks,us,XNAS,ETF,True,usd,0001516212,BBG01SN3NWY2,BBG01SN3NXT6,2025-09-30T06:05:29.844742136Z
ALLY,Ally Financial Inc.,stocks,us,XNYS,CS,True,usd,0000040729,BBG000BC2R71,BBG001S5RLN4,2025-09-30T06:05:29.844742206Z
ALLpB,The Allstate Corporation 5.100%  Fixed-To-Floating Rate Subordinated Debentures due 2053,stocks,us,XNYS,PFD,True,usd,0000899051,2025-09-30T06:05:29.844742757Z
ALLpH,The Allstate Corporation,stocks,us,XNYS,PFD,True,usd,0000899051,2025-09-30T06:05:29.844742837Z
ALLpI,The Allstate Corporation,stocks,us,XNYS,PFD,True,usd,0000899051,2025-09-30T06:05:29.844742917Z
ALLpJ,"The Allstate Corporation Depositary Shares each representing a 1/1,000th interest in a share of Fixed Rate Noncumulative Perpetual Preferred Stock, Series J",stocks,us,XNYS,PFD,True,usd,0000899051,2025-09-30T06:05:29.844742997Z
ALM,Almonty Industries Inc. Common Shares,stocks,us,XNAS,CS,True,usd,0001670061,BBG004KGNV81,BBG001T7CS41,2025-09-30T06:05:29.844743078Z
ALMS,Alumis Inc. Common Stock,stocks,us,XNAS,CS,True,usd,0001847367,BBG01J7X4PN2,BBG01J7X4PP0,2025-09-30T06:05:29.844743158Z
ALMU,"Aeluma, Inc. Common Stock",stocks,us,XNAS,CS,True,usd,0001828805,BBG013BHY3G1,BBG013BHY3H0,2025-09-30T06:05:29.844743248Z
ALNT,Allient Inc. Common Stock,stocks,us,XNAS,CS,True,usd,0000046129,BBG000BKVYJ3,BBG001S5RST3,2025-09-30T06:05:29.844743568Z
ALNY,"Alnylam Pharmaceuticals, Inc.",stocks,us,XNAS,CS,True,usd,0001178670,BBG000BFGNJ5,BBG001S7FTC8,2025-09-30T06:05:29.844743659Z
ALOT,"AstroNova, Inc. Common Stock",stocks,us,XNAS,CS,True,usd,0000008146,BBG000BBMCY4,BBG001S5NLS3,2025-09-30T06:05:29.844743769Z
ALRG,Allspring LT Large Core ETF,stocks,us,ARCX,ETF,True,usd,BBG01V9VKGD0,BBG01V9VKHF6,2025-09-30T06:05:29.844743849Z
ALRM,"Alarm.com Holdings, Inc.",stocks,us,XNAS,CS,True,usd,0001459200,BBG007GNPYY7,BBG007GNPYZ6,2025-09-30T06:05:29.844743929Z
ALRS,Alerus Financial Corporation Common Stock,stocks,us,XNAS,CS,True,usd,0000903419,BBG000BTXSH7,BBG001SGGKT8,2025-09-30T06:05:29.844744009Z
ALSN,"ALLISON TRANSMISSION HOLDINGS, INC.",stocks,us,XNYS,CS,True,usd,0001411207,BBG001KY3845,BBG001V0T5F3,2025-09-30T06:05:29.844744089Z
ALT,"Altimmune, Inc. Common Stock",stocks,us,XNAS,CS,True,usd,0001326190,BBG000FXML90,BBG001SNS461,2025-09-30T06:05:29.84474417Z
ALTG,Alta Equipment Group Inc.,stocks,us,XNYS,CS,True,usd,0001759824,BBG00NZ6JVD4,BBG00NZ6JW42,2025-09-30T06:05:29.84474455Z
ALTGpA,Alta Equipment Group Inc. Depositary Shares (each representing 1/1000th in a share of 10% Series A Cumulative Perpetual Preferred Stock),stocks,us,XNYS,PFD,True,usd,0001759824,2025-09-30T06:05:29.844744631Z
ALTI,"AlTi Global, Inc. Class A Common Stock",stocks,us,XNAS,CS,True,usd,0001838615,BBG00Z6F0LQ7,BBG00Z6F0ML0,2025-09-30T06:05:29.844744711Z
ALTL,Pacer Lunt Large Cap Alternator ETF,stocks,us,ARCX,ETF,True,usd,0001616668,BBG00VP22TF7,BBG00VP22V71,2025-09-30T06:05:29.844744791Z
ALTO,"Alto Ingredients, Inc. Common Stock",stocks,us,XNAS,CS,True,usd,0000778164,BBG000K4WSD7,BBG001SCBYZ5,2025-09-30T06:05:29.844744871Z
ALTS,ALT5 Sigma Corporation Common Stock,stocks,us,XNAS,CS,True,usd,0000862861,BBG000CKLRH0,BBG001S6Y4N2,2025-09-30T06:05:29.844744961Z
ALTY,Global X Funds Global X Alternative Income ETF,stocks,us,XNAS,ETF,True,usd,0001432353,BBG009L6H4R7,BBG009L6H4S6,2025-09-30T06:05:29.844745041Z
ALUR,"Allurion Technologies, Inc.",stocks,us,XNYS,CS,True,usd,0001964979,BBG01HPVRLS9,BBG01HPVRLV5,2025-09-30T06:05:29.844745121Z
ALUR.WS,"Allurion Technologies, Inc. Warrants, each whole warrant exercisable to purchase 0.056818 shares of common stock at an exercise price of $202.50 per share of common stock",stocks,us,XNYS,WARRANT,True,usd,0001964979,BBG01HPVZWF0,2025-09-30T06:05:29.844745352Z
ALV,"Autoliv, Inc.",stocks,us,XNYS,CS,True,usd,0001034670,BBG000BVLRY8,BBG001S9YRV6,2025-09-30T06:05:29.844745432Z
ALVO,Alvotech Ordinary Shares,stocks,us,XNAS,CS,True,usd,0001898416,2025-09-30T06:05:29.844745592Z
ALVOW,Alvotech Warrant,stocks,us,XNAS,WARRANT,True,usd,0001898416,2025-09-30T06:05:29.844745672Z
ALX,Alexander's Inc.,stocks,us,XNYS,CS,True,usd,0000003499,BBG000BBNLK8,BBG001S5NM92,2025-09-30T06:05:29.844745783Z
ALXO,ALX Oncology Holdings Inc. Common Stock,stocks,us,XNAS,CS,True,usd,0001810182,BBG00VR8SDG8,BBG00VR8SF73,2025-09-30T06:05:29.844745863Z
ALZN,"Alzamend Neuro, Inc. Common Stock",stocks,us,XNAS,CS,True,usd,0001677077,BBG00ZMXG7M8,BBG00ZMXG7N7,2025-09-30T06:05:29.844745943Z
AM,Antero Midstream Corporation Common Stock,stocks,us,XNYS,CS,True,usd,0001623925,BBG00GBNZ4M0,BBG00GBNZ4N9,2025-09-30T06:05:29.844746023Z
AMAL,Amalgamated Financial Corp. Common Stock (DE),stocks,us,XNAS,CS,True,usd,0001823608,BBG00XRT7YX6,BBG00XRT7YY5,2025-09-30T06:05:29.844746103Z
AMAT,Applied Materials Inc,stocks,us,XNAS,CS,True,usd,0000006951,BBG000BBPFB9,BBG001S5NMM7,2025-09-30T06:05:29.844746183Z
AMAX,Adaptive Hedged Multi-Asset Income ETF,stocks,us,ARCX,ETF,True,usd,BBG0133TN2R6,BBG0133TN3L0,2025-09-30T06:05:29.844746264Z
AMBA,"Ambarella, Inc. Ordinary Shares",stocks,us,XNAS,CS,True,usd,0001280263,2025-09-30T06:05:29.844746344Z
AMBC,"Ambac Financial Group, Inc.",stocks,us,XNYS,CS,True,usd,0000874501,BBG004HQHKK0,BBG004HQHL91,2025-09-30T06:05:29.844746434Z
AMBI,Ambipar Emergency Response,stocks,us,XASE,CS,True,usd,0001937441,2025-09-30T06:05:29.844746514Z
AMBI.WS,"Ambipar Emergency Response Warrants to purchase Class A ordinary shares, each whole warrant exercisable for one Class A ordinary share at an exercise price of $11.50 per share",stocks,us,XASE,WARRANT,True,usd,0001937441,2025-09-30T06:05:29.844746594Z
AMBO,Ambow Education Holding Ltd. American Depository Shares (each representing twenty (20) Class A Ordinary Shares),stocks,us,XASE,ADRC,True,usd,0001494558,BBG000BDCP09,BBG001T99B02,2025-09-30T06:05:29.844746674Z
AMBP,Ardagh Metal Packaging S.A.,stocks,us,XNYS,CS,True,usd,0001845097,2025-09-30T06:05:29.844746905Z
AMBP.WS,"Ardagh Metal Packaging S.A. Warrants, each exercisable for one Share at an exercise price of $11.50 per share",stocks,us,XNYS,WARRANT,True,usd,0001845097,2025-09-30T06:05:29.844746985Z
AMBQ,"Ambiq Micro, Inc.",stocks,us,XNYS,CS,True,usd,0001500412,BBG0026ZDH90,BBG0026ZDHB7,2025-09-30T06:05:29.844747125Z
AMBR,Amber International Holding Limited American Depositary Shares,stocks,us,XNAS,ADRC,True,usd,0001697818,BBG00J0BKBX0,BBG00J0BKBY9,2025-09-30T06:05:29.844747205Z
AMC,"AMC ENTERTAINMENT HOLDINGS, INC.",stocks,us,XNYS,CS,True,usd,0001411579,BBG000TDCVT6,BBG001SZYYL4,2025-09-30T06:05:29.844747286Z
AMCR,Amcor plc Ordinary Shares,stocks,us,XNYS,CS,True,usd,0001748790,2025-09-30T06:05:29.844747366Z
AMCX,AMC Networks Inc. Class A,stocks,us,XNAS,CS,True,usd,0001514991,BBG000H01H92,BBG001SLR8S3,2025-09-30T06:05:29.844747446Z
AMD,Advanced Micro Devices,stocks,us,XNAS,CS,True,usd,0000002488,BBG000BBQCY0,BBG001S5NN36,2025-09-30T06:05:29.844747526Z
AMDD,Direxion Daily AMD Bear 1X Shares,stocks,us,XNAS,ETF,True,usd,BBG01S4RXG10,BBG01S4RXH09,2025-09-30T06:05:29.844747626Z
AMDG,Leverage Shares 2X Long AMD Daily ETF,stocks,us,XNAS,ETF,True,usd,0001976322,BBG01RYZKSJ0,BBG01RYZKTF2,2025-09-30T06:05:29.844747706Z
AMDL,GraniteShares 2x Long AMD Daily ETF,stocks,us,XNAS,ETF,True,usd,0001689873,BBG01LNWKBD5,BBG01LNWKC70,2025-09-30T06:05:29.844747787Z
AMDU,Defiance Leveraged Long + Income AMD ETF,stocks,us,XNAS,ETF,True,usd,BBG01WTSMFD3,BBG01WTSMG96,2025-09-30T06:05:29.844747867Z
AMDW,Roundhill AMD WeeklyPay ETF,stocks,us,BATS,ETF,True,usd,BBG01W6VBTJ7,BBG01W6VBVF6,2025-09-30T06:05:29.844747947Z
AMDY,YieldMax AMD Option Income Strategy ETF,stocks,us,ARCX,ETS,True,usd,BBG01J9TDVT0,BBG01J9TDWP2,2025-09-30T06:05:29.844748027Z
AME,"Ametek, Inc.",stocks,us,XNYS,CS,True,usd,0001037868,BBG000B9XG87,BBG001S5NN54,2025-09-30T06:05:29.844748107Z
AMG,Affiliated Managers Group,stocks,us,XNYS,CS,True,usd,0001004434,BBG000C060M4,BBG001S6DMD6,2025-09-30T06:05:29.844748187Z
AMGN,Amgen Inc,stocks,us,XNAS,CS,True,usd,0000318154,BBG000BBS2Y0,BBG001S5NNL6,2025-09-30T06:05:29.844748398Z
AMH,AMERICAN HOMES 4 RENT,stocks,us,XNYS,CS,True,usd,0001562401,BBG003NXJNH6,BBG003NXJNJ4,2025-09-30T06:05:29.844748478Z
AMHpG,American Homes 4 Rent Series G cumulative redeemable perpetual preferred shares of beneficial interest,stocks,us,XNYS,PFD,True,usd,0001562401,2025-09-30T06:05:29.844748588Z
AMHpH,American Homes 4 Rent Series H cumulative redeemable perpetual Preferred Shares of Beneficial Interest,stocks,us,XNYS,PFD,True,usd,0001562401,2025-09-30T06:05:29.844748668Z
AMID,Argent Mid Cap ETF,stocks,us,XNAS,ETF,True,usd,BBG017Z2L8P2,BBG017Z2L9J7,2025-09-30T06:05:29.844748778Z
AMIX,"Autonomix Medical, Inc. Common Stock",stocks,us,XNAS,CS,True,usd,0001617867,BBG00R28GXW5,BBG00R28GXX4,2025-09-30T06:05:29.844748859Z
AMJB,Alerian MLP Index ETNs due January 28 2044,stocks,us,ARCX,ETN,True,usd,0000019617,BBG01L70PXT3,BBG01L70PZ45,2025-09-30T06:05:29.844748939Z
AMKR,Amkor Technology Inc,stocks,us,XNAS,CS,True,usd,0001047127,BBG000BCKGW7,BBG001S64YF8,2025-09-30T06:05:29.844749029Z
AMLP,Alerian MLP ETF,stocks,us,ARCX,ETF,True,usd,0001414040,BBG0015CS200,BBG001TBMNT5,2025-09-30T06:05:29.844749109Z
AMLX,"Amylyx Pharmaceuticals, Inc. Common Stock",stocks,us,XNAS,CS,True,usd,0001658551,BBG00DP10YT5,BBG00DP10YW1,2025-09-30T06:05:29.844749189Z
AMN,AMN Healthcare Services,stocks,us,XNYS,CS,True,usd,0001142750,BBG000BCT197,BBG001S6Q193,2025-09-30T06:05:29.844749269Z
AMOD,"Alpha Modus Holdings, Inc. Class A Common Stock",stocks,us,XNAS,CS,True,usd,0001862463,BBG0123NSVZ3,BBG0123NSWT8,2025-09-30T06:05:29.84474935Z
AMODW,"Alpha Modus Holdings, Inc. Warrant",stocks,us,XNAS,WARRANT,True,usd,0001862463,BBG0123Q9X74,2025-09-30T06:05:29.84474943Z
AMOM,Qraft AI-Enhanced US Large Cap Momentum ETF,stocks,us,ARCX,ETF,True,usd,0001547950,BBG00P5NRM19,BBG00P5NRMS0,2025-09-30T06:05:29.84474951Z
AMP,"Ameriprise Financial, Inc.",stocks,us,XNYS,CS,True,usd,0000820027,BBG000G3QLY3,BBG001SK6096,2025-09-30T06:05:29.84474961Z
AMPG,AMPLITECH GROUP INC. COM,stocks,us,XNAS,CS,True,usd,0001518461,BBG00394F954,BBG00394F9X3,2025-09-30T06:05:29.84474969Z
AMPGW,"Amplitech Group, Inc. Warrants",stocks,us,XNAS,WARRANT,True,usd,0001518461,BBG00Z9BGRC8,2025-09-30T06:05:29.844749921Z
AMPH,"Amphastar Pharmaceuticals, Inc.",stocks,us,XNAS,CS,True,usd,0001297184,BBG000BW90S6,BBG001SCM4W2,2025-09-30T06:05:29.844750011Z
AMPL,"Amplitude, Inc. Class A Common Stock",stocks,us,XNAS,CS,True,usd,0001866692,BBG012CDTZY6,BBG012CDTZZ5,2025-09-30T06:05:29.844750151Z
AMPX,"Amprius Technologies, Inc.",stocks,us,XNYS,CS,True,usd,0001899287,BBG019MBDC63,BBG019MBDD16,2025-09-30T06:05:29.844750371Z
AMPX.WS,"Amprius Technologies, Inc. Warrants to purchase one share of Common Stock at an exercise price of $11.50 per share",stocks,us,XNYS,WARRANT,True,usd,0001899287,BBG016X0TFF7,2025-09-30T06:05:29.844750472Z
AMPY,Amplify Energy Corp.,stocks,us,XNYS,CS,True,usd,0001533924,BBG00F0YM0Z8,BBG00F0YM1R5,2025-09-30T06:05:29.844750552Z
AMR,"Alpha Metallurgical Resources, Inc.",stocks,us,XNYS,CS,True,usd,0001704715,BBG00DGWV035,BBG00DGWV044,2025-09-30T06:05:29.844750642Z
AMRC,"Ameresco, Inc.",stocks,us,XNYS,CS,True,usd,0001488139,BBG000BD1QL6,BBG001S6P9W1,2025-09-30T06:05:29.844750722Z
AMRK,"A-Mark Precious Metals, Inc.",stocks,us,XNAS,CS,True,usd,0001591588,BBG005ZVDK48,BBG005ZVDK57,2025-09-30T06:05:29.844750802Z
AMRN,Amarin Corp Plc,stocks,us,XNAS,ADRC,True,usd,0000897448,BBG000BPYG99,BBG001SD42R0,2025-09-30T06:05:29.844750882Z
AMRX,"Amneal Pharmaceuticals, Inc. Class A Common Stock",stocks,us,XNAS,CS,True,usd,0001723128,BBG00462PGG0,BBG00462PGH9,2025-09-30T06:05:29.844750963Z
AMRZ,Amrize Ltd,stocks,us,XNYS,CS,True,usd,0002035989,2025-09-30T06:05:29.844751043Z
AMS,American Shared Hospital Services,stocks,us,XASE,CS,True,usd,0000744825,BBG000BBVZ37,BBG001S5NPF8,2025-09-30T06:05:29.844751133Z
AMSC,American Superconductor Corp,stocks,us,XNAS,CS,True,usd,0000880807,BBG000CP3D44,BBG001S70C31,2025-09-30T06:05:29.844751213Z
AMSF,"AMERISAFE, Inc.",stocks,us,XNAS,CS,True,usd,0001018979,BBG000Q0JJQ0,BBG001SDH7B2,2025-09-30T06:05:29.844751293Z
AMST,Amesite Inc.,stocks,us,XNAS,CS,True,usd,0001807166,BBG00KY7FCW4,BBG00KY7FCX3,2025-09-30T06:05:29.844751373Z
AMT,American Tower Corporation,stocks,us,XNYS,CS,True,usd,0001053507,BBG000B9XYV2,BBG001S5NPQ6,2025-09-30T06:05:29.844751564Z
AMTB,Amerant Bancorp Inc.,stocks,us,XNYS,CS,True,usd,0001734342,BBG001KHCXD7,BBG001V0P1S2,2025-09-30T06:05:29.844751644Z
AMTD,"AMTD IDEA Group American Depositary Shares, each representing six (6) Class A Ordinary Shares",stocks,us,XNYS,ADRC,True,usd,0001769731,BBG00PH297Y9,BBG00PH298P7,2025-09-30T06:05:29.844751764Z
AMTM,"Amentum Holdings, Inc.",stocks,us,XNYS,CS,True,usd,0002011286,BBG01NY7B734,BBG01NY7B770,2025-09-30T06:05:29.844751844Z
AMTX,"Aemetis, Inc. (DE) Common Stock",stocks,us,XNAS,CS,True,usd,0000738214,BBG000BWBZY9,BBG001SCST33,2025-09-30T06:05:29.844751934Z
AMUB,"ETRACS Alerian MLP Index ETN Series B due July 18, 2042",stocks,us,ARCX,ETN,True,usd,0001114446,BBG00B59KB85,BBG00B59KB76,2025-09-30T06:05:29.844752025Z
AMUU,Direxion Daily AMD Bull 2X Shares,stocks,us,XNAS,ETF,True,usd,BBG01S4S1M83,BBG01S4S1N63,2025-09-30T06:05:29.844752425Z
AMWD,American Woodmark Corp,stocks,us,XNAS,CS,True,usd,0000794619,BBG000BBX657,BBG001S5NQ57,2025-09-30T06:05:29.844752516Z
AMWL,American Well Corporation,stocks,us,XNYS,CS,True,usd,0001393584,BBG002R1JYY1,BBG002R1JYZ0,2025-09-30T06:05:29.844752606Z
AMX,America Movil S.A.B de C.V American Depositary Shares (each representing the right to receive twenty (20) Series B Shares),stocks,us,XNYS,ADRC,True,usd,0001129137,BBG01FRH5MK2,BBG01FRH5ND8,2025-09-30T06:05:29.844752706Z
A,Agilent Technologies Inc.,stocks,us,XNYS,CS,True,usd,0001090872,BBG000C2V3D6,BBG001SCTQY4,2025-09-30T06:05:29.844698933Z
AA,Alcoa Corporation,stocks,us,XNYS,CS,True,usd,0001675149,BBG00B3T3HD3,BBG00B3T3HF1,2025-09-30T06:05:29.844699555Z
AAA,Alternative Access First Priority CLO Bond ETF,stocks,us,ARCX,ETF,True,usd,0001776878,BBG01B0JRCS6,BBG01B0JRCT5,2025-09-30T06:05:29.844699755Z
AAAA,Amplius Aggressive Asset Allocation ETF,stocks,us,BATS,ETF,True,usd,BBG01W275XX6,BBG01W275ZB5,2025-09-30T06:05:29.844699835Z
AAAU,Goldman Sachs Physical Gold ETF Shares,stocks,us,BATS,ETF,True,usd,0001708646,BBG00LPXX872,BBG00LPXX8Z1,2025-09-30T06:05:29.844699945Z
AACB,Artius II Acquisition Inc. Class A Ordinary Shares,stocks,us,XNAS,CS,True,usd,0002034334,2025-09-30T06:05:29.844700025Z
AACBR,Artius II Acquisition Inc. Rights,stocks,us,XNAS,RIGHT,True,usd,0002034334,2025-09-30T06:05:29.844700106Z
AACBU,Artius II Acquisition Inc. Units,stocks,us,XNAS,UNIT,True,usd,0002034334,2025-09-30T06:05:29.844700186Z
AACG,ATA Creativity Global American Depositary Shares,stocks,us,XNAS,ADRC,True,usd,0001420529,BBG000V2S3P6,BBG001T125S9,2025-09-30T06:05:29.844700366Z
AACI,Armada Acquisition Corp. II Class A Ordinary Shares,stocks,us,XNAS,CS,True,usd,0002044009,2025-09-30T06:05:29.844700456Z
AACIU,Armada Acquisition Corp. II Units,stocks,us,XNAS,UNIT,True,usd,0002044009,2025-09-30T06:05:29.844700807Z
AACIW,Armada Acquisition Corp. II Warrant,stocks,us,XNAS,WARRANT,True,usd,0002044009,2025-09-30T06:05:29.844700897Z
AADR,AdvisorShares Dorsey Wright ADR ETF,stocks,us,XNAS,ETF,True,usd,0001408970,BBG000BDYRW6,BBG001T9B1Y4,2025-09-30T06:05:29.844701017Z
AAL,American Airlines Group Inc.,stocks,us,XNAS,CS,True,usd,0000006201,BBG005P7Q881,BBG005P7Q907,2025-09-30T06:05:29.844701097Z
AALG,Leverage Shares 2X Long AAL Daily ETF,stocks,us,XNAS,ETF,True,usd,0001976322,BBG01VH49P35,BBG01VH49Q06,2025-09-30T06:05:29.844701178Z
AAM,AA Mission Acquisition Corp.,stocks,us,XNYS,CS,True,usd,0002012964,2025-09-30T06:05:29.844701258Z
AAM.U,"AA Mission Acquisition Corp. Units, each consisting of one Class A Ordinary Share and one-half of one redeemable warrant",stocks,us,XNYS,UNIT,True,usd,0002012964,2025-09-30T06:05:29.844701338Z
AAM.WS,"AA Mission Acquisition Corp. Warrants, each whole warrant entitles the holder to purchase one Class A ordinary share at a price of $11.50 per share",stocks,us,XNYS,WARRANT,True,usd,0002012964,2025-09-30T06:05:29.844701418Z
AAME,Atlantic American Corp,stocks,us,XNAS,CS,True,usd,0000008177,BBG000B9XB24,BBG001S5N8T1,2025-09-30T06:05:29.844701508Z
AAMI,Acadian Asset Management Inc.,stocks,us,XNYS,CS,True,usd,0001748824,BBG00P2HLNY3,BBG00P2HLNZ2,2025-09-30T06:05:29.844701588Z
AAOI,"Applied Optoelectronics, Inc.",stocks,us,XNAS,CS,True,usd,0001158114,BBG000D6VW15,BBG001SG47G4,2025-09-30T06:05:29.844701669Z
AAON,Aaon Inc,stocks,us,XNAS,CS,True,usd,0000824142,BBG000C2LZP3,BBG001S6CZK0,2025-09-30T06:05:29.844701749Z
AAP,ADVANCE AUTO PARTS INC,stocks,us,XNYS,CS,True,usd,0001158449,BBG000F7RCJ1,BBG001SD2SB2,2025-09-30T06:05:29.844701829Z
AAPB,GraniteShares ETF Trust GraniteShares 2x Long AAPL Daily ETF,stocks,us,XNAS,ETF,True,usd,0001689873,BBG0193F21N2,BBG0193F22H7,2025-09-30T06:05:29.844701909Z
AAPD,Direxion Daily AAPL Bear 1X Shares,stocks,us,XNAS,ETF,True,usd,BBG0193YGJ57,BBG0193YGK09,2025-09-30T06:05:29.844701989Z
AAPG,Ascentage Pharma Group International American Depository Shares,stocks,us,XNAS,ADRC,True,usd,0002023311,BBG01RJXM9C9,BBG01RJXMB89,2025-09-30T06:05:29.844702079Z
AAPL,Apple Inc.,stocks,us,XNAS,CS,True,usd,0000320193,BBG000B9XRY4,BBG001S5N8V8,2025-09-30T06:05:29.84470244Z
AAPR,Innovator Equity Defined Protection ETF - 2 Yr to April 2026,stocks,us,BATS,ETF,True,usd,0001415726,BBG01M698CQ1,BBG01M698DK5,2025-09-30T06:05:29.84470253Z
AAPU,Direxion Shares ETF Trust Direxion Daily AAPL Bull 2X Shares,stocks,us,XNAS,ETF,True,usd,BBG0193YBZ92,BBG0193YC043,2025-09-30T06:05:29.84470264Z
AAPW,Roundhill AAPL WeeklyPay ETF,stocks,us,BATS,ETF,True,usd,BBG01SCFVRC3,BBG01SCFVS86,2025-09-30T06:05:29.844702721Z
AAPX,T-Rex 2X Long Apple Daily Target ETF,stocks,us,BATS,ETF,True,usd,BBG01KY72SD3,BBG01KY72T78,2025-09-30T06:05:29.844702801Z
AAPY,Kurv Yield Premium Strategy Apple (AAPL) ETF,stocks,us,BATS,ETF,True,usd,0001848758,BBG01QY0GMH9,BBG01QY0GNH7,2025-09-30T06:05:29.844702881Z
AARD,"Aardvark Therapeutics, Inc. Common Stock",stocks,us,XNAS,CS,True,usd,0001774857,BBG01223DLB2,BBG01223DLC1,2025-09-30T06:05:29.844702961Z
AAT,"AMERICAN ASSETS TRUST, INC.",stocks,us,XNYS,CS,True,usd,0001500217,BBG00161BCR0,BBG001TCBJS5,2025-09-30T06:05:29.844703041Z
AAUC,Allied Gold Corporation,stocks,us,XNYS,CS,True,usd,0001993344,BBG01K0WWT59,BBG01J3PPZ58,2025-09-30T06:05:29.844703502Z
AAUS,Alpha Architect US Equity ETF,stocks,us,XNAS,ETF,True,usd,BBG01W26H9C1,BBG01W26HBL6,2025-09-30T06:05:29.844703582Z
AAVM,EA Series Trust Alpha Architect Global Factor Equity ETF,stocks,us,XNAS,ETF,True,usd,BBG00GM1DQV1,BBG00GM1DRK1,2025-09-30T06:05:29.844703672Z
AAXJ,iShares MSCI All Country Asia ex Japan ETF,stocks,us,XNAS,ETF,True,usd,0001100663,BBG000G6GXC5,BBG001T2V2D8,2025-09-30T06:05:29.844703753Z
AB,"AllianceBernstein Holding, L.P.",stocks,us,XNYS,CS,True,usd,0000825313,BBG000B9WM03,BBG001S5N9S0,2025-09-30T06:05:29.844703843Z
ABAT,American Battery Technology Company Common Stock,stocks,us,XNAS,CS,True,usd,0001576873,BBG004M1KJN5,BBG004M1KJP3,2025-09-30T06:05:29.844703923Z
ABBV,ABBVIE INC.,stocks,us,XNYS,CS,True,usd,0001551152,BBG0025Y4RY4,BBG0025Y4RZ3,2025-09-30T06:05:29.844704003Z
ABCB,Ameris Bancorp,stocks,us,XNYS,CS,True,usd,0000351569,BBG000CDY3H5,BBG001S80PX7,2025-09-30T06:05:29.844704083Z
ABCL,AbCellera Biologics Inc. Common Shares,stocks,us,XNAS,CS,True,usd,0001703057,BBG00LLW2MF2,BBG00LLW2MH0,2025-09-30T06:05:29.844704444Z
ABCS,Alpha Blue Capital US Small-Mid Cap Dynamic ETF,stocks,us,XNAS,ETF,True,usd,BBG01KMFQRF2,BBG01KMFQS88,2025-09-30T06:05:29.844704524Z
ABEO,Abeona Therapeutics Inc. Common Stock,stocks,us,XNAS,CS,True,usd,0000318306,BBG000DT5D52,BBG001S8T7K0,2025-09-30T06:05:29.844704664Z
ABEQ,Absolute Select Value ETF,stocks,us,ARCX,ETF,True,usd,0001199046,BBG00RHHGQY2,BBG00RHHGRP0,2025-09-30T06:05:29.844704754Z
ABEV,AMBEV S.A.,stocks,us,XNYS,ADRC,True,usd,0001565025,BBG000BN5VZ4,BBG005KLVT74,2025-09-30T06:05:29.844704835Z
ABFL,Abacus FCF Leaders ETF,stocks,us,BATS,ETF,True,usd,BBG00DW3P010,BBG00DW3P029,2025-09-30T06:05:29.844704915Z
ABG,"Asbury Automotive Group, Inc.",stocks,us,XNYS,CS,True,usd,0001144980,BBG000BKDWB5,BBG001S9B5H5,2025-09-30T06:05:29.844704995Z
ABI,VictoryShares Pioneer Asset-Based Income ETF,stocks,us,XNAS,ETF,True,usd,BBG01VCKWDB6,BBG01VCKWFN8,2025-09-30T06:05:29.844705075Z
ABIG,Argent Large Cap ETF,stocks,us,XNAS,ETF,True,usd,BBG01TCJ3701,BBG01TCJ37Z3,2025-09-30T06:05:29.844705456Z
ABL,"Abacus Global Management, Inc. Class A Common Stock",stocks,us,XNAS,CS,True,usd,0001814287,BBG00VY1KB95,BBG00VY1KBC1,2025-09-30T06:05:29.844705536Z
ABLD,Abacus FCF Real Assets Leaders ETF,stocks,us,BATS,ETF,True,usd,BBG0141PBK24,BBG0141PBL04,2025-09-30T06:05:29.844705616Z
ABLG,Abacus FCF International Leaders ETF,stocks,us,BATS,ETF,True,usd,BBG00H1J5D96,BBG00H1J5FN5,2025-09-30T06:05:29.844705696Z
ABLLL,"Abacus Global Management, Inc. 9.875% Fixed Rate Senior Notes due 2028",stocks,us,XNAS,CS,True,usd,0001814287,2025-09-30T06:05:29.844705776Z
ABLS,Abacus FCF Small Cap Leaders ETF,stocks,us,BATS,ETF,True,usd,BBG01SCGBTV8,BBG01SCGBVT6,2025-09-30T06:05:29.844705867Z
ABLV,Able View Global Inc. Class B Ordinary Shares,stocks,us,XNAS,CS,True,usd,0001957489,2025-09-30T06:05:29.844705947Z
ABLVW,Able View Global Inc. Warrant,stocks,us,XNAS,WARRANT,True,usd,0001957489,2025-09-30T06:05:29.844706027Z
ABM,"ABM Industries, Inc.",stocks,us,XNYS,CS,True,usd,0000771497,BBG000B9YYH7,BBG001S5N9B8,2025-09-30T06:05:29.844706357Z
ABNB,"Airbnb, Inc. Class A Common Stock",stocks,us,XNAS,CS,True,usd,0001559720,BBG001Y2XS07,BBG001Y2XS16,2025-09-30T06:05:29.844706438Z
ABNY,YieldMax ABNB Option Income Strategy ETF,stocks,us,ARCX,ETS,True,usd,BBG01JHFMD75,BBG01JHFMF34,2025-09-30T06:05:29.844706558Z
ABOS,"Acumen Pharmaceuticals, Inc. Common Stock",stocks,us,XNAS,CS,True,usd,0001576885,BBG0058YJ317,BBG0058YJ326,2025-09-30T06:05:29.844706638Z
ABOT,Abacus FCF Innovation Leaders ETF,stocks,us,BATS,ETF,True,usd,BBG00YC69CJ2,BBG00YC69DC7,2025-09-30T06:05:29.844706718Z
ABP,"Abpro Holdings, Inc Common Stock",stocks,us,XNAS,CS,True,usd,0001893219,BBG013X0S7F3,BBG013X0S889,2025-09-30T06:05:29.844706808Z
ABPWW,"Abpro Holdings, Inc. Warrant",stocks,us,XNAS,WARRANT,True,usd,BBG0142NHSW2,2025-09-30T06:05:29.844706889Z
ABR,"Arbor Realty Trust, Inc.",stocks,us,XNYS,CS,True,usd,0001253986,BBG000KMVDV1,BBG001SJP3G4,2025-09-30T06:05:29.844706969Z
ABRpD,"Arbor Realty Trust, Inc. 6.375% Series D Cumulative Redeemable Preferred Stock, Liquidation Preference $25.00 per Share",stocks,us,XNYS,PFD,True,usd,0001253986,2025-09-30T06:05:29.844707049Z
ABRpE,"Arbor Realty Trust, Inc. 6.25% Series E Cumulative Redeemable Preferred Stock",stocks,us,XNYS,PFD,True,usd,0001253986,2025-09-30T06:05:29.844707139Z
ABRpF,"Arbor Realty Trust, Inc. 6.25% Series F Fixed-to-Floating Rate Cumulative Redeemable Preferred Stock, Liquidation Preference $25.00 per share",stocks,us,XNYS,PFD,True,usd,0001253986,2025-09-30T06:05:29.844707219Z
ABSI,Absci Corporation Common Stock,stocks,us,XNAS,CS,True,usd,0001672688,BBG011N54CJ8,BBG011N54DC3,2025-09-30T06:05:29.844707299Z
ABT,Abbott Laboratories,stocks,us,XNYS,CS,True,usd,0000001800,BBG000B9ZXB4,BBG001S5N9M6,2025-09-30T06:05:29.844707379Z
ABTC,American Bitcoin Corp. Class A Common Stock,stocks,us,XNAS,CS,True,usd,0001755953,BBG00MS8GZP1,BBG00MS8GZQ0,2025-09-30T06:05:29.84470746Z
ABTS,Abits Group Inc Ordinary Shares,stocks,us,XNAS,CS,True,usd,0001864055,2025-09-30T06:05:29.84470754Z
ABUS,Arbutus Biopharma Corporation Common Stock,stocks,us,XNAS,CS,True,usd,0001447028,BBG000RR8V85,BBG001S6RSK0,2025-09-30T06:05:29.84470762Z
ABVC,"ABVC BioPharma, Inc. Common Stock",stocks,us,XNAS,CS,True,usd,0001173313,BBG000Q844Z2,BBG001SMCS49,2025-09-30T06:05:29.844707991Z
ABVE,Above Food Ingredients Inc. Common Stock,stocks,us,XNAS,CS,True,usd,0001979484,BBG01NGG37N1,BBG01NGG37P9,2025-09-30T06:05:29.844708071Z
ABVEW,Above Food Ingredients Inc. Warrants,stocks,us,XNAS,WARRANT,True,usd,0001979484,BBG01NKYQFV5,2025-09-30T06:05:29.844708201Z
ABVX,Abivax SA American Depositary Shares,stocks,us,XNAS,ADRC,True,usd,0001956827,BBG01JLQNZ03,BBG01JLQNZV9,2025-09-30T06:05:29.844708281Z
ABXB,Abacus Flexible Bond Leaders ETF,stocks,us,BATS,ETF,True,usd,BBG00YC5ZT62,BBG00YC5ZV49,2025-09-30T06:05:29.844708391Z
ACA,"Arcosa, Inc. Common Stock",stocks,us,XNYS,CS,True,usd,0001739445,BBG00JGMWFM9,BBG00JGMWGB9,2025-09-30T06:05:29.844708482Z
ACAD,Acadia Pharmaceuticals Inc.,stocks,us,XNAS,CS,True,usd,0001070494,BBG000BHG9K0,BBG001SB06N3,2025-09-30T06:05:29.844708562Z
ACB,Aurora Cannabis Inc. Common Shares,stocks,us,XNAS,CS,True,usd,0001683541,BBG006SCSYG7,BBG001SV77D1,2025-09-30T06:05:29.844708652Z
ACCO,Acco Brands Corporation,stocks,us,XNYS,CS,True,usd,0000712034,BBG000J06K07,BBG001SPBTK3,2025-09-30T06:05:29.844708732Z
ACCS,ACCESS Newswire Inc.,stocks,us,XASE,CS,True,usd,0000843006,BBG000C1CK87,BBG001S67C09,2025-09-30T06:05:29.844708812Z
ACDC,ProFrac Holding Corp. Class A Common Stock,stocks,us,XNAS,CS,True,usd,0001881487,BBG013PRYPJ2,BBG013PRYQC7,2025-09-30T06:05:29.844708892Z
ACEI,Innovator Equity Autocallable Income Strategy ETF,stocks,us,ARCX,ETF,True,usd,0001415726,BBG01XK51Q67,BBG01XK51R47,2025-09-30T06:05:29.844708983Z
ACEL,"Accel Entertainment, Inc.",stocks,us,XNYS,CS,True,usd,0001698991,BBG00GX221W3,BBG00GX221Z0,2025-09-30T06:05:29.844709063Z
ACES,ALPS Clean Energy ETF,stocks,us,ARCX,ETF,True,usd,0001414040,BBG00L99FCT0,BBG00L99FDK7,2025-09-30T06:05:29.844709143Z
ACET,"Adicet Bio, Inc. Common Stock",stocks,us,XNAS,CS,True,usd,0001720580,BBG00JCXSJP3,BBG00JCXSJQ2,2025-09-30T06:05:29.844709223Z
ACFN,"Acorn Energy, Inc. Common Stock",stocks,us,XNAS,CS,True,usd,0000880984,BBG000CMY866,BBG001S6ZZ25,2025-09-30T06:05:29.844709303Z
ACGL,Arch Capital Group Ltd,stocks,us,XNAS,CS,True,usd,0000947484,2025-09-30T06:05:29.844709644Z
ACGLN,"Arch Capital Group Ltd. Depositary Shares, each Representing a 1/1,000th Interest in a 4.550% Non-Cumulative Preferred Share, Series G",stocks,us,XNAS,CS,True,usd,0000947484,2025-09-30T06:05:29.844709724Z
ACGLO,"Arch Capital Group Ltd. Depositary Shares Each Representing 1/1,000th Interest in a Share of 5.45% Non-Cumulative Preferred Shares, Series F",stocks,us,XNAS,PFD,True,usd,0000947484,2025-09-30T06:05:29.844709864Z
ACGR,American Century Large Cap Growth ETF,stocks,us,ARCX,ETF,True,usd,0001481714,BBG011MFL031,BBG011MFL0Y7,2025-09-30T06:05:29.844709944Z
ACHC,"Acadia Healthcare Company, Inc.",stocks,us,XNAS,CS,True,usd,0001520697,BBG000FPNN38,BBG001SNNWL7,2025-09-30T06:05:29.844710024Z
ACHR,Archer Aviation Inc.,stocks,us,XNYS,CS,True,usd,0001824502,BBG00XRTC910,BBG00XRTC929,2025-09-30T06:05:29.844710105Z
ACHR.WS,"Archer Aviation Inc. Redeemable Warrants, each whole warrant exercisable for one Class A common stock at an exercise price of $11.50",stocks,us,XNYS,WARRANT,True,usd,0001824502,BBG00YGCV1N9,2025-09-30T06:05:29.844710195Z
ACHV,"Achieve Life Sciences, Inc.",stocks,us,XNAS,CS,True,usd,0000949858,BBG000FB8S62,BBG001S8JF14,2025-09-30T06:05:29.844710275Z
ACI,"Albertsons Companies, Inc.",stocks,us,XNYS,CS,True,usd,0001646972,BBG009KG1750,BBG009KG1741,2025-09-30T06:05:29.844710355Z
ACIC,American Coastal Insurance Corporation Common Stock,stocks,us,XNAS,CS,True,usd,0001401521,BBG000TKFJQ7,BBG001T09W05,2025-09-30T06:05:29.844710445Z
ACII,Innovator Index Autocallable Income Strategy ETF,stocks,us,ARCX,ETF,True,usd,0001838614,BBG01XK52JX2,BBG01XK52KW0,2025-09-30T06:05:29.844710525Z
ACIO,Aptus Collared Investment Opportunity ETF,stocks,us,BATS,ETF,True,usd,0001539639,BBG00PNSDFF3,BBG00PNSDG52,2025-09-30T06:05:29.844710606Z
ACIU,AC Immune SA,stocks,us,XNAS,CS,True,usd,0001651625,2025-09-30T06:05:29.844710686Z
ACIW,"ACI Worldwide, Inc.",stocks,us,XNAS,CS,True,usd,0000935036,BBG000PMBV39,BBG001S9KLL5,2025-09-30T06:05:29.844710766Z
ACKY,VistaShares Target 15 ACKtivist Distribution ETF,stocks,us,ARCX,ETF,True,usd,0001722388,BBG01WHYZLL7,BBG01WHYZMG1,2025-09-30T06:05:29.844710846Z
ACLC,American Century Large Cap Equity ETF,stocks,us,ARCX,ETF,True,usd,0001481714,BBG00W0JV9Q5,BBG00W0JVBH0,2025-09-30T06:05:29.844710936Z
ACLO,TCW AAA CLO ETF,stocks,us,XNYS,ETF,True,usd,0001831313,BBG01QPVFLN7,BBG01QPVFMJ0,2025-09-30T06:05:29.844711237Z
ACLS,Axcelis Technologies Inc,stocks,us,XNAS,CS,True,usd,0001113232,BBG000DW34S2,BBG001SF8W86,2025-09-30T06:05:29.844711317Z
ACLX,"Arcellx, Inc. Common Stock",stocks,us,XNAS,CS,True,usd,0001786205,BBG00QHJM4S9,BBG00QHJM4W4,2025-09-30T06:05:29.844711447Z
ACM,Aecom,stocks,us,XNYS,CS,True,usd,0000868857,BBG000F61RJ8,BBG001SKTTF1,2025-09-30T06:05:29.844711537Z
ACMR,"ACM Research, Inc. Class A Common Stock",stocks,us,XNAS,CS,True,usd,0001680062,BBG00HPSG933,BBG00HPSG942,2025-09-30T06:05:29.844711618Z
ACN,Accenture PLC,stocks,us,XNYS,CS,True,usd,0001467373,2025-09-30T06:05:29.844711698Z
ACNB,ACNB Corp,stocks,us,XNAS,CS,True,usd,0000715579,BBG000BJ2LY9,BBG001S6CVZ3,2025-09-30T06:05:29.844711778Z
ACNT,Ascent Industries Co. Common Stock,stocks,us,XNAS,CS,True,usd,0000095953,BBG000CLRHW7,BBG001S6Z1R3,2025-09-30T06:05:29.844711858Z
ACOG,Alpha Cognition Inc. Common Stock,stocks,us,XNAS,CS,True,usd,0001655923,BBG011CJPRD0,BBG00L7TXNM1,2025-09-30T06:05:29.844711938Z
ACON,"Aclarion, Inc. Common Stock",stocks,us,XNAS,CS,True,usd,0001635077,BBG014FBN4K3,BBG014FBN5N7,2025-09-30T06:05:29.844712018Z
ACONW,"Aclarion, Inc. Warrant",stocks,us,XNAS,WARRANT,True,usd,0001635077,BBG016Z2HS66,2025-09-30T06:05:29.844712108Z
ACP,abrdn Income Credit Strategies Fund,stocks,us,XNYS,FUND,True,usd,0001503290,BBG0017VSC04,BBG001TCSLH4,2025-09-30T06:05:29.844712219Z
ACPpA,abrdn Income Credit Strategies Fund  5.250% Series A Perpetual Preferred Stock,stocks,us,XNYS,PFD,True,usd,0001503290,2025-09-30T06:05:29.844712319Z
ACR,ACRES Commercial Realty Corp.,stocks,us,XNYS,CS,True,usd,0001332551,BBG000HK4RX6,BBG001SP6Y91,2025-09-30T06:05:29.844712419Z
ACRE,Ares Commercial Real Estate Corporation,stocks,us,XNYS,CS,True,usd,0001529377,BBG0022MMQB0,BBG0022MMR46,2025-09-30T06:05:29.844712529Z
ACRS,"Aclaris Therapeutics, Inc.",stocks,us,XNAS,CS,True,usd,0001557746,BBG003LF0QR9,BBG003LF0QS8,2025-09-30T06:05:29.8447129Z
ACRV,"Acrivon Therapeutics, Inc. Common Stock",stocks,us,XNAS,CS,True,usd,0001781174,BBG011RWR2Q4,BBG011RWR2R3,2025-09-30T06:05:29.844713Z
ACRpC,"ACRES Commercial Realty Corp. 8.625% Fixed-to-Floating Series C Cumulative Redeemable Preferred Stock, par value $0.001 per share",stocks,us,XNYS,PFD,True,usd,0001332551,2025-09-30T06:05:29.84471313Z
ACRpD,ACRES Commercial Realty Corp. 7.875% Series D Cumulative Redeemable Preferred Stock,stocks,us,XNYS,PFD,True,usd,0001332551,2025-09-30T06:05:29.844713231Z
ACSI,American Customer Satisfaction ETF,stocks,us,BATS,ETF,True,usd,0001387131,BBG00F40VFY6,BBG00F40VGP4,2025-09-30T06:05:29.844713451Z
ACT,"Enact Holdings, Inc. Common Stock",stocks,us,XNAS,CS,True,usd,0001823529,BBG00WSNP4R3,BBG00WSNP4S2,2025-09-30T06:05:29.844713561Z
ACTG,Acacia Research Corporation,stocks,us,XNAS,CS,True,usd,0000934549,BBG000KF9J02,BBG001SJLJT9,2025-09-30T06:05:29.844713651Z
ACTU,"Actuate Therapeutics, Inc. Common stock",stocks,us,XNAS,CS,True,usd,0001652935,BBG00NK7LK03,BBG00NK7LK12,2025-09-30T06:05:29.844713732Z
ACTV,LeaderShares Activist Leaders ETF,stocks,us,ARCX,ETF,True,usd,0001552947,BBG00Y002P42,BBG00Y002QG7,2025-09-30T06:05:29.844713822Z
ACU,Acme United Corporation,stocks,us,XASE,CS,True,usd,0000002098,BBG000BB3LM8,BBG001S5NCC0,2025-09-30T06:05:29.844714022Z
ACV,Virtus Diversified Income & Convertible Fund,stocks,us,XNYS,FUND,True,usd,0001636289,BBG008HMBD22,BBG008HMBD31,2025-09-30T06:05:29.844714102Z
ACVA,ACV Auctions Inc.,stocks,us,XNYS,CS,True,usd,0001637873,BBG00G5JGQ66,BBG00G5JGQ75,2025-09-30T06:05:29.844714222Z
ACVF,American Conservative Values ETF,stocks,us,ARCX,ETF,True,usd,BBG00Y04Q9T7,BBG00Y04QBN8,2025-09-30T06:05:29.844714303Z
ACVT,Advent Convertible Bond ETF,stocks,us,ARCX,ETF,True,usd,BBG01TQ0YGP6,BBG01TQ0YHK9,2025-09-30T06:05:29.844714383Z
ACWI,iShares MSCI ACWI ETF,stocks,us,XNAS,ETF,True,usd,0001100663,BBG000TH6VB3,BBG001S56QV7,2025-09-30T06:05:29.844714473Z
ACWV,iShares MSCI Global Min Vol Factor ETF,stocks,us,BATS,ETF,True,usd,0001100663,BBG0025X38X0,BBG0025X39Q6,2025-09-30T06:05:29.844714573Z
ACWX,iShares MSCI ACWI ex US ETF,stocks,us,XNAS,ETF,True,usd,0001100663,BBG000TH7DF8,BBG001S56R18,2025-09-30T06:05:29.844714653Z
ACXP,"Acurx Pharmaceuticals, Inc. Common Stock",stocks,us,XNAS,CS,True,usd,0001736243,BBG01184DNJ4,BBG01184DNK2,2025-09-30T06:05:29.844714874Z
AD,"Array Digital Infrastructure, Inc.",stocks,us,XNYS,CS,True,usd,0000821130,BBG000BW6P59,BBG001S5X446,2025-09-30T06:05:29.844714954Z
ADAG,Adagene Inc. American Depositary Shares,stocks,us,XNAS,ADRC,True,usd,0001818838,BBG00YZ6BYJ6,BBG00YZ6BZC0,2025-09-30T06:05:29.844715084Z
ADAM,"Adamas Trust, Inc. Common Stock",stocks,us,XNAS,CS,True,usd,0001273685,BBG000GZ8014,BBG001SHHBR7,2025-09-30T06:05:29.844715164Z
ADAMG,"Adamas Trust, Inc. 9.125% Senior Notes Due 2030",stocks,us,XNAS,CS,True,usd,0001273685,2025-09-30T06:05:29.844715244Z
ADAMH,"Adamas Trust, Inc. 9.875% Senior Notes Due 2030",stocks,us,XNAS,CS,True,usd,0001273685,2025-09-30T06:05:29.844715325Z
ADAMI,"Adamas Trust, Inc. 9.125% Senior Notes Due 2029",stocks,us,XNAS,CS,True,usd,0001273685,2025-09-30T06:05:29.844715515Z
ADAML,"Adamas Trust, Inc. 6.875% Series F Fixed-to-Floating Rate Cumulative Redeemable Preferred Stock, $0.01 par value per share",stocks,us,XNAS,CS,True,usd,0001273685,2025-09-30T06:05:29.844715595Z
ADAMM,"Adamas Trust, Inc. 7.875% Series E Fixed-to-Floating Rate Cumulative Redeemable Preferred Stock",stocks,us,XNAS,PFD,True,usd,0001273685,2025-09-30T06:05:29.844715675Z
ADAMN,"Adamas Trust, Inc. 8.00% Series D Fixed-to-Floating Rate Cumulative Redeemable Preferred Stock",stocks,us,XNAS,PFD,True,usd,0001273685,2025-09-30T06:05:29.844715755Z
ADAMZ,"Adamas Trust, Inc. 7.000% Series G Cumulative Redeemable Preferred Stock, $0.01 par value per share",stocks,us,XNAS,CS,True,usd,0001273685,2025-09-30T06:05:29.844715836Z
ADAP,Adaptimmune Therapeutics plc American Depositary Shares,stocks,us,XNAS,ADRC,True,usd,0001621227,BBG008G65WC2,BBG008G65WD1,2025-09-30T06:05:29.844715916Z
ADBE,Adobe Inc.,stocks,us,XNAS,CS,True,usd,0000796343,BBG000BB5006,BBG001S5NCQ5,2025-09-30T06:05:29.844715996Z
ADBG,Leverage Shares 2X Long ADBE Daily ETF,stocks,us,XNAS,ETF,True,usd,0001976322,BBG01SWP6HM8,BBG01SWP6JH0,2025-09-30T06:05:29.844716076Z
ADC,Agree Realty Corporation,stocks,us,XNYS,CS,True,usd,0000917251,BBG000BC9DK0,BBG001S6RY81,2025-09-30T06:05:29.844716166Z
ADCT,ADC Therapeutics SA,stocks,us,XNYS,CS,True,usd,0001771910,2025-09-30T06:05:29.844716256Z
ADCpA,"Agree Realty Corporation Depositary Shares, each representing 1/1,000th of a 4.250% Series A Cumulative Redeemable Preferred Stock",stocks,us,XNYS,PFD,True,usd,0000917251,2025-09-30T06:05:29.844716457Z
ADEA,Adeia Inc. Common Stock,stocks,us,XNAS,CS,True,usd,0001803696,BBG00RBFBL50,BBG00RBFBL78,2025-09-30T06:05:29.844716637Z
ADFI,Anfield Dynamic Fixed Income ETF,stocks,us,BATS,ETF,True,usd,0001552947,BBG00WRFGTJ5,BBG00WRFGV91,2025-09-30T06:05:29.844716717Z
ADGM,"Adagio Medical Holdings, Inc Common Stock",stocks,us,XNAS,CS,True,usd,0002006986,BBG01P202S42,BBG01P202S60,2025-09-30T06:05:29.844716827Z
ADI,"Analog Devices, Inc.",stocks,us,XNAS,CS,True,usd,0000006281,BBG000BB6G37,BBG001S5ND38,2025-09-30T06:05:29.844716908Z
ADIL,"Adial Pharmaceuticals, Inc",stocks,us,XNAS,CS,True,usd,0001513525,BBG00HNGDTR4,BBG00HNGDTS3,2025-09-30T06:05:29.844716988Z
ADIV,SmartETFs Asia Pacific Dividend Builder ETF,stocks,us,ARCX,ETF,True,usd,BBG00ZV17TH6,BBG00ZV17VD5,2025-09-30T06:05:29.844717068Z
ADM,Archer Daniels Midland Company,stocks,us,XNYS,CS,True,usd,0000007084,BBG000BB6WG8,BBG001S5ND74,2025-09-30T06:05:29.844717158Z
ADMA,"ADMA Biologics, Inc.",stocks,us,XNAS,CS,True,usd,0001368514,BBG002NCK5M5,BBG002NCK5N4,2025-09-30T06:05:29.844717238Z
ADME,Aptus Behavioral Momentum ETF,stocks,us,BATS,ETF,True,usd,0001539639,BBG00D20HG22,BBG00D20HG31,2025-09-30T06:05:29.844717318Z
ADN,"Advent Technologies Holdings, Inc. Class A Common Stock",stocks,us,XNAS,CS,True,usd,0001744494,BBG00MDV8X34,BBG00MDV8XV3,2025-09-30T06:05:29.844717399Z
ADNT,Adient plc Ordinary Shares,stocks,us,XNYS,CS,True,usd,0001670541,2025-09-30T06:05:29.844717479Z
ADNWW,"Advent Technologies Holdings, Inc. Warrant",stocks,us,XNAS,WARRANT,True,usd,0001744494,BBG00MVVPD93,2025-09-30T06:05:29.844717559Z
ADP,Automatic Data Processing,stocks,us,XNAS,CS,True,usd,0000008670,BBG000JG0547,BBG001S82KF6,2025-09-30T06:05:29.844717639Z
ADPT,Adaptive Biotechnologies Corporation Common Stock,stocks,us,XNAS,CS,True,usd,0001478320,BBG001J2PFF5,BBG001V0GG18,2025-09-30T06:05:29.844717729Z
ADPV,Adaptiv Select ETF,stocks,us,ARCX,ETF,True,usd,BBG01BBJQ2C4,BBG01BBJQ3B3,2025-09-30T06:05:29.844717809Z
ADSE,ADS-TEC ENERGY PLC Ordinary Shares,stocks,us,XNAS,CS,True,usd,0001879248,2025-09-30T06:05:29.84471802Z
ADSEW,ADS-TEC ENERGY PLC Warrant,stocks,us,XNAS,WARRANT,True,usd,0001879248,2025-09-30T06:05:29.84471811Z
ADSK,Autodesk Inc,stocks,us,XNAS,CS,True,usd,0000769397,BBG000BM7HL0,BBG001S5SCD4,2025-09-30T06:05:29.84471821Z
ADT,ADT Inc.,stocks,us,XNYS,CS,True,usd,0001703056,BBG000BP9WJ1,BBG001S6VGG6,2025-09-30T06:05:29.84471829Z
ADTN,"ADTRAN Holdings, Inc. Common Stock",stocks,us,XNAS,CS,True,usd,0000926282,BBG0169CH7X9,BBG0169CH7Y8,2025-09-30T06:05:29.84471837Z
ADTX,"Aditxt, Inc. Common Stock",stocks,us,XNAS,CS,True,usd,0001726711,BBG00RDV1WS5,BBG00RDV1WT4,2025-09-30T06:05:29.844718451Z
ADUR,Aduro Clean Technologies Inc. Common Stock,stocks,us,XNAS,CS,True,usd,0001863934,BBG011F62496,BBG00N9ZZX01,2025-09-30T06:05:29.844718541Z
ADUS,Addus HomeCare Corp.,stocks,us,XNAS,CS,True,usd,0001468328,BBG000NJGX84,BBG001T56D18,2025-09-30T06:05:29.844718621Z
ADV,Advantage Solutions Inc. Class A Common Stock,stocks,us,XNAS,CS,True,usd,0001776661,BBG00PPWZ8C7,BBG00PPWZ8G3,2025-09-30T06:05:29.844718701Z
ADVB,Advanced Biomed Inc. Common Stock,stocks,us,XNAS,CS,True,usd,0001941029,BBG01HW4B3M4,BBG01HW4B3N3,2025-09-30T06:05:29.844718781Z
ADVE,Matthews Asia Dividend Active ETF,stocks,us,ARCX,ETF,True,usd,BBG01JFHH825,BBG01JFHH923,2025-09-30T06:05:29.844718861Z
ADVM,"Adverum Biotechnologies, Inc. Common Stock",stocks,us,XNAS,CS,True,usd,0001501756,BBG006D9MR17,BBG006D9MR26,2025-09-30T06:05:29.844718942Z
ADVWW,Advantage Solutions Inc. Warrant,stocks,us,XNAS,WARRANT,True,usd,0001776661,BBG00Q6CTMG2,2025-09-30T06:05:29.844719022Z
ADX,"Adams Diversified Equity Fund, Inc",stocks,us,XNYS,FUND,True,usd,0000002230,BBG000BB8MR6,BBG001S5NDV7,2025-09-30T06:05:29.844719102Z
ADXN,Addex Therapeutics Ltd American Depositary Shares,stocks,us,XNAS,ADRC,True,usd,0001574232,BBG00R48ST95,BBG00R48SV18,2025-09-30T06:05:29.844719182Z
AEBI,Aebi Schmidt Holding AG Common Stock,stocks,us,XNAS,CS,True,usd,0002048519,2025-09-30T06:05:29.844719272Z
AEC,Anfield Energy Inc. Common Shares,stocks,us,XNAS,CS,True,usd,0001519469,BBG002PL1DW6,BBG001V114Z2,2025-09-30T06:05:29.844719513Z
AEE,Ameren Corporation,stocks,us,XNYS,CS,True,usd,0001002910,BBG000B9X8C0,BBG001S5NF24,2025-09-30T06:05:29.844719593Z
AEF,"abrdn Emerging Markets ex-China Fund, Inc.",stocks,us,XASE,FUND,True,usd,0000846676,BBG000BGWCV5,BBG001S5QCR1,2025-09-30T06:05:29.844719693Z
AEFC,Aegon Funding Company LLC 5.10% Subordinated Notes due 2049,stocks,us,XNYS,SP,True,usd,0000769218,2025-09-30T06:05:29.844719783Z
AEG,Aegon Ltd.,stocks,us,XNYS,CS,True,usd,0000769218,BBG000CKQSN6,BBG001S6Y6M8,2025-09-30T06:05:29.844719863Z
AEHL,Antelope Enterprise Holdings Limited Class A Ordinary Shares,stocks,us,XNAS,CS,True,usd,0001470683,2025-09-30T06:05:29.844719943Z
AEHR,Aehr Test Systems,stocks,us,XNAS,CS,True,usd,0001040470,BBG000BWM083,BBG001SB1CS4,2025-09-30T06:05:29.844720024Z
AEI,Alset Inc. Common Stock (TX),stocks,us,XNAS,CS,True,usd,0001750106,BBG000PZLNH2,BBG001SRKK73,2025-09-30T06:05:29.844720104Z
AEIS,Advanced Energy Industries Inc,stocks,us,XNAS,CS,True,usd,0000927003,BBG000FKMP26,BBG001S8L5Z6,2025-09-30T06:05:29.844720184Z
AEM,Agnico Eagle Mines Ltd.,stocks,us,XNYS,CS,True,usd,0000002809,BBG000DLVDK3,BBG001S77MK3,2025-09-30T06:05:29.844720274Z
AEMD,AETHLON MEDICAL INC,stocks,us,XNAS,CS,True,usd,0000882291,BBG000L78XT8,BBG001SDDHJ6,2025-09-30T06:05:29.844720354Z
AEMS,Anfield Enhanced Market ETF,stocks,us,BATS,ETF,True,usd,0001552947,BBG01VRP0J30,BBG01VRP0K28,2025-09-30T06:05:29.844720434Z
AENT,Alliance Entertainment Holding Corporation Class A Common Stock,stocks,us,XNAS,CS,True,usd,0001823584,BBG00YB0X2R2,BBG00YB0X2S1,2025-09-30T06:05:29.844720515Z
AENTW,Alliance Entertainment Holding Corporation Warrants,stocks,us,XNAS,WARRANT,True,usd,0001823584,BBG00ZS05J95,2025-09-30T06:05:29.844720595Z
AEO,American Eagle Outfitters,stocks,us,XNYS,CS,True,usd,0000919012,BBG000BGXZB5,BBG001S7Q949,2025-09-30T06:05:29.844720675Z
AEON,"AEON Biopharma, Inc.",stocks,us,XASE,CS,True,usd,0001837607,BBG00Z17HDW3,BBG00Z17HFQ5,2025-09-30T06:05:29.844720755Z
AEP,"American Electric Power Company, Inc.",stocks,us,XNAS,CS,True,usd,0000004904,BBG000BB9KF2,BBG001S5NFD2,2025-09-30T06:05:29.844720995Z
AER,Aercap Holdings N.V.,stocks,us,XNYS,CS,True,usd,0001378789,2025-09-30T06:05:29.844721076Z
AERT,"Aeries Technology, Inc. Class A Ordinary Share",stocks,us,XNAS,CS,True,usd,0001853044,2025-09-30T06:05:29.844721196Z
AERTW,"Aeries Technology, Inc. Warrant",stocks,us,XNAS,WARRANT,True,usd,0001853044,2025-09-30T06:05:29.844721276Z
AES,AES Corporation,stocks,us,XNYS,CS,True,usd,0000874761,BBG000C23KJ3,BBG001S6B1L5,2025-09-30T06:05:29.844721366Z
AESI,Atlas Energy Solutions Inc.,stocks,us,XNYS,CS,True,usd,0001984060,BBG01JFZ96X4,BBG01JFZ96Y3,2025-09-30T06:05:29.844721456Z
AESR,Anfield U.S. Equity Sector Rotation ETF,stocks,us,BATS,ETF,True,usd,0001552947,BBG00R4084K6,BBG00R408596,2025-09-30T06:05:29.844721536Z
AETH,Bitwise Trendwise Ether and Treasuries Rotation Strategy ETF,stocks,us,ARCX,ETF,True,usd,BBG01JLGS0C4,BBG01JLGS178,2025-09-30T06:05:29.844721617Z
AEVA,"Aeva Technologies, Inc.",stocks,us,XNAS,CS,True,usd,0001789029,BBG00RK5L2N3,BBG00RK5L2P1,2025-09-30T06:05:29.844721697Z
AEVAW,"Aeva Technologies, Inc. Warrants",stocks,us,XNAS,WARRANT,True,usd,0001789029,BBG00RYQY3V7,2025-09-30T06:05:29.844721777Z
AEXA,American Exceptionalism Acquisition Corp. A,stocks,us,XNYS,CS,True,usd,0002079173,2025-09-30T06:05:29.844721867Z
AEYE,"AudioEye, Inc. Common Stock",stocks,us,XNAS,CS,True,usd,0001362190,BBG002ZQLQB6,BBG002ZQLQC5,2025-09-30T06:05:29.844721947Z
AFB,"Alliance National Municipal Income Fund, Inc.",stocks,us,XNYS,FUND,True,usd,0001162027,BBG000DTM676,BBG001SK6452,2025-09-30T06:05:29.844722027Z
AFBI,"Affinity Bancshares, Inc. Common Stock (MD)",stocks,us,XNAS,CS,True,usd,0001823406,BBG00XH58W17,BBG00XH58WY1,2025-09-30T06:05:29.844722108Z
AFCG,Advanced Flower Capital Inc. Common Stock,stocks,us,XNAS,CS,True,usd,0001822523,BBG00YPSX4X5,BBG00YPSX5R9,2025-09-30T06:05:29.844722258Z
AFG,"American Financial Group, Inc.",stocks,us,XNYS,CS,True,usd,0001042046,BBG000DPKKK0,BBG001S8JK86,2025-09-30T06:05:29.844722338Z
AFGB,"American Financial Group, Inc. 5.875% Subordinated Debentures due 2059",stocks,us,XNYS,SP,True,usd,0001042046,2025-09-30T06:05:29.844722709Z
AFGC,"American Financial Group, Inc. 5.125% Subordinated Debentures due 2059",stocks,us,XNYS,SP,True,usd,0001042046,2025-09-30T06:05:29.844722789Z
AFGD,"American Financial Group, Inc. 5.625% Subordinated Debentures due 2060",stocks,us,XNYS,SP,True,usd,0001042046,2025-09-30T06:05:29.844722909Z
AFGE,"American Financial Group, Inc. 4.500% Subordinated Debentures due 2060",stocks,us,XNYS,SP,True,usd,0001042046,2025-09-30T06:05:29.844722989Z
AFIF,Anfield Universal Fixed Income ETF,stocks,us,BATS,ETF,True,usd,0001552947,BBG00LZQ9356,BBG00LZQ93Z3,2025-09-30T06:05:29.844723079Z
AFIX,Allspring Broad Market Core Bond ETF,stocks,us,ARCX,ETF,True,usd,BBG01QVK6KB9,BBG01QVK6L54,2025-09-30T06:05:29.84472316Z
AFJK,"Aimei Health Technology Co., Ltd Ordinary Share",stocks,us,XNAS,CS,True,usd,0001979005,2025-09-30T06:05:29.84472324Z
AFJKR,"Aimei Health Technology Co., Ltd Right",stocks,us,XNAS,RIGHT,True,usd,0001979005,2025-09-30T06:05:29.84472333Z
AFJKU,"Aimei Health Technology Co., Ltd Unit",stocks,us,XNAS,UNIT,True,usd,0001979005,2025-09-30T06:05:29.84472341Z
AFK,VanEck Africa Index ETF,stocks,us,ARCX,ETF,True,usd,0001137360,BBG000H0B9J8,BBG001T33P37,2025-09-30T06:05:29.84472349Z
AFL,Aflac Inc.,stocks,us,XNYS,CS,True,usd,0000004977,BBG000BBBNC6,BBG001S5NGJ4,2025-09-30T06:05:29.84472357Z
AFLG,First Trust Active Factor Large Cap ETF,stocks,us,ARCX,ETF,True,usd,0001667919,BBG00QZ0DQB9,BBG00QZ0DR27,2025-09-30T06:05:29.84472365Z
AFMC,First Trust Active Factor Mid Cap ETF,stocks,us,ARCX,ETF,True,usd,0001667919,BBG00QZ0GVP0,BBG00QZ0GWH7,2025-09-30T06:05:29.844723731Z
AFOS,ARS Focused Opportunity Strategy ETF,stocks,us,XNAS,ETF,True,usd,BBG01VPTD7B7,BBG01VPTD898,2025-09-30T06:05:29.844723811Z
AFRI,Forafric Global PLC Ordinary Shares,stocks,us,XNAS,CS,True,usd,0001903870,2025-09-30T06:05:29.844723891Z
AFRIW,Forafric Global PLC Warrants,stocks,us,XNAS,WARRANT,True,usd,0001903870,2025-09-30T06:05:29.844723981Z
AFRM,"Affirm Holdings, Inc. Class A Common Stock",stocks,us,XNAS,CS,True,usd,0001820953,BBG00Y7BP8Y1,BBG00Y7BP8Z0,2025-09-30T06:05:29.844724332Z
AFRU,T-REX 2X Long AFRM Daily Target ETF,stocks,us,BATS,ETF,True,usd,BBG01WW9WYK1,BBG01WW9WZK8,2025-09-30T06:05:29.844724412Z
AFSC,abrdn Focused U.S. Small Cap Active ETF,stocks,us,XNAS,ETF,True,usd,BBG01S68Z424,BBG01S68Z5J3,2025-09-30T06:05:29.844724572Z
AFSM,First Trust Active Factor Small Cap ETF,stocks,us,ARCX,ETF,True,usd,0001667919,BBG00QZ0H932,BBG00QZ0H9W0,2025-09-30T06:05:29.844724652Z
AFYA,Afya Limited Class A Common Shares,stocks,us,XNAS,CS,True,usd,0001771007,2025-09-30T06:05:29.844724733Z
AG,FIRST MAJESTIC SILVER CORP,stocks,us,XNYS,CS,True,usd,0001308648,BBG000CH7WB8,BBG001SGV444,2025-09-30T06:05:29.844724813Z
AGAE,Allied Gaming & Entertainment Inc. Common Stock,stocks,us,XNAS,CS,True,usd,0001708341,BBG00J2442Y1,BBG00J2443N1,2025-09-30T06:05:29.844724903Z
AGCO,AGCO Corporation,stocks,us,XNYS,CS,True,usd,0000880266,BBG000DCCZW2,BBG001S7WHW3,2025-09-30T06:05:29.844724983Z
AGD,abrdn Global Dynamic Dividend Fund,stocks,us,XNYS,FUND,True,usd,0001362481,BBG000DJLNL6,BBG001SMLZ16,2025-09-30T06:05:29.844725063Z
AGEM,abrdn Emerging Markets Dividend Active ETF,stocks,us,XNAS,ETF,True,usd,BBG01S68DQN6,BBG01S68DRK7,2025-09-30T06:05:29.844725143Z
AGEN,Agenus Inc.,stocks,us,XNAS,CS,True,usd,0001098972,BBG000C8SWQ9,BBG001SDV370,2025-09-30T06:05:29.844725234Z
AGG,iShares Core U.S. Aggregate Bond ETF,stocks,us,ARCX,ETF,True,usd,0001100663,BBG000Q123R0,BBG001SM1QT8,2025-09-30T06:05:29.844725314Z
AGGA,EA Series Trust EA Astoria Dynamic Core US Fixed Income ETF,stocks,us,XNAS,ETF,True,usd,BBG01TS490J6,BBG01TS491J4,2025-09-30T06:05:29.844725394Z
AGGH,Simplify Aggregate Bond ETF,stocks,us,ARCX,ETF,True,usd,0001810747,BBG015BC7V75,BBG015BC7WS0,2025-09-30T06:05:29.844725474Z
AGGS,Harbor Disciplined Bond ETF,stocks,us,ARCX,ETF,True,usd,0001860434,BBG01MCGX1X6,BBG01MCGX2S0,2025-09-30T06:05:29.844725554Z
AGGY,WisdomTree Yield Enhanced U.S. Aggregate Bond Fund,stocks,us,ARCX,ETF,True,usd,0001350487,BBG009KCY2B7,BBG009KCY2C6,2025-09-30T06:05:29.844725634Z
AGH,Aureus Greenway Holdings Inc. Common Stock,stocks,us,XNAS,CS,True,usd,0002009312,BBG01NG4Q1P4,BBG01NG4Q2J9,2025-09-30T06:05:29.844726005Z
AGI,Alamos Gold Inc. Class A Common Shares,stocks,us,XNYS,CS,True,usd,0001178819,BBG009HT6BL4,BBG009HT65S0,2025-09-30T06:05:29.844726085Z
AGIO,"Agios Pharmaceuticals, Inc.",stocks,us,XNAS,CS,True,usd,0001439222,BBG000QY4ZD0,BBG001T8R687,2025-09-30T06:05:29.844726205Z
AGIQ,SoFi Agentic AI ETF,stocks,us,ARCX,ETF,True,usd,BBG01WV67GC4,BBG01WV67HD1,2025-09-30T06:05:29.844726286Z
AGIX,KraneShares Artificial Intelligence ETF,stocks,us,XNAS,ETF,True,usd,0001536592,BBG01NT1RH61,BBG01NT1RJ21,2025-09-30T06:05:29.844726366Z
AGL,"agilon health, inc.",stocks,us,XNYS,CS,True,usd,0001831097,BBG00HCYVQQ4,BBG00HCYVQR3,2025-09-30T06:05:29.844726446Z
AGM,Federal Agricultural Mortgage Corporation,stocks,us,XNYS,CS,True,usd,0000845877,BBG000G8ZKY4,BBG001SCWNB2,2025-09-30T06:05:29.844726526Z
AGM.A,Federal Agricultural Mortgage Corporation Class A Voting,stocks,us,XNYS,CS,True,usd,0000845877,BBG000G8Y1Z6,BBG001SCWN95,2025-09-30T06:05:29.844726606Z
AGMH,AGM Group Holdings Inc. Class A Ordinary Shares,stocks,us,XNAS,CS,True,usd,0001705402,2025-09-30T06:05:29.844726987Z
AGMI,Themes Silver Miners ETF,stocks,us,XNAS,ETF,True,usd,0001976322,BBG01MQSFLS7,BBG01MQSFMM1,2025-09-30T06:05:29.844727177Z
AGMpD,"Federal Agricultural Mortgage Corporation 5.700% Non-Cumulative Preferred Stock, Series D",stocks,us,XNYS,PFD,True,usd,0000845877,2025-09-30T06:05:29.844727257Z
AGMpE,"Federal Agricultural Mortgage Corporation 5.750% Non-Cumulative Preferred Stock, Series E",stocks,us,XNYS,PFD,True,usd,0000845877,2025-09-30T06:05:29.844727348Z
AGMpF,"Federal Agricultural Mortgage Corporation 5.250% Non-Cumulative Preferred Stock, Series F",stocks,us,XNYS,PFD,True,usd,0000845877,2025-09-30T06:05:29.844727428Z
AGMpG,"Federal Agricultural Mortgage Corporation 4.875% Non-Cumulative Preferred Stock, Series G",stocks,us,XNYS,PFD,True,usd,0000845877,2025-09-30T06:05:29.844727508Z
AGMpH,"Federal Agricultural Mortgage Corporation 6.500% Non-Cumulative Preferred Stock, Series H",stocks,us,XNYS,PFD,True,usd,0000845877,2025-09-30T06:05:29.844727588Z
AGNC,AGNC Investment Corp. Common Stock,stocks,us,XNAS,CS,True,usd,0001423689,BBG000TJ8XZ7,BBG001T074G2,2025-09-30T06:05:29.844727678Z
AGNCL,"AGNC Investment Corp. Depositary Shares Each Representing a 1/1,000th Interest in a Share of 7.75% Series G Fixed-Rate Reset Cumulative Redeemable Preferred Stock",stocks,us,XNAS,CS,True,usd,0001423689,2025-09-30T06:05:29.844728029Z
AGNCM,AGNC Investment Corp. Depositary Shares rep 6.875% Series D Fixed-to-Floating Cumulative Redeemable Preferred Stock,stocks,us,XNAS,PFD,True,usd,0001423689,2025-09-30T06:05:29.844728119Z
AGNCN,"AGNC Investment Corp. Depositary Shares Each Representing a 1/1,000th Interest in a Share of 7 percent Series C Fixed-To-Floating Rate Cumulative Redeemable Preferred Stock",stocks,us,XNAS,PFD,True,usd,0001423689,2025-09-30T06:05:29.844728219Z
AGNCO,"AGNC Investment Corp. Depositary Shares, each representing a 1/1,000th interest in a share of 6.50% Series E Fixed-to-Floating Cumulative Redeemable Preferred Stock",stocks,us,XNAS,CS,True,usd,0001423689,2025-09-30T06:05:29.844728299Z
AGNCP,"AGNC Investment Corp. Depositary Shares Each Representing a 1/1,000th Interest in a Share of 6.125% Series F Fixed-to-Floating Rate Cumulative Redeemable Preferred Stock",stocks,us,XNAS,PFD,True,usd,0001423689,2025-09-30T06:05:29.84472838Z
AGNCZ,AGNC Investment Corp. 8.75% Series H Fixed-Rate Cumulative Redeemable Preferred Stock,stocks,us,XNAS,PFD,True,usd,0001423689,2025-09-30T06:05:29.84472847Z
AGNG,Global X Funds Global X Aging Population ETF,stocks,us,XNAS,ETF,True,usd,0001432353,BBG00CVW2JC1,BBG00CVW2JD0,2025-09-30T06:05:29.84472855Z
AGO,"Assured Guaranty, LTD",stocks,us,XNYS,CS,True,usd,0001273813,2025-09-30T06:05:29.84472863Z
AGOX,Adaptive Alpha Opportunities ETF,stocks,us,ARCX,ETF,True,usd,BBG010WX25M2,BBG010WX26H6,2025-09-30T06:05:29.844728961Z
AGQ,ProShares Ultra Silver,stocks,us,ARCX,ETV,True,usd,0001415311,BBG000F7KQG0,BBG001T2GCT6,2025-09-30T06:05:29.844729041Z
AGQI,First Trust Active Global Quality Income ETF,stocks,us,ARCX,ETF,True,usd,0001667919,BBG01K8H7QZ5,BBG01K8H7RT0,2025-09-30T06:05:29.844729131Z
AGRH,iShares Interest Rate Hedged U.S. Aggregate Bond ETF,stocks,us,ARCX,ETF,True,usd,0001524513,BBG01858ZD01,BBG01858ZF15,2025-09-30T06:05:29.844729211Z
AGRI,AgriFORCE Growing Systems Ltd. Common Shares,stocks,us,XNAS,CS,True,usd,0001826397,2025-09-30T06:05:29.844729301Z
AGRO,ADECOAGRO S.A.,stocks,us,XNYS,CS,True,usd,0001499505,2025-09-30T06:05:29.844729381Z
AGRW,Allspring LT Large Growth ETF,stocks,us,ARCX,ETF,True,usd,BBG01SXPDTR8,BBG01SXPDVQ4,2025-09-30T06:05:29.844729472Z
AGX,"Argan, Inc",stocks,us,XNYS,CS,True,usd,0000100591,BBG000K4J3T0,BBG001SJP7D8,2025-09-30T06:05:29.844729552Z
AGYS,"Agilysys, Inc. Common Stock (DE)",stocks,us,XNAS,CS,True,usd,0000078749,BBG000BR74W6,BBG001S5V6V3,2025-09-30T06:05:29.844729822Z
AGZ,iShares Agency Bond ETF,stocks,us,ARCX,ETF,True,usd,0001100663,BBG000G03TV0,BBG001T2RRQ4,2025-09-30T06:05:29.844729912Z
AGZD,WisdomTree Trust WisdomTree Interest Rate Hedged U.S. Aggregate Bond Fund,stocks,us,XNAS,ETF,True,usd,0001350487,BBG005Q26B40,BBG005Q26B59,2025-09-30T06:05:29.844730033Z
AHCO,AdaptHealth Corp. Common Stock,stocks,us,XNAS,CS,True,usd,0001725255,BBG00KJQVGV3,BBG00KJQVGW2,2025-09-30T06:05:29.844730113Z
AHG,Akso Health Group ADS,stocks,us,XNAS,ADRC,True,usd,0001702318,BBG00HVQFMZ7,BBG00HVQFN03,2025-09-30T06:05:29.844730203Z
AHH,"Armada Hoffler Properties, Inc.",stocks,us,XNYS,CS,True,usd,0001569187,BBG004CYX1M0,BBG004CYX1N9,2025-09-30T06:05:29.844730283Z
AHHpA,"Armada Hoffler Properties, Inc. 6.75% Series A Cumulative Redeemable Perpetual Preferred Stock",stocks,us,XNYS,PFD,True,usd,0001569187,2025-09-30T06:05:29.844730423Z
AHL,Aspen Insurance Holdings Limited,stocks,us,XNYS,CS,True,usd,0001267395,2025-09-30T06:05:29.844730504Z
AHLT,American Beacon AHL Trend ETF,stocks,us,ARCX,ETF,True,usd,BBG01J3YK8D5,BBG01J3YK989,2025-09-30T06:05:29.844730584Z
AHLpD,Aspen Insurance Holdings Limited 5.625% Perpetual Non-Cumulative Preference Shares,stocks,us,XNYS,PFD,True,usd,0001267395,2025-09-30T06:05:29.844730824Z
AHLpE,"Aspen Insurance Holdings Limited Depositary Shares, each representing a 1/1000th interest in a share of 5.625% Perpetual Non-Cumulative Preference Shares",stocks,us,XNYS,PFD,True,usd,0001267395,2025-09-30T06:05:29.844730904Z
AHLpF,"Aspen Insurance Holdings Limited Depositary Shares, each representing a 1/1,000th Interest in a 7.00% Perpetual Non-Cumulative Preference Share",stocks,us,XNYS,PFD,True,usd,0001267395,2025-09-30T06:05:29.844730994Z
AHR,"American Healthcare REIT, Inc.",stocks,us,XNYS,CS,True,usd,0001632970,BBG01L820CZ4,BBG01L820DT9,2025-09-30T06:05:29.844731075Z
AHT,"Ashford Hospitality Trust, Inc.",stocks,us,XNYS,CS,True,usd,0001232582,BBG000PRZVD1,BBG001SLQ6G1,2025-09-30T06:05:29.844731155Z
AHTpD,"Ashford Hospitality Trust, Inc. 8.45% Series D",stocks,us,XNYS,PFD,True,usd,0001232582,2025-09-30T06:05:29.844731235Z
AHTpF,"Ashford Hospitality Trust, Inc.",stocks,us,XNYS,PFD,True,usd,0001232582,2025-09-30T06:05:29.844731315Z
AHTpG,"Ashford Hospitality Trust, Inc   7.375% Series G Cumulative Preferred Stock",stocks,us,XNYS,PFD,True,usd,0001232582,2025-09-30T06:05:29.844731686Z
AHTpH,"Ashford Hospitality Trust, Inc. 7.50 Percent Series H Cumulative Preferred Stock",stocks,us,XNYS,PFD,True,usd,0001232582,2025-09-30T06:05:29.844731766Z
AHTpI,"Ashford Hospitality Trust, Inc. 7.50% Series I Cumulative Preferred Stock",stocks,us,XNYS,PFD,True,usd,0001232582,2025-09-30T06:05:29.844731886Z
AHYB,American Century Select High Yield ETF,stocks,us,ARCX,ETF,True,usd,0001710607,BBG013HJSPQ8,BBG013HJSQK2,2025-09-30T06:05:29.844731966Z
AI,"C3.ai, Inc.",stocks,us,XNYS,CS,True,usd,0001577526,BBG00Y6G6X31,BBG00Y6G6Y84,2025-09-30T06:05:29.844732046Z
AIA,iShares Asia 50 ETF,stocks,us,XNAS,ETF,True,usd,0001100663,BBG000TVYW56,BBG001T0LKC4,2025-09-30T06:05:29.844732137Z
AIBD,Direxion Daily AI and Big Data Bear 2X Shares,stocks,us,ARCX,ETF,True,usd,BBG01MG5S082,BBG01MG5S153,2025-09-30T06:05:29.844732217Z
AIBU,Direxion Daily AI and Big Data Bull 2X Shares,stocks,us,ARCX,ETF,True,usd,BBG01MG5M122,BBG01MG5M1X8,2025-09-30T06:05:29.844732297Z
AIEQ,Amplify AI Powered Equity ETF,stocks,us,ARCX,ETF,True,usd,0001633061,BBG01L6Y3H73,BBG01L6Y3J42,2025-09-30T06:05:29.844732377Z
AIFD,TCW Artificial Intelligence ETF,stocks,us,XNAS,ETF,True,usd,0001831313,BBG01MQS6C89,BBG01MQS6D50,2025-09-30T06:05:29.844732457Z
AIFF,"Firefly Neuroscience, Inc. Common Stock",stocks,us,XNAS,CS,True,usd,0000803578,BBG000BF6HD5,BBG001S6ZMC3,2025-09-30T06:05:29.844732537Z
AIFU,AIFU Inc. Class A Ordinary Share,stocks,us,XNAS,CS,True,usd,0001413855,2025-09-30T06:05:29.844732618Z
AIG,"American International Group, Inc.",stocks,us,XNYS,CS,True,usd,0000005272,BBG000BBDZG3,BBG001S5NJG1,2025-09-30T06:05:29.844732698Z
AIHS,Senmiao Technology Limited Common Stock,stocks,us,XNAS,CS,True,usd,0001711012,BBG00J3Q25V9,BBG00J3Q26K9,2025-09-30T06:05:29.844732778Z
AII,"American Integrity Insurance Group, Inc.",stocks,us,XNYS,CS,True,usd,0002007587,BBG000BN06C9,BBG001SC1H65,2025-09-30T06:05:29.844732868Z
AIIO,Robo.ai Inc. Class B Ordinary Shares,stocks,us,XNAS,CS,True,usd,0001932737,2025-09-30T06:05:29.844732948Z
AIIOW,Robo.ai Inc. Warrant,stocks,us,XNAS,WARRANT,True,usd,0001932737,2025-09-30T06:05:29.844733169Z
AIM,AIM ImmunoTech Inc.,stocks,us,XASE,CS,True,usd,0000946644,BBG000JL6Z80,BBG001SB9J29,2025-09-30T06:05:29.844733259Z
AIMD,"Ainos, Inc. Common Stock",stocks,us,XNAS,CS,True,usd,0001014763,BBG000H6PLR4,BBG001S965R0,2025-09-30T06:05:29.844733389Z
AIMDW,"Ainos, Inc. Warrants",stocks,us,XNAS,WARRANT,True,usd,0001014763,BBG019232J79,2025-09-30T06:05:29.844733469Z
AIN,Albany International Corp Class A,stocks,us,XNYS,CS,True,usd,0000819793,BBG000BRWWH3,BBG001S5VKN1,2025-09-30T06:05:29.844733549Z
AINP,Allspring Income Plus ETF,stocks,us,ARCX,ETF,True,usd,BBG01QVK6YM7,BBG01QVK6ZK6,2025-09-30T06:05:29.84473363Z
AIO,Virtus Artificial Intelligence & Technology Opportunities Fund,stocks,us,XNYS,FUND,True,usd,0001778114,BBG00Q7474K8,BBG00Q7474L7,2025-09-30T06:05:29.84473371Z
AIOO,AllianzIM U.S. Equity Buffer100 Protection ETF,stocks,us,BATS,ETF,True,usd,0001797318,BBG01V5B7TC6,BBG01V5B7V77,2025-09-30T06:05:29.84473379Z
AIOT,"PowerFleet, Inc. Common Stock",stocks,us,XNAS,CS,True,usd,0001774170,BBG00PG3JNL6,BBG00PG3JNM5,2025-09-30T06:05:29.84473388Z
AIP,"Arteris, Inc. Common Stock",stocks,us,XNAS,CS,True,usd,0001667011,BBG000QMLTK3,BBG001T7VHG1,2025-09-30T06:05:29.84473396Z
AIPI,REX AI Equity Premium Income ETF,stocks,us,XNAS,ETF,True,usd,BBG01N48YNC5,BBG01N48YPF7,2025-09-30T06:05:29.84473404Z
AIPO,Defiance AI & Power Infrastructure ETF,stocks,us,XNAS,ETF,True,usd,BBG01S2RQNR7,BBG01S2RQPN6,2025-09-30T06:05:29.84473412Z
AIQ,Global X Funds Global X Artificial Intelligence & Technology ETF,stocks,us,XNAS,ETF,True,usd,0001432353,BBG00KX8KG94,BBG00KX8KH01,2025-09-30T06:05:29.844734201Z
AIR,AAR Corp.,stocks,us,XNYS,CS,True,usd,0000001750,BBG000BBGQF1,BBG001S5NJX2,2025-09-30T06:05:29.844734281Z
AIRE,reAlpha Tech Corp. Common Stock,stocks,us,XNAS,CS,True,usd,0001859199,BBG015SL9PD1,BBG015SL9PF9,2025-09-30T06:05:29.844734361Z
AIRG,"Airgain, Inc. Common Stock",stocks,us,XNAS,CS,True,usd,0001272842,BBG0026ZDGG4,BBG0026ZDGH3,2025-09-30T06:05:29.844734441Z
AIRI,Air Industries Group,stocks,us,XASE,CS,True,usd,0001009891,BBG000C8XXR0,BBG001SG3M27,2025-09-30T06:05:29.844734842Z
AIRJ,AirJoule Technologies Corporation Class A Common Stock,stocks,us,XNAS,CS,True,usd,0001855474,BBG014FPNGK5,BBG014FPNHD1,2025-09-30T06:05:29.844734922Z
AIRJW,AirJoule Technologies Corporation Warrant,stocks,us,XNAS,WARRANT,True,usd,0001855474,BBG014XDH6X7,2025-09-30T06:05:29.844735032Z
AIRO,"AIRO Group Holdings, Inc. Common Stock",stocks,us,XNAS,CS,True,usd,0001927958,BBG01FRGW2W5,BBG01FRGW2Z2,2025-09-30T06:05:29.844735112Z
AIRR,First Trust RBA American Industrial Renaissance ETF,stocks,us,XNAS,ETF,True,usd,0001552740,BBG0063G4FW4,BBG0063G4FX3,2025-09-30T06:05:29.844735192Z
AIRS,"AirSculpt Technologies, Inc. Common Stock",stocks,us,XNAS,CS,True,usd,0001870940,BBG012V27C29,BBG012V27CX5,2025-09-30T06:05:29.844735273Z
AIRT,Air T Inc,stocks,us,XNAS,CS,True,usd,0000353184,BBG000BBH316,BBG001S5NJZ0,2025-09-30T06:05:29.844735353Z
AIRTP,"Air T, Inc. Air T Funding Alpha Income Trust Preferred Securities",stocks,us,XNAS,PFD,True,usd,0000353184,2025-09-30T06:05:29.844735433Z
AIS,VistaShares Artificial Intelligence Supercycle ETF,stocks,us,ARCX,ETF,True,usd,0001722388,BBG01R2TJN20,BBG01R2TJP25,2025-09-30T06:05:29.844735513Z
AISP,"Airship AI Holdings, Inc. Class A Common Stock",stocks,us,XNAS,CS,True,usd,0001842566,BBG00ZZNS7C4,BBG00ZZNS7D3,2025-09-30T06:05:29.844735603Z
AISPW,"Airship AI Holdings, Inc. Warrants",stocks,us,XNAS,WARRANT,True,usd,0001842566,BBG010W1PNX6,2025-09-30T06:05:29.844735693Z
AIT,"Applied Industrial Technologies, Inc.",stocks,us,XNYS,CS,True,usd,0000109563,BBG000BBHHP9,BBG001S5NK14,2025-09-30T06:05:29.844735774Z
AIV,Apartment Investment and Management Company,stocks,us,XNYS,CS,True,usd,0000922864,BBG000DD3510,BBG001S876N3,2025-09-30T06:05:29.844735854Z
AIVC,Amplify Bloomberg AI Value Chain ETF,stocks,us,ARCX,ETF,True,usd,0001633061,BBG01L6Y1LR4,BBG01L6Y1ML8,2025-09-30T06:05:29.844735934Z
AIVI,WisdomTree International AI Enhanced Value Fund,stocks,us,ARCX,ETF,True,usd,0001350487,BBG000BT3GK2,BBG001SHL7M6,2025-09-30T06:05:29.844736014Z
AIVL,WisdomTree U.S. AI Enhanced Value Fund,stocks,us,ARCX,ETF,True,usd,0001350487,BBG000BT2NX4,BBG001SHL7F4,2025-09-30T06:05:29.844736094Z
AIXI,XIAO-I Corporation American Depositary Shares,stocks,us,XNAS,ADRC,True,usd,0001935172,BBG01C3DTQ83,BBG01C3DTQ92,2025-09-30T06:05:29.844736345Z
AIYY,YieldMax AI Option Income Strategy ETF,stocks,us,ARCX,ETS,True,usd,0001924868,BBG01K8MLVZ7,BBG01K8MLWY6,2025-09-30T06:05:29.844736425Z
AIZ,"Assurant, Inc.",stocks,us,XNYS,CS,True,usd,0001267238,BBG000BZX1N5,BBG001SD9DW5,2025-09-30T06:05:29.844736545Z
AIZN,"Assurant, Inc. 5.25% Subordinated Notes due 2061",stocks,us,XNYS,SP,True,usd,0001267238,2025-09-30T06:05:29.844736625Z
AJAN,Innovator Equity Defined Protection ETF - 2 Yr to January 2026,stocks,us,BATS,ETF,True,usd,0001415726,BBG01KTTT4N4,BBG01KTTT5K4,2025-09-30T06:05:29.844736715Z
AJG,Arthur J. Gallagher & Co.,stocks,us,XNYS,CS,True,usd,0000354190,BBG000BBHXQ3,BBG001S5NKC2,2025-09-30T06:05:29.844736796Z
AJUL,Innovator Equity Defined Protection ETF - 2 Yr to July 2026,stocks,us,BATS,ETF,True,usd,0001415726,BBG01NJ0PGC1,BBG01NJ0PH66,2025-09-30T06:05:29.844736906Z
AKA,a.k.a. Brands Holding Corp.,stocks,us,XNYS,CS,True,usd,0001865107,BBG0129CWQ14,BBG0129CWQ23,2025-09-30T06:05:29.844736986Z
AKAF,The Frontier Economic Fund,stocks,us,XNYS,ETF,True,usd,BBG01VS3BCZ6,BBG01VS3BF70,2025-09-30T06:05:29.844737066Z
AKAM,Akamai Technologies Inc,stocks,us,XNAS,CS,True,usd,0001086222,BBG000BJQWD2,BBG001S7YHX0,2025-09-30T06:05:29.844737146Z
AKAN,Akanda Corp. Common Shares,stocks,us,XNAS,CS,True,usd,0001888014,BBG013GQ5XT8,BBG013GQ5XV5,2025-09-30T06:05:29.844737226Z
AKBA,"Akebia Therapeutics, Inc.",stocks,us,XNAS,CS,True,usd,0001517022,BBG000R33R00,BBG001T922S9,2025-09-30T06:05:29.844737317Z
AKO.A,Embotelladora Andina S.A. Series A,stocks,us,XNYS,ADRC,True,usd,0000925261,BBG000J82W71,BBG001S9ZDD6,2025-09-30T06:05:29.844737397Z
AKO.B,Embotelladora Andina S.A. Series B,stocks,us,XNYS,ADRC,True,usd,0000925261,BBG000DZ2SW8,BBG001S6T4X7,2025-09-30T06:05:29.844737477Z
AKR,Acadia Realty Trust,stocks,us,XNYS,CS,True,usd,0000899629,BBG000BJGD54,BBG001S7KXT5,2025-09-30T06:05:29.844737617Z
AKRO,"Akero Therapeutics, Inc. Common Stock",stocks,us,XNAS,CS,True,usd,0001744659,BBG00L9211Y8,BBG00L9211Z7,2025-09-30T06:05:29.844737697Z
AKTX,Akari Therapeutics plc ADR (0.01 USD),stocks,us,XNAS,ADRC,True,usd,0001541157,BBG003PMV495,BBG003PMV510,2025-09-30T06:05:29.844738008Z
AL,Air Lease Corporation,stocks,us,XNYS,CS,True,usd,0001487712,BBG000R3NPZ4,BBG001T92VD1,2025-09-30T06:05:29.844738088Z
ALAB,"Astera Labs, Inc. Common Stock",stocks,us,XNAS,CS,True,usd,0001736297,BBG00TDKHW99,BBG00TDKHWK6,2025-09-30T06:05:29.844738188Z
ALAI,Alger AI Enablers & Adopters ETF,stocks,us,ARCX,ETF,True,usd,0001807486,BBG01M13SDZ5,BBG01M13SFT7,2025-09-30T06:05:29.844738268Z
ALAR,Alarum Technologies Ltd. American Depositary Share,stocks,us,XNAS,ADRC,True,usd,0001725332,BBG00GVM3KM9,BBG00GVM3LB9,2025-09-30T06:05:29.844738349Z
ALB,Albemarle Corporation,stocks,us,XNYS,CS,True,usd,0000915913,BBG000BJ26K7,BBG001S7SBP9,2025-09-30T06:05:29.844738429Z
ALBT,Avalon GloboCare Corp. Common Stock,stocks,us,XNAS,CS,True,usd,0001630212,BBG008648HM7,BBG008648HN6,2025-09-30T06:05:29.844738529Z
ALBpA,Albemarle Corporation Depositary Shares each representing a 1/20th interest in a share of 7.25% Series A Mandatory Convertible Preferred Stock,stocks,us,XNYS,SP,True,usd,0000915913,2025-09-30T06:05:29.844738649Z
ALC,Alcon Inc. Ordinary Shares,stocks,us,XNYS,CS,True,usd,0001167379,2025-09-30T06:05:29.844738729Z
ALCO,Alico Inc,stocks,us,XNAS,CS,True,usd,0000003545,BBG000BBJR57,BBG001S5NKW0,2025-09-30T06:05:29.844738809Z
ALCY,Alchemy Investments Acquisition Corp 1 Class A Ordinary Shares,stocks,us,XNAS,CS,True,usd,0001901336,2025-09-30T06:05:29.84473889Z
ALCYU,Alchemy Investments Acquisition Corp 1 Units,stocks,us,XNAS,UNIT,True,usd,0001901336,2025-09-30T06:05:29.84473898Z
ALCYW,Alchemy Investments Acquisition Corp 1 Warrants,stocks,us,XNAS,WARRANT,True,usd,0001901336,2025-09-30T06:05:29.84473906Z
ALDF,Aldel Financial II Inc. Class A Ordinary Shares,stocks,us,XNAS,CS,True,usd,0002031561,2025-09-30T06:05:29.84473914Z
ALDFU,Aldel Financial II Inc. Units,stocks,us,XNAS,UNIT,True,usd,0002031561,2025-09-30T06:05:29.84473922Z
ALDFW,Aldel Financial II Inc. Warrants,stocks,us,XNAS,WARRANT,True,usd,0002031561,2025-09-30T06:05:29.8447393Z
ALDX,"Aldeyra Therapeutics, Inc.",stocks,us,XNAS,CS,True,usd,0001341235,BBG0029H8ZF6,BBG0029H8ZG5,2025-09-30T06:05:29.844739511Z
ALE,"ALLETE, Inc.",stocks,us,XNYS,CS,True,usd,0000066756,BBG000CYW7N5,BBG001S77110,2025-09-30T06:05:29.844739591Z
ALEC,"Alector, Inc. Common Stock",stocks,us,XNAS,CS,True,usd,0001653087,BBG00N0PL198,BBG00N0PL214,2025-09-30T06:05:29.844739691Z
ALEX,"Alexander & Baldwin, Inc.",stocks,us,XNYS,CS,True,usd,0001545654,BBG00HS2GVL8,BBG00HS2GVM7,2025-09-30T06:05:29.844739771Z
ALF,Centurion Acquisition Corp. Class A Ordinary Shares,stocks,us,XNAS,CS,True,usd,0002010930,2025-09-30T06:05:29.844739851Z
ALFUU,Centurion Acquisition Corp. Unit,stocks,us,XNAS,UNIT,True,usd,0002010930,2025-09-30T06:05:29.844739932Z
ALFUW,Centurion Acquisition Corp. Warrant,stocks,us,XNAS,WARRANT,True,usd,0002010930,2025-09-30T06:05:29.844740012Z
ALG,"Alamo Group, Inc.",stocks,us,XNYS,CS,True,usd,0000897077,BBG000BJTZX0,BBG001S7YVC2,2025-09-30T06:05:29.844740092Z
ALGM,"Allegro MicroSystems, Inc. Common Stock",stocks,us,XNAS,CS,True,usd,0000866291,BBG00H5S8391,BBG00H5S83B8,2025-09-30T06:05:29.844740182Z
ALGN,Align Technology Inc,stocks,us,XNAS,CS,True,usd,0001097149,BBG000BRNLL2,BBG001SCF1B9,2025-09-30T06:05:29.844740262Z
ALGS,"Aligos Therapeutics, Inc. Common Stock",stocks,us,XNAS,CS,True,usd,0001799448,BBG00QX7QH68,BBG00QX7QH77,2025-09-30T06:05:29.844740342Z
ALGT,Allegiant Travel Company,stocks,us,XNAS,CS,True,usd,0001362468,BBG000LJS6B8,BBG001SQ25S5,2025-09-30T06:05:29.844740422Z
ALHC,"Alignment Healthcare, Inc. Common Stock",stocks,us,XNAS,CS,True,usd,0001832466,BBG00ZJ0DSR6,BBG00ZJ0DSS5,2025-09-30T06:05:29.844740503Z
ALIL,Argent Focused Small Cap ETF,stocks,us,XNAS,ETF,True,usd,BBG01TCJ00K7,BBG01TCJ01G0,2025-09-30T06:05:29.844740583Z
ALIT,"Alight, Inc.",stocks,us,XNYS,CS,True,usd,0001809104,BBG00H00J2N1,BBG00H00J2Q8,2025-09-30T06:05:29.844740663Z
ALK,"Alaska Air Group, Inc.",stocks,us,XNYS,CS,True,usd,0000766421,BBG000BBL0Y1,BBG001S5NLG6,2025-09-30T06:05:29.844740753Z
ALKS,Alkermes Inc. plc,stocks,us,XNAS,CS,True,usd,0001520262,2025-09-30T06:05:29.844741064Z
ALKT,"Alkami Technology, Inc. Common Stock",stocks,us,XNAS,CS,True,usd,0001529274,BBG005HTCT54,BBG005HTCT63,2025-09-30T06:05:29.844741254Z
ALL,The Allstate Corporation,stocks,us,XNYS,CS,True,usd,0000899051,BBG000BVMGF2,BBG001S9BM06,2025-09-30T06:05:29.844741334Z
ALLE,Allegion Public Limited Company,stocks,us,XNYS,CS,True,usd,0001579241,2025-09-30T06:05:29.844741464Z
ALLO,"Allogene Therapeutics, Inc. Common Stock",stocks,us,XNAS,CS,True,usd,0001737287,BBG00KHRRDX3,BBG00KHRRDY2,2025-09-30T06:05:29.844741675Z
ALLR,"Allarity Therapeutics, Inc. Common Stock",stocks,us,XNAS,CS,True,usd,0001860657,BBG012NXCZP8,BBG012NXCZQ7,2025-09-30T06:05:29.844741885Z
ALLT,Allot Ltd. Ordinary Shares,stocks,us,XNAS,CS,True,usd,0001365767,2025-09-30T06:05:29.844741975Z
ALLW,SPDR Bridgewater All Weather ETF,stocks,us,XNAS,ETF,True,usd,0001516212,BBG01SN3NWY2,BBG01SN3NXT6,2025-09-30T06:05:29.844742136Z
ALLY,Ally Financial Inc.,stocks,us,XNYS,CS,True,usd,0000040729,BBG000BC2R71,BBG001S5RLN4,2025-09-30T06:05:29.844742206Z
ALLpB,The Allstate Corporation 5.100%  Fixed-To-Floating Rate Subordinated Debentures due 2053,stocks,us,XNYS,PFD,True,usd,0000899051,2025-09-30T06:05:29.844742757Z
ALLpH,The Allstate Corporation,stocks,us,XNYS,PFD,True,usd,0000899051,2025-09-30T06:05:29.844742837Z
ALLpI,The Allstate Corporation,stocks,us,XNYS,PFD,True,usd,0000899051,2025-09-30T06:05:29.844742917Z
ALLpJ,"The Allstate Corporation Depositary Shares each representing a 1/1,000th interest in a share of Fixed Rate Noncumulative Perpetual Preferred Stock, Series J",stocks,us,XNYS,PFD,True,usd,0000899051,2025-09-30T06:05:29.844742997Z
ALM,Almonty Industries Inc. Common Shares,stocks,us,XNAS,CS,True,usd,0001670061,BBG004KGNV81,BBG001T7CS41,2025-09-30T06:05:29.844743078Z
ALMS,Alumis Inc. Common Stock,stocks,us,XNAS,CS,True,usd,0001847367,BBG01J7X4PN2,BBG01J7X4PP0,2025-09-30T06:05:29.844743158Z
ALMU,"Aeluma, Inc. Common Stock",stocks,us,XNAS,CS,True,usd,0001828805,BBG013BHY3G1,BBG013BHY3H0,2025-09-30T06:05:29.844743248Z
ALNT,Allient Inc. Common Stock,stocks,us,XNAS,CS,True,usd,0000046129,BBG000BKVYJ3,BBG001S5RST3,2025-09-30T06:05:29.844743568Z
ALNY,"Alnylam Pharmaceuticals, Inc.",stocks,us,XNAS,CS,True,usd,0001178670,BBG000BFGNJ5,BBG001S7FTC8,2025-09-30T06:05:29.844743659Z
ALOT,"AstroNova, Inc. Common Stock",stocks,us,XNAS,CS,True,usd,0000008146,BBG000BBMCY4,BBG001S5NLS3,2025-09-30T06:05:29.844743769Z
ALRG,Allspring LT Large Core ETF,stocks,us,ARCX,ETF,True,usd,BBG01V9VKGD0,BBG01V9VKHF6,2025-09-30T06:05:29.844743849Z
ALRM,"Alarm.com Holdings, Inc.",stocks,us,XNAS,CS,True,usd,0001459200,BBG007GNPYY7,BBG007GNPYZ6,2025-09-30T06:05:29.844743929Z
ALRS,Alerus Financial Corporation Common Stock,stocks,us,XNAS,CS,True,usd,0000903419,BBG000BTXSH7,BBG001SGGKT8,2025-09-30T06:05:29.844744009Z
ALSN,"ALLISON TRANSMISSION HOLDINGS, INC.",stocks,us,XNYS,CS,True,usd,0001411207,BBG001KY3845,BBG001V0T5F3,2025-09-30T06:05:29.844744089Z
ALT,"Altimmune, Inc. Common Stock",stocks,us,XNAS,CS,True,usd,0001326190,BBG000FXML90,BBG001SNS461,2025-09-30T06:05:29.84474417Z
ALTG,Alta Equipment Group Inc.,stocks,us,XNYS,CS,True,usd,0001759824,BBG00NZ6JVD4,BBG00NZ6JW42,2025-09-30T06:05:29.84474455Z
ALTGpA,Alta Equipment Group Inc. Depositary Shares (each representing 1/1000th in a share of 10% Series A Cumulative Perpetual Preferred Stock),stocks,us,XNYS,PFD,True,usd,0001759824,2025-09-30T06:05:29.844744631Z
ALTI,"AlTi Global, Inc. Class A Common Stock",stocks,us,XNAS,CS,True,usd,0001838615,BBG00Z6F0LQ7,BBG00Z6F0ML0,2025-09-30T06:05:29.844744711Z
ALTL,Pacer Lunt Large Cap Alternator ETF,stocks,us,ARCX,ETF,True,usd,0001616668,BBG00VP22TF7,BBG00VP22V71,2025-09-30T06:05:29.844744791Z
ALTO,"Alto Ingredients, Inc. Common Stock",stocks,us,XNAS,CS,True,usd,0000778164,BBG000K4WSD7,BBG001SCBYZ5,2025-09-30T06:05:29.844744871Z
ALTS,ALT5 Sigma Corporation Common Stock,stocks,us,XNAS,CS,True,usd,0000862861,BBG000CKLRH0,BBG001S6Y4N2,2025-09-30T06:05:29.844744961Z
ALTY,Global X Funds Global X Alternative Income ETF,stocks,us,XNAS,ETF,True,usd,0001432353,BBG009L6H4R7,BBG009L6H4S6,2025-09-30T06:05:29.844745041Z
ALUR,"Allurion Technologies, Inc.",stocks,us,XNYS,CS,True,usd,0001964979,BBG01HPVRLS9,BBG01HPVRLV5,2025-09-30T06:05:29.844745121Z
ALUR.WS,"Allurion Technologies, Inc. Warrants, each whole warrant exercisable to purchase 0.056818 shares of common stock at an exercise price of $202.50 per share of common stock",stocks,us,XNYS,WARRANT,True,usd,0001964979,BBG01HPVZWF0,2025-09-30T06:05:29.844745352Z
ALV,"Autoliv, Inc.",stocks,us,XNYS,CS,True,usd,0001034670,BBG000BVLRY8,BBG001S9YRV6,2025-09-30T06:05:29.844745432Z
ALVO,Alvotech Ordinary Shares,stocks,us,XNAS,CS,True,usd,0001898416,2025-09-30T06:05:29.844745592Z
ALVOW,Alvotech Warrant,stocks,us,XNAS,WARRANT,True,usd,0001898416,2025-09-30T06:05:29.844745672Z
ALX,Alexander's Inc.,stocks,us,XNYS,CS,True,usd,0000003499,BBG000BBNLK8,BBG001S5NM92,2025-09-30T06:05:29.844745783Z
ALXO,ALX Oncology Holdings Inc. Common Stock,stocks,us,XNAS,CS,True,usd,0001810182,BBG00VR8SDG8,BBG00VR8SF73,2025-09-30T06:05:29.844745863Z
ALZN,"Alzamend Neuro, Inc. Common Stock",stocks,us,XNAS,CS,True,usd,0001677077,BBG00ZMXG7M8,BBG00ZMXG7N7,2025-09-30T06:05:29.844745943Z
AM,Antero Midstream Corporation Common Stock,stocks,us,XNYS,CS,True,usd,0001623925,BBG00GBNZ4M0,BBG00GBNZ4N9,2025-09-30T06:05:29.844746023Z
AMAL,Amalgamated Financial Corp. Common Stock (DE),stocks,us,XNAS,CS,True,usd,0001823608,BBG00XRT7YX6,BBG00XRT7YY5,2025-09-30T06:05:29.844746103Z
AMAT,Applied Materials Inc,stocks,us,XNAS,CS,True,usd,0000006951,BBG000BBPFB9,BBG001S5NMM7,2025-09-30T06:05:29.844746183Z
AMAX,Adaptive Hedged Multi-Asset Income ETF,stocks,us,ARCX,ETF,True,usd,BBG0133TN2R6,BBG0133TN3L0,2025-09-30T06:05:29.844746264Z
AMBA,"Ambarella, Inc. Ordinary Shares",stocks,us,XNAS,CS,True,usd,0001280263,2025-09-30T06:05:29.844746344Z
AMBC,"Ambac Financial Group, Inc.",stocks,us,XNYS,CS,True,usd,0000874501,BBG004HQHKK0,BBG004HQHL91,2025-09-30T06:05:29.844746434Z
AMBI,Ambipar Emergency Response,stocks,us,XASE,CS,True,usd,0001937441,2025-09-30T06:05:29.844746514Z
AMBI.WS,"Ambipar Emergency Response Warrants to purchase Class A ordinary shares, each whole warrant exercisable for one Class A ordinary share at an exercise price of $11.50 per share",stocks,us,XASE,WARRANT,True,usd,0001937441,2025-09-30T06:05:29.844746594Z
AMBO,Ambow Education Holding Ltd. American Depository Shares (each representing twenty (20) Class A Ordinary Shares),stocks,us,XASE,ADRC,True,usd,0001494558,BBG000BDCP09,BBG001T99B02,2025-09-30T06:05:29.844746674Z
AMBP,Ardagh Metal Packaging S.A.,stocks,us,XNYS,CS,True,usd,0001845097,2025-09-30T06:05:29.844746905Z
AMBP.WS,"Ardagh Metal Packaging S.A. Warrants, each exercisable for one Share at an exercise price of $11.50 per share",stocks,us,XNYS,WARRANT,True,usd,0001845097,2025-09-30T06:05:29.844746985Z
AMBQ,"Ambiq Micro, Inc.",stocks,us,XNYS,CS,True,usd,0001500412,BBG0026ZDH90,BBG0026ZDHB7,2025-09-30T06:05:29.844747125Z
AMBR,Amber International Holding Limited American Depositary Shares,stocks,us,XNAS,ADRC,True,usd,0001697818,BBG00J0BKBX0,BBG00J0BKBY9,2025-09-30T06:05:29.844747205Z
AMC,"AMC ENTERTAINMENT HOLDINGS, INC.",stocks,us,XNYS,CS,True,usd,0001411579,BBG000TDCVT6,BBG001SZYYL4,2025-09-30T06:05:29.844747286Z
AMCR,Amcor plc Ordinary Shares,stocks,us,XNYS,CS,True,usd,0001748790,2025-09-30T06:05:29.844747366Z
AMCX,AMC Networks Inc. Class A,stocks,us,XNAS,CS,True,usd,0001514991,BBG000H01H92,BBG001SLR8S3,2025-09-30T06:05:29.844747446Z
AMD,Advanced Micro Devices,stocks,us,XNAS,CS,True,usd,0000002488,BBG000BBQCY0,BBG001S5NN36,2025-09-30T06:05:29.844747526Z
AMDD,Direxion Daily AMD Bear 1X Shares,stocks,us,XNAS,ETF,True,usd,BBG01S4RXG10,BBG01S4RXH09,2025-09-30T06:05:29.844747626Z
AMDG,Leverage Shares 2X Long AMD Daily ETF,stocks,us,XNAS,ETF,True,usd,0001976322,BBG01RYZKSJ0,BBG01RYZKTF2,2025-09-30T06:05:29.844747706Z
AMDL,GraniteShares 2x Long AMD Daily ETF,stocks,us,XNAS,ETF,True,usd,0001689873,BBG01LNWKBD5,BBG01LNWKC70,2025-09-30T06:05:29.844747787Z
AMDU,Defiance Leveraged Long + Income AMD ETF,stocks,us,XNAS,ETF,True,usd,BBG01WTSMFD3,BBG01WTSMG96,2025-09-30T06:05:29.844747867Z
AMDW,Roundhill AMD WeeklyPay ETF,stocks,us,BATS,ETF,True,usd,BBG01W6VBTJ7,BBG01W6VBVF6,2025-09-30T06:05:29.844747947Z
AMDY,YieldMax AMD Option Income Strategy ETF,stocks,us,ARCX,ETS,True,usd,BBG01J9TDVT0,BBG01J9TDWP2,2025-09-30T06:05:29.844748027Z
AME,"Ametek, Inc.",stocks,us,XNYS,CS,True,usd,0001037868,BBG000B9XG87,BBG001S5NN54,2025-09-30T06:05:29.844748107Z
AMG,Affiliated Managers Group,stocks,us,XNYS,CS,True,usd,0001004434,BBG000C060M4,BBG001S6DMD6,2025-09-30T06:05:29.844748187Z
AMGN,Amgen Inc,stocks,us,XNAS,CS,True,usd,0000318154,BBG000BBS2Y0,BBG001S5NNL6,2025-09-30T06:05:29.844748398Z
AMH,AMERICAN HOMES 4 RENT,stocks,us,XNYS,CS,True,usd,0001562401,BBG003NXJNH6,BBG003NXJNJ4,2025-09-30T06:05:29.844748478Z
AMHpG,American Homes 4 Rent Series G cumulative redeemable perpetual preferred shares of beneficial interest,stocks,us,XNYS,PFD,True,usd,0001562401,2025-09-30T06:05:29.844748588Z
AMHpH,American Homes 4 Rent Series H cumulative redeemable perpetual Preferred Shares of Beneficial Interest,stocks,us,XNYS,PFD,True,usd,0001562401,2025-09-30T06:05:29.844748668Z
AMID,Argent Mid Cap ETF,stocks,us,XNAS,ETF,True,usd,BBG017Z2L8P2,BBG017Z2L9J7,2025-09-30T06:05:29.844748778Z
AMIX,"Autonomix Medical, Inc. Common Stock",stocks,us,XNAS,CS,True,usd,0001617867,BBG00R28GXW5,BBG00R28GXX4,2025-09-30T06:05:29.844748859Z
AMJB,Alerian MLP Index ETNs due January 28 2044,stocks,us,ARCX,ETN,True,usd,0000019617,BBG01L70PXT3,BBG01L70PZ45,2025-09-30T06:05:29.844748939Z
AMKR,Amkor Technology Inc,stocks,us,XNAS,CS,True,usd,0001047127,BBG000BCKGW7,BBG001S64YF8,2025-09-30T06:05:29.844749029Z
AMLP,Alerian MLP ETF,stocks,us,ARCX,ETF,True,usd,0001414040,BBG0015CS200,BBG001TBMNT5,2025-09-30T06:05:29.844749109Z
AMLX,"Amylyx Pharmaceuticals, Inc. Common Stock",stocks,us,XNAS,CS,True,usd,0001658551,BBG00DP10YT5,BBG00DP10YW1,2025-09-30T06:05:29.844749189Z
AMN,AMN Healthcare Services,stocks,us,XNYS,CS,True,usd,0001142750,BBG000BCT197,BBG001S6Q193,2025-09-30T06:05:29.844749269Z
AMOD,"Alpha Modus Holdings, Inc. Class A Common Stock",stocks,us,XNAS,CS,True,usd,0001862463,BBG0123NSVZ3,BBG0123NSWT8,2025-09-30T06:05:29.84474935Z
AMODW,"Alpha Modus Holdings, Inc. Warrant",stocks,us,XNAS,WARRANT,True,usd,0001862463,BBG0123Q9X74,2025-09-30T06:05:29.84474943Z
AMOM,Qraft AI-Enhanced US Large Cap Momentum ETF,stocks,us,ARCX,ETF,True,usd,0001547950,BBG00P5NRM19,BBG00P5NRMS0,2025-09-30T06:05:29.84474951Z
AMP,"Ameriprise Financial, Inc.",stocks,us,XNYS,CS,True,usd,0000820027,BBG000G3QLY3,BBG001SK6096,2025-09-30T06:05:29.84474961Z
AMPG,AMPLITECH GROUP INC. COM,stocks,us,XNAS,CS,True,usd,0001518461,BBG00394F954,BBG00394F9X3,2025-09-30T06:05:29.84474969Z
AMPGW,"Amplitech Group, Inc. Warrants",stocks,us,XNAS,WARRANT,True,usd,0001518461,BBG00Z9BGRC8,2025-09-30T06:05:29.844749921Z
AMPH,"Amphastar Pharmaceuticals, Inc.",stocks,us,XNAS,CS,True,usd,0001297184,BBG000BW90S6,BBG001SCM4W2,2025-09-30T06:05:29.844750011Z
AMPL,"Amplitude, Inc. Class A Common Stock",stocks,us,XNAS,CS,True,usd,0001866692,BBG012CDTZY6,BBG012CDTZZ5,2025-09-30T06:05:29.844750151Z
AMPX,"Amprius Technologies, Inc.",stocks,us,XNYS,CS,True,usd,0001899287,BBG019MBDC63,BBG019MBDD16,2025-09-30T06:05:29.844750371Z
AMPX.WS,"Amprius Technologies, Inc. Warrants to purchase one share of Common Stock at an exercise price of $11.50 per share",stocks,us,XNYS,WARRANT,True,usd,0001899287,BBG016X0TFF7,2025-09-30T06:05:29.844750472Z
AMPY,Amplify Energy Corp.,stocks,us,XNYS,CS,True,usd,0001533924,BBG00F0YM0Z8,BBG00F0YM1R5,2025-09-30T06:05:29.844750552Z
AMR,"Alpha Metallurgical Resources, Inc.",stocks,us,XNYS,CS,True,usd,0001704715,BBG00DGWV035,BBG00DGWV044,2025-09-30T06:05:29.844750642Z
AMRC,"Ameresco, Inc.",stocks,us,XNYS,CS,True,usd,0001488139,BBG000BD1QL6,BBG001S6P9W1,2025-09-30T06:05:29.844750722Z
AMRK,"A-Mark Precious Metals, Inc.",stocks,us,XNAS,CS,True,usd,0001591588,BBG005ZVDK48,BBG005ZVDK57,2025-09-30T06:05:29.844750802Z
AMRN,Amarin Corp Plc,stocks,us,XNAS,ADRC,True,usd,0000897448,BBG000BPYG99,BBG001SD42R0,2025-09-30T06:05:29.844750882Z
AMRX,"Amneal Pharmaceuticals, Inc. Class A Common Stock",stocks,us,XNAS,CS,True,usd,0001723128,BBG00462PGG0,BBG00462PGH9,2025-09-30T06:05:29.844750963Z
AMRZ,Amrize Ltd,stocks,us,XNYS,CS,True,usd,0002035989,2025-09-30T06:05:29.844751043Z
AMS,American Shared Hospital Services,stocks,us,XASE,CS,True,usd,0000744825,BBG000BBVZ37,BBG001S5NPF8,2025-09-30T06:05:29.844751133Z
AMSC,American Superconductor Corp,stocks,us,XNAS,CS,True,usd,0000880807,BBG000CP3D44,BBG001S70C31,2025-09-30T06:05:29.844751213Z
AMSF,"AMERISAFE, Inc.",stocks,us,XNAS,CS,True,usd,0001018979,BBG000Q0JJQ0,BBG001SDH7B2,2025-09-30T06:05:29.844751293Z
AMST,Amesite Inc.,stocks,us,XNAS,CS,True,usd,0001807166,BBG00KY7FCW4,BBG00KY7FCX3,2025-09-30T06:05:29.844751373Z
AMT,American Tower Corporation,stocks,us,XNYS,CS,True,usd,0001053507,BBG000B9XYV2,BBG001S5NPQ6,2025-09-30T06:05:29.844751564Z
AMTB,Amerant Bancorp Inc.,stocks,us,XNYS,CS,True,usd,0001734342,BBG001KHCXD7,BBG001V0P1S2,2025-09-30T06:05:29.844751644Z
AMTD,"AMTD IDEA Group American Depositary Shares, each representing six (6) Class A Ordinary Shares",stocks,us,XNYS,ADRC,True,usd,0001769731,BBG00PH297Y9,BBG00PH298P7,2025-09-30T06:05:29.844751764Z
AMTM,"Amentum Holdings, Inc.",stocks,us,XNYS,CS,True,usd,0002011286,BBG01NY7B734,BBG01NY7B770,2025-09-30T06:05:29.844751844Z
AMTX,"Aemetis, Inc. (DE) Common Stock",stocks,us,XNAS,CS,True,usd,0000738214,BBG000BWBZY9,BBG001SCST33,2025-09-30T06:05:29.844751934Z
AMUB,"ETRACS Alerian MLP Index ETN Series B due July 18, 2042",stocks,us,ARCX,ETN,True,usd,0001114446,BBG00B59KB85,BBG00B59KB76,2025-09-30T06:05:29.844752025Z
AMUU,Direxion Daily AMD Bull 2X Shares,stocks,us,XNAS,ETF,True,usd,BBG01S4S1M83,BBG01S4S1N63,2025-09-30T06:05:29.844752425Z
AMWD,American Woodmark Corp,stocks,us,XNAS,CS,True,usd,0000794619,BBG000BBX657,BBG001S5NQ57,2025-09-30T06:05:29.844752516Z
AMWL,American Well Corporation,stocks,us,XNYS,CS,True,usd,0001393584,BBG002R1JYY1,BBG002R1JYZ0,2025-09-30T06:05:29.844752606Z
AMX,America Movil S.A.B de C.V American Depositary Shares (each representing the right to receive twenty (20) Series B Shares),stocks,us,XNYS,ADRC,True,usd,0001129137,BBG01FRH5MK2,BBG01FRH5ND8,2025-09-30T06:05:29.844752706Z
A,Agilent Technologies Inc.,stocks,us,XNYS,CS,True,usd,0001090872,BBG000C2V3D6,BBG001SCTQY4,2025-09-30T06:05:29.844698933Z
AA,Alcoa Corporation,stocks,us,XNYS,CS,True,usd,0001675149,BBG00B3T3HD3,BBG00B3T3HF1,2025-09-30T06:05:29.844699555Z
AAA,Alternative Access First Priority CLO Bond ETF,stocks,us,ARCX,ETF,True,usd,0001776878,BBG01B0JRCS6,BBG01B0JRCT5,2025-09-30T06:05:29.844699755Z
AAAA,Amplius Aggressive Asset Allocation ETF,stocks,us,BATS,ETF,True,usd,BBG01W275XX6,BBG01W275ZB5,2025-09-30T06:05:29.844699835Z
AAAU,Goldman Sachs Physical Gold ETF Shares,stocks,us,BATS,ETF,True,usd,0001708646,BBG00LPXX872,BBG00LPXX8Z1,2025-09-30T06:05:29.844699945Z
AACB,Artius II Acquisition Inc. Class A Ordinary Shares,stocks,us,XNAS,CS,True,usd,0002034334,2025-09-30T06:05:29.844700025Z
AACBR,Artius II Acquisition Inc. Rights,stocks,us,XNAS,RIGHT,True,usd,0002034334,2025-09-30T06:05:29.844700106Z
AACBU,Artius II Acquisition Inc. Units,stocks,us,XNAS,UNIT,True,usd,0002034334,2025-09-30T06:05:29.844700186Z
AACG,ATA Creativity Global American Depositary Shares,stocks,us,XNAS,ADRC,True,usd,0001420529,BBG000V2S3P6,BBG001T125S9,2025-09-30T06:05:29.844700366Z
AACI,Armada Acquisition Corp. II Class A Ordinary Shares,stocks,us,XNAS,CS,True,usd,0002044009,2025-09-30T06:05:29.844700456Z
AACIU,Armada Acquisition Corp. II Units,stocks,us,XNAS,UNIT,True,usd,0002044009,2025-09-30T06:05:29.844700807Z
AACIW,Armada Acquisition Corp. II Warrant,stocks,us,XNAS,WARRANT,True,usd,0002044009,2025-09-30T06:05:29.844700897Z
AADR,AdvisorShares Dorsey Wright ADR ETF,stocks,us,XNAS,ETF,True,usd,0001408970,BBG000BDYRW6,BBG001T9B1Y4,2025-09-30T06:05:29.844701017Z
AAL,American Airlines Group Inc.,stocks,us,XNAS,CS,True,usd,0000006201,BBG005P7Q881,BBG005P7Q907,2025-09-30T06:05:29.844701097Z
AALG,Leverage Shares 2X Long AAL Daily ETF,stocks,us,XNAS,ETF,True,usd,0001976322,BBG01VH49P35,BBG01VH49Q06,2025-09-30T06:05:29.844701178Z
AAM,AA Mission Acquisition Corp.,stocks,us,XNYS,CS,True,usd,0002012964,2025-09-30T06:05:29.844701258Z
AAM.U,"AA Mission Acquisition Corp. Units, each consisting of one Class A Ordinary Share and one-half of one redeemable warrant",stocks,us,XNYS,UNIT,True,usd,0002012964,2025-09-30T06:05:29.844701338Z
AAM.WS,"AA Mission Acquisition Corp. Warrants, each whole warrant entitles the holder to purchase one Class A ordinary share at a price of $11.50 per share",stocks,us,XNYS,WARRANT,True,usd,0002012964,2025-09-30T06:05:29.844701418Z
AAME,Atlantic American Corp,stocks,us,XNAS,CS,True,usd,0000008177,BBG000B9XB24,BBG001S5N8T1,2025-09-30T06:05:29.844701508Z
AAMI,Acadian Asset Management Inc.,stocks,us,XNYS,CS,True,usd,0001748824,BBG00P2HLNY3,BBG00P2HLNZ2,2025-09-30T06:05:29.844701588Z
AAOI,"Applied Optoelectronics, Inc.",stocks,us,XNAS,CS,True,usd,0001158114,BBG000D6VW15,BBG001SG47G4,2025-09-30T06:05:29.844701669Z
AAON,Aaon Inc,stocks,us,XNAS,CS,True,usd,0000824142,BBG000C2LZP3,BBG001S6CZK0,2025-09-30T06:05:29.844701749Z
AAP,ADVANCE AUTO PARTS INC,stocks,us,XNYS,CS,True,usd,0001158449,BBG000F7RCJ1,BBG001SD2SB2,2025-09-30T06:05:29.844701829Z
AAPB,GraniteShares ETF Trust GraniteShares 2x Long AAPL Daily ETF,stocks,us,XNAS,ETF,True,usd,0001689873,BBG0193F21N2,BBG0193F22H7,2025-09-30T06:05:29.844701909Z
AAPD,Direxion Daily AAPL Bear 1X Shares,stocks,us,XNAS,ETF,True,usd,BBG0193YGJ57,BBG0193YGK09,2025-09-30T06:05:29.844701989Z
AAPG,Ascentage Pharma Group International American Depository Shares,stocks,us,XNAS,ADRC,True,usd,0002023311,BBG01RJXM9C9,BBG01RJXMB89,2025-09-30T06:05:29.844702079Z
AAPL,Apple Inc.,stocks,us,XNAS,CS,True,usd,0000320193,BBG000B9XRY4,BBG001S5N8V8,2025-09-30T06:05:29.84470244Z
AAPR,Innovator Equity Defined Protection ETF - 2 Yr to April 2026,stocks,us,BATS,ETF,True,usd,0001415726,BBG01M698CQ1,BBG01M698DK5,2025-09-30T06:05:29.84470253Z
AAPU,Direxion Shares ETF Trust Direxion Daily AAPL Bull 2X Shares,stocks,us,XNAS,ETF,True,usd,BBG0193YBZ92,BBG0193YC043,2025-09-30T06:05:29.84470264Z
AAPW,Roundhill AAPL WeeklyPay ETF,stocks,us,BATS,ETF,True,usd,BBG01SCFVRC3,BBG01SCFVS86,2025-09-30T06:05:29.844702721Z
AAPX,T-Rex 2X Long Apple Daily Target ETF,stocks,us,BATS,ETF,True,usd,BBG01KY72SD3,BBG01KY72T78,2025-09-30T06:05:29.844702801Z
AAPY,Kurv Yield Premium Strategy Apple (AAPL) ETF,stocks,us,BATS,ETF,True,usd,0001848758,BBG01QY0GMH9,BBG01QY0GNH7,2025-09-30T06:05:29.844702881Z
AARD,"Aardvark Therapeutics, Inc. Common Stock",stocks,us,XNAS,CS,True,usd,0001774857,BBG01223DLB2,BBG01223DLC1,2025-09-30T06:05:29.844702961Z
AAT,"AMERICAN ASSETS TRUST, INC.",stocks,us,XNYS,CS,True,usd,0001500217,BBG00161BCR0,BBG001TCBJS5,2025-09-30T06:05:29.844703041Z
AAUC,Allied Gold Corporation,stocks,us,XNYS,CS,True,usd,0001993344,BBG01K0WWT59,BBG01J3PPZ58,2025-09-30T06:05:29.844703502Z
AAUS,Alpha Architect US Equity ETF,stocks,us,XNAS,ETF,True,usd,BBG01W26H9C1,BBG01W26HBL6,2025-09-30T06:05:29.844703582Z
AAVM,EA Series Trust Alpha Architect Global Factor Equity ETF,stocks,us,XNAS,ETF,True,usd,BBG00GM1DQV1,BBG00GM1DRK1,2025-09-30T06:05:29.844703672Z
AAXJ,iShares MSCI All Country Asia ex Japan ETF,stocks,us,XNAS,ETF,True,usd,0001100663,BBG000G6GXC5,BBG001T2V2D8,2025-09-30T06:05:29.844703753Z
AB,"AllianceBernstein Holding, L.P.",stocks,us,XNYS,CS,True,usd,0000825313,BBG000B9WM03,BBG001S5N9S0,2025-09-30T06:05:29.844703843Z
ABAT,American Battery Technology Company Common Stock,stocks,us,XNAS,CS,True,usd,0001576873,BBG004M1KJN5,BBG004M1KJP3,2025-09-30T06:05:29.844703923Z
ABBV,ABBVIE INC.,stocks,us,XNYS,CS,True,usd,0001551152,BBG0025Y4RY4,BBG0025Y4RZ3,2025-09-30T06:05:29.844704003Z
ABCB,Ameris Bancorp,stocks,us,XNYS,CS,True,usd,0000351569,BBG000CDY3H5,BBG001S80PX7,2025-09-30T06:05:29.844704083Z
ABCL,AbCellera Biologics Inc. Common Shares,stocks,us,XNAS,CS,True,usd,0001703057,BBG00LLW2MF2,BBG00LLW2MH0,2025-09-30T06:05:29.844704444Z
ABCS,Alpha Blue Capital US Small-Mid Cap Dynamic ETF,stocks,us,XNAS,ETF,True,usd,BBG01KMFQRF2,BBG01KMFQS88,2025-09-30T06:05:29.844704524Z
ABEO,Abeona Therapeutics Inc. Common Stock,stocks,us,XNAS,CS,True,usd,0000318306,BBG000DT5D52,BBG001S8T7K0,2025-09-30T06:05:29.844704664Z
ABEQ,Absolute Select Value ETF,stocks,us,ARCX,ETF,True,usd,0001199046,BBG00RHHGQY2,BBG00RHHGRP0,2025-09-30T06:05:29.844704754Z
ABEV,AMBEV S.A.,stocks,us,XNYS,ADRC,True,usd,0001565025,BBG000BN5VZ4,BBG005KLVT74,2025-09-30T06:05:29.844704835Z
ABFL,Abacus FCF Leaders ETF,stocks,us,BATS,ETF,True,usd,BBG00DW3P010,BBG00DW3P029,2025-09-30T06:05:29.844704915Z
ABG,"Asbury Automotive Group, Inc.",stocks,us,XNYS,CS,True,usd,0001144980,BBG000BKDWB5,BBG001S9B5H5,2025-09-30T06:05:29.844704995Z
ABI,VictoryShares Pioneer Asset-Based Income ETF,stocks,us,XNAS,ETF,True,usd,BBG01VCKWDB6,BBG01VCKWFN8,2025-09-30T06:05:29.844705075Z
ABIG,Argent Large Cap ETF,stocks,us,XNAS,ETF,True,usd,BBG01TCJ3701,BBG01TCJ37Z3,2025-09-30T06:05:29.844705456Z
ABL,"Abacus Global Management, Inc. Class A Common Stock",stocks,us,XNAS,CS,True,usd,0001814287,BBG00VY1KB95,BBG00VY1KBC1,2025-09-30T06:05:29.844705536Z
ABLD,Abacus FCF Real Assets Leaders ETF,stocks,us,BATS,ETF,True,usd,BBG0141PBK24,BBG0141PBL04,2025-09-30T06:05:29.844705616Z
ABLG,Abacus FCF International Leaders ETF,stocks,us,BATS,ETF,True,usd,BBG00H1J5D96,BBG00H1J5FN5,2025-09-30T06:05:29.844705696Z
ABLLL,"Abacus Global Management, Inc. 9.875% Fixed Rate Senior Notes due 2028",stocks,us,XNAS,CS,True,usd,0001814287,2025-09-30T06:05:29.844705776Z
ABLS,Abacus FCF Small Cap Leaders ETF,stocks,us,BATS,ETF,True,usd,BBG01SCGBTV8,BBG01SCGBVT6,2025-09-30T06:05:29.844705867Z
ABLV,Able View Global Inc. Class B Ordinary Shares,stocks,us,XNAS,CS,True,usd,0001957489,2025-09-30T06:05:29.844705947Z
ABLVW,Able View Global Inc. Warrant,stocks,us,XNAS,WARRANT,True,usd,0001957489,2025-09-30T06:05:29.844706027Z
ABM,"ABM Industries, Inc.",stocks,us,XNYS,CS,True,usd,0000771497,BBG000B9YYH7,BBG001S5N9B8,2025-09-30T06:05:29.844706357Z
ABNB,"Airbnb, Inc. Class A Common Stock",stocks,us,XNAS,CS,True,usd,0001559720,BBG001Y2XS07,BBG001Y2XS16,2025-09-30T06:05:29.844706438Z
ABNY,YieldMax ABNB Option Income Strategy ETF,stocks,us,ARCX,ETS,True,usd,BBG01JHFMD75,BBG01JHFMF34,2025-09-30T06:05:29.844706558Z
ABOS,"Acumen Pharmaceuticals, Inc. Common Stock",stocks,us,XNAS,CS,True,usd,0001576885,BBG0058YJ317,BBG0058YJ326,2025-09-30T06:05:29.844706638Z
ABOT,Abacus FCF Innovation Leaders ETF,stocks,us,BATS,ETF,True,usd,BBG00YC69CJ2,BBG00YC69DC7,2025-09-30T06:05:29.844706718Z
ABP,"Abpro Holdings, Inc Common Stock",stocks,us,XNAS,CS,True,usd,0001893219,BBG013X0S7F3,BBG013X0S889,2025-09-30T06:05:29.844706808Z
ABPWW,"Abpro Holdings, Inc. Warrant",stocks,us,XNAS,WARRANT,True,usd,BBG0142NHSW2,2025-09-30T06:05:29.844706889Z
ABR,"Arbor Realty Trust, Inc.",stocks,us,XNYS,CS,True,usd,0001253986,BBG000KMVDV1,BBG001SJP3G4,2025-09-30T06:05:29.844706969Z
ABRpD,"Arbor Realty Trust, Inc. 6.375% Series D Cumulative Redeemable Preferred Stock, Liquidation Preference $25.00 per Share",stocks,us,XNYS,PFD,True,usd,0001253986,2025-09-30T06:05:29.844707049Z
ABRpE,"Arbor Realty Trust, Inc. 6.25% Series E Cumulative Redeemable Preferred Stock",stocks,us,XNYS,PFD,True,usd,0001253986,2025-09-30T06:05:29.844707139Z
ABRpF,"Arbor Realty Trust, Inc. 6.25% Series F Fixed-to-Floating Rate Cumulative Redeemable Preferred Stock, Liquidation Preference $25.00 per share",stocks,us,XNYS,PFD,True,usd,0001253986,2025-09-30T06:05:29.844707219Z
ABSI,Absci Corporation Common Stock,stocks,us,XNAS,CS,True,usd,0001672688,BBG011N54CJ8,BBG011N54DC3,2025-09-30T06:05:29.844707299Z
ABT,Abbott Laboratories,stocks,us,XNYS,CS,True,usd,0000001800,BBG000B9ZXB4,BBG001S5N9M6,2025-09-30T06:05:29.844707379Z
ABTC,American Bitcoin Corp. Class A Common Stock,stocks,us,XNAS,CS,True,usd,0001755953,BBG00MS8GZP1,BBG00MS8GZQ0,2025-09-30T06:05:29.84470746Z
ABTS,Abits Group Inc Ordinary Shares,stocks,us,XNAS,CS,True,usd,0001864055,2025-09-30T06:05:29.84470754Z
ABUS,Arbutus Biopharma Corporation Common Stock,stocks,us,XNAS,CS,True,usd,0001447028,BBG000RR8V85,BBG001S6RSK0,2025-09-30T06:05:29.84470762Z
ABVC,"ABVC BioPharma, Inc. Common Stock",stocks,us,XNAS,CS,True,usd,0001173313,BBG000Q844Z2,BBG001SMCS49,2025-09-30T06:05:29.844707991Z
ABVE,Above Food Ingredients Inc. Common Stock,stocks,us,XNAS,CS,True,usd,0001979484,BBG01NGG37N1,BBG01NGG37P9,2025-09-30T06:05:29.844708071Z
ABVEW,Above Food Ingredients Inc. Warrants,stocks,us,XNAS,WARRANT,True,usd,0001979484,BBG01NKYQFV5,2025-09-30T06:05:29.844708201Z
ABVX,Abivax SA American Depositary Shares,stocks,us,XNAS,ADRC,True,usd,0001956827,BBG01JLQNZ03,BBG01JLQNZV9,2025-09-30T06:05:29.844708281Z
ABXB,Abacus Flexible Bond Leaders ETF,stocks,us,BATS,ETF,True,usd,BBG00YC5ZT62,BBG00YC5ZV49,2025-09-30T06:05:29.844708391Z
ACA,"Arcosa, Inc. Common Stock",stocks,us,XNYS,CS,True,usd,0001739445,BBG00JGMWFM9,BBG00JGMWGB9,2025-09-30T06:05:29.844708482Z
ACAD,Acadia Pharmaceuticals Inc.,stocks,us,XNAS,CS,True,usd,0001070494,BBG000BHG9K0,BBG001SB06N3,2025-09-30T06:05:29.844708562Z
ACB,Aurora Cannabis Inc. Common Shares,stocks,us,XNAS,CS,True,usd,0001683541,BBG006SCSYG7,BBG001SV77D1,2025-09-30T06:05:29.844708652Z
ACCO,Acco Brands Corporation,stocks,us,XNYS,CS,True,usd,0000712034,BBG000J06K07,BBG001SPBTK3,2025-09-30T06:05:29.844708732Z
ACCS,ACCESS Newswire Inc.,stocks,us,XASE,CS,True,usd,0000843006,BBG000C1CK87,BBG001S67C09,2025-09-30T06:05:29.844708812Z
ACDC,ProFrac Holding Corp. Class A Common Stock,stocks,us,XNAS,CS,True,usd,0001881487,BBG013PRYPJ2,BBG013PRYQC7,2025-09-30T06:05:29.844708892Z
ACEI,Innovator Equity Autocallable Income Strategy ETF,stocks,us,ARCX,ETF,True,usd,0001415726,BBG01XK51Q67,BBG01XK51R47,2025-09-30T06:05:29.844708983Z
ACEL,"Accel Entertainment, Inc.",stocks,us,XNYS,CS,True,usd,0001698991,BBG00GX221W3,BBG00GX221Z0,2025-09-30T06:05:29.844709063Z
ACES,ALPS Clean Energy ETF,stocks,us,ARCX,ETF,True,usd,0001414040,BBG00L99FCT0,BBG00L99FDK7,2025-09-30T06:05:29.844709143Z
ACET,"Adicet Bio, Inc. Common Stock",stocks,us,XNAS,CS,True,usd,0001720580,BBG00JCXSJP3,BBG00JCXSJQ2,2025-09-30T06:05:29.844709223Z
ACFN,"Acorn Energy, Inc. Common Stock",stocks,us,XNAS,CS,True,usd,0000880984,BBG000CMY866,BBG001S6ZZ25,2025-09-30T06:05:29.844709303Z
ACGL,Arch Capital Group Ltd,stocks,us,XNAS,CS,True,usd,0000947484,2025-09-30T06:05:29.844709644Z
ACGLN,"Arch Capital Group Ltd. Depositary Shares, each Representing a 1/1,000th Interest in a 4.550% Non-Cumulative Preferred Share, Series G",stocks,us,XNAS,CS,True,usd,0000947484,2025-09-30T06:05:29.844709724Z
ACGLO,"Arch Capital Group Ltd. Depositary Shares Each Representing 1/1,000th Interest in a Share of 5.45% Non-Cumulative Preferred Shares, Series F",stocks,us,XNAS,PFD,True,usd,0000947484,2025-09-30T06:05:29.844709864Z
ACGR,American Century Large Cap Growth ETF,stocks,us,ARCX,ETF,True,usd,0001481714,BBG011MFL031,BBG011MFL0Y7,2025-09-30T06:05:29.844709944Z
ACHC,"Acadia Healthcare Company, Inc.",stocks,us,XNAS,CS,True,usd,0001520697,BBG000FPNN38,BBG001SNNWL7,2025-09-30T06:05:29.844710024Z
ACHR,Archer Aviation Inc.,stocks,us,XNYS,CS,True,usd,0001824502,BBG00XRTC910,BBG00XRTC929,2025-09-30T06:05:29.844710105Z
ACHR.WS,"Archer Aviation Inc. Redeemable Warrants, each whole warrant exercisable for one Class A common stock at an exercise price of $11.50",stocks,us,XNYS,WARRANT,True,usd,0001824502,BBG00YGCV1N9,2025-09-30T06:05:29.844710195Z
ACHV,"Achieve Life Sciences, Inc.",stocks,us,XNAS,CS,True,usd,0000949858,BBG000FB8S62,BBG001S8JF14,2025-09-30T06:05:29.844710275Z
ACI,"Albertsons Companies, Inc.",stocks,us,XNYS,CS,True,usd,0001646972,BBG009KG1750,BBG009KG1741,2025-09-30T06:05:29.844710355Z
ACIC,American Coastal Insurance Corporation Common Stock,stocks,us,XNAS,CS,True,usd,0001401521,BBG000TKFJQ7,BBG001T09W05,2025-09-30T06:05:29.844710445Z
ACII,Innovator Index Autocallable Income Strategy ETF,stocks,us,ARCX,ETF,True,usd,0001838614,BBG01XK52JX2,BBG01XK52KW0,2025-09-30T06:05:29.844710525Z
ACIO,Aptus Collared Investment Opportunity ETF,stocks,us,BATS,ETF,True,usd,0001539639,BBG00PNSDFF3,BBG00PNSDG52,2025-09-30T06:05:29.844710606Z
ACIU,AC Immune SA,stocks,us,XNAS,CS,True,usd,0001651625,2025-09-30T06:05:29.844710686Z
ACIW,"ACI Worldwide, Inc.",stocks,us,XNAS,CS,True,usd,0000935036,BBG000PMBV39,BBG001S9KLL5,2025-09-30T06:05:29.844710766Z
ACKY,VistaShares Target 15 ACKtivist Distribution ETF,stocks,us,ARCX,ETF,True,usd,0001722388,BBG01WHYZLL7,BBG01WHYZMG1,2025-09-30T06:05:29.844710846Z
ACLC,American Century Large Cap Equity ETF,stocks,us,ARCX,ETF,True,usd,0001481714,BBG00W0JV9Q5,BBG00W0JVBH0,2025-09-30T06:05:29.844710936Z
ACLO,TCW AAA CLO ETF,stocks,us,XNYS,ETF,True,usd,0001831313,BBG01QPVFLN7,BBG01QPVFMJ0,2025-09-30T06:05:29.844711237Z
ACLS,Axcelis Technologies Inc,stocks,us,XNAS,CS,True,usd,0001113232,BBG000DW34S2,BBG001SF8W86,2025-09-30T06:05:29.844711317Z
ACLX,"Arcellx, Inc. Common Stock",stocks,us,XNAS,CS,True,usd,0001786205,BBG00QHJM4S9,BBG00QHJM4W4,2025-09-30T06:05:29.844711447Z
ACM,Aecom,stocks,us,XNYS,CS,True,usd,0000868857,BBG000F61RJ8,BBG001SKTTF1,2025-09-30T06:05:29.844711537Z
ACMR,"ACM Research, Inc. Class A Common Stock",stocks,us,XNAS,CS,True,usd,0001680062,BBG00HPSG933,BBG00HPSG942,2025-09-30T06:05:29.844711618Z
ACN,Accenture PLC,stocks,us,XNYS,CS,True,usd,0001467373,2025-09-30T06:05:29.844711698Z
ACNB,ACNB Corp,stocks,us,XNAS,CS,True,usd,0000715579,BBG000BJ2LY9,BBG001S6CVZ3,2025-09-30T06:05:29.844711778Z
ACNT,Ascent Industries Co. Common Stock,stocks,us,XNAS,CS,True,usd,0000095953,BBG000CLRHW7,BBG001S6Z1R3,2025-09-30T06:05:29.844711858Z
ACOG,Alpha Cognition Inc. Common Stock,stocks,us,XNAS,CS,True,usd,0001655923,BBG011CJPRD0,BBG00L7TXNM1,2025-09-30T06:05:29.844711938Z
ACON,"Aclarion, Inc. Common Stock",stocks,us,XNAS,CS,True,usd,0001635077,BBG014FBN4K3,BBG014FBN5N7,2025-09-30T06:05:29.844712018Z
ACONW,"Aclarion, Inc. Warrant",stocks,us,XNAS,WARRANT,True,usd,0001635077,BBG016Z2HS66,2025-09-30T06:05:29.844712108Z
ACP,abrdn Income Credit Strategies Fund,stocks,us,XNYS,FUND,True,usd,0001503290,BBG0017VSC04,BBG001TCSLH4,2025-09-30T06:05:29.844712219Z
ACPpA,abrdn Income Credit Strategies Fund  5.250% Series A Perpetual Preferred Stock,stocks,us,XNYS,PFD,True,usd,0001503290,2025-09-30T06:05:29.844712319Z
ACR,ACRES Commercial Realty Corp.,stocks,us,XNYS,CS,True,usd,0001332551,BBG000HK4RX6,BBG001SP6Y91,2025-09-30T06:05:29.844712419Z
ACRE,Ares Commercial Real Estate Corporation,stocks,us,XNYS,CS,True,usd,0001529377,BBG0022MMQB0,BBG0022MMR46,2025-09-30T06:05:29.844712529Z
ACRS,"Aclaris Therapeutics, Inc.",stocks,us,XNAS,CS,True,usd,0001557746,BBG003LF0QR9,BBG003LF0QS8,2025-09-30T06:05:29.8447129Z
ACRV,"Acrivon Therapeutics, Inc. Common Stock",stocks,us,XNAS,CS,True,usd,0001781174,BBG011RWR2Q4,BBG011RWR2R3,2025-09-30T06:05:29.844713Z
ACRpC,"ACRES Commercial Realty Corp. 8.625% Fixed-to-Floating Series C Cumulative Redeemable Preferred Stock, par value $0.001 per share",stocks,us,XNYS,PFD,True,usd,0001332551,2025-09-30T06:05:29.84471313Z
ACRpD,ACRES Commercial Realty Corp. 7.875% Series D Cumulative Redeemable Preferred Stock,stocks,us,XNYS,PFD,True,usd,0001332551,2025-09-30T06:05:29.844713231Z
ACSI,American Customer Satisfaction ETF,stocks,us,BATS,ETF,True,usd,0001387131,BBG00F40VFY6,BBG00F40VGP4,2025-09-30T06:05:29.844713451Z
ACT,"Enact Holdings, Inc. Common Stock",stocks,us,XNAS,CS,True,usd,0001823529,BBG00WSNP4R3,BBG00WSNP4S2,2025-09-30T06:05:29.844713561Z
ACTG,Acacia Research Corporation,stocks,us,XNAS,CS,True,usd,0000934549,BBG000KF9J02,BBG001SJLJT9,2025-09-30T06:05:29.844713651Z
ACTU,"Actuate Therapeutics, Inc. Common stock",stocks,us,XNAS,CS,True,usd,0001652935,BBG00NK7LK03,BBG00NK7LK12,2025-09-30T06:05:29.844713732Z
ACTV,LeaderShares Activist Leaders ETF,stocks,us,ARCX,ETF,True,usd,0001552947,BBG00Y002P42,BBG00Y002QG7,2025-09-30T06:05:29.844713822Z
ACU,Acme United Corporation,stocks,us,XASE,CS,True,usd,0000002098,BBG000BB3LM8,BBG001S5NCC0,2025-09-30T06:05:29.844714022Z
ACV,Virtus Diversified Income & Convertible Fund,stocks,us,XNYS,FUND,True,usd,0001636289,BBG008HMBD22,BBG008HMBD31,2025-09-30T06:05:29.844714102Z
ACVA,ACV Auctions Inc.,stocks,us,XNYS,CS,True,usd,0001637873,BBG00G5JGQ66,BBG00G5JGQ75,2025-09-30T06:05:29.844714222Z
ACVF,American Conservative Values ETF,stocks,us,ARCX,ETF,True,usd,BBG00Y04Q9T7,BBG00Y04QBN8,2025-09-30T06:05:29.844714303Z
ACVT,Advent Convertible Bond ETF,stocks,us,ARCX,ETF,True,usd,BBG01TQ0YGP6,BBG01TQ0YHK9,2025-09-30T06:05:29.844714383Z
ACWI,iShares MSCI ACWI ETF,stocks,us,XNAS,ETF,True,usd,0001100663,BBG000TH6VB3,BBG001S56QV7,2025-09-30T06:05:29.844714473Z
ACWV,iShares MSCI Global Min Vol Factor ETF,stocks,us,BATS,ETF,True,usd,0001100663,BBG0025X38X0,BBG0025X39Q6,2025-09-30T06:05:29.844714573Z
ACWX,iShares MSCI ACWI ex US ETF,stocks,us,XNAS,ETF,True,usd,0001100663,BBG000TH7DF8,BBG001S56R18,2025-09-30T06:05:29.844714653Z
ACXP,"Acurx Pharmaceuticals, Inc. Common Stock",stocks,us,XNAS,CS,True,usd,0001736243,BBG01184DNJ4,BBG01184DNK2,2025-09-30T06:05:29.844714874Z
AD,"Array Digital Infrastructure, Inc.",stocks,us,XNYS,CS,True,usd,0000821130,BBG000BW6P59,BBG001S5X446,2025-09-30T06:05:29.844714954Z
ADAG,Adagene Inc. American Depositary Shares,stocks,us,XNAS,ADRC,True,usd,0001818838,BBG00YZ6BYJ6,BBG00YZ6BZC0,2025-09-30T06:05:29.844715084Z
ADAM,"Adamas Trust, Inc. Common Stock",stocks,us,XNAS,CS,True,usd,0001273685,BBG000GZ8014,BBG001SHHBR7,2025-09-30T06:05:29.844715164Z
ADAMG,"Adamas Trust, Inc. 9.125% Senior Notes Due 2030",stocks,us,XNAS,CS,True,usd,0001273685,2025-09-30T06:05:29.844715244Z
ADAMH,"Adamas Trust, Inc. 9.875% Senior Notes Due 2030",stocks,us,XNAS,CS,True,usd,0001273685,2025-09-30T06:05:29.844715325Z
ADAMI,"Adamas Trust, Inc. 9.125% Senior Notes Due 2029",stocks,us,XNAS,CS,True,usd,0001273685,2025-09-30T06:05:29.844715515Z
ADAML,"Adamas Trust, Inc. 6.875% Series F Fixed-to-Floating Rate Cumulative Redeemable Preferred Stock, $0.01 par value per share",stocks,us,XNAS,CS,True,usd,0001273685,2025-09-30T06:05:29.844715595Z
ADAMM,"Adamas Trust, Inc. 7.875% Series E Fixed-to-Floating Rate Cumulative Redeemable Preferred Stock",stocks,us,XNAS,PFD,True,usd,0001273685,2025-09-30T06:05:29.844715675Z
ADAMN,"Adamas Trust, Inc. 8.00% Series D Fixed-to-Floating Rate Cumulative Redeemable Preferred Stock",stocks,us,XNAS,PFD,True,usd,0001273685,2025-09-30T06:05:29.844715755Z
ADAMZ,"Adamas Trust, Inc. 7.000% Series G Cumulative Redeemable Preferred Stock, $0.01 par value per share",stocks,us,XNAS,CS,True,usd,0001273685,2025-09-30T06:05:29.844715836Z
ADAP,Adaptimmune Therapeutics plc American Depositary Shares,stocks,us,XNAS,ADRC,True,usd,0001621227,BBG008G65WC2,BBG008G65WD1,2025-09-30T06:05:29.844715916Z
ADBE,Adobe Inc.,stocks,us,XNAS,CS,True,usd,0000796343,BBG000BB5006,BBG001S5NCQ5,2025-09-30T06:05:29.844715996Z
ADBG,Leverage Shares 2X Long ADBE Daily ETF,stocks,us,XNAS,ETF,True,usd,0001976322,BBG01SWP6HM8,BBG01SWP6JH0,2025-09-30T06:05:29.844716076Z
ADC,Agree Realty Corporation,stocks,us,XNYS,CS,True,usd,0000917251,BBG000BC9DK0,BBG001S6RY81,2025-09-30T06:05:29.844716166Z
ADCT,ADC Therapeutics SA,stocks,us,XNYS,CS,True,usd,0001771910,2025-09-30T06:05:29.844716256Z
ADCpA,"Agree Realty Corporation Depositary Shares, each representing 1/1,000th of a 4.250% Series A Cumulative Redeemable Preferred Stock",stocks,us,XNYS,PFD,True,usd,0000917251,2025-09-30T06:05:29.844716457Z
ADEA,Adeia Inc. Common Stock,stocks,us,XNAS,CS,True,usd,0001803696,BBG00RBFBL50,BBG00RBFBL78,2025-09-30T06:05:29.844716637Z
ADFI,Anfield Dynamic Fixed Income ETF,stocks,us,BATS,ETF,True,usd,0001552947,BBG00WRFGTJ5,BBG00WRFGV91,2025-09-30T06:05:29.844716717Z
ADGM,"Adagio Medical Holdings, Inc Common Stock",stocks,us,XNAS,CS,True,usd,0002006986,BBG01P202S42,BBG01P202S60,2025-09-30T06:05:29.844716827Z
ADI,"Analog Devices, Inc.",stocks,us,XNAS,CS,True,usd,0000006281,BBG000BB6G37,BBG001S5ND38,2025-09-30T06:05:29.844716908Z
ADIL,"Adial Pharmaceuticals, Inc",stocks,us,XNAS,CS,True,usd,0001513525,BBG00HNGDTR4,BBG00HNGDTS3,2025-09-30T06:05:29.844716988Z
ADIV,SmartETFs Asia Pacific Dividend Builder ETF,stocks,us,ARCX,ETF,True,usd,BBG00ZV17TH6,BBG00ZV17VD5,2025-09-30T06:05:29.844717068Z
ADM,Archer Daniels Midland Company,stocks,us,XNYS,CS,True,usd,0000007084,BBG000BB6WG8,BBG001S5ND74,2025-09-30T06:05:29.844717158Z
ADMA,"ADMA Biologics, Inc.",stocks,us,XNAS,CS,True,usd,0001368514,BBG002NCK5M5,BBG002NCK5N4,2025-09-30T06:05:29.844717238Z
ADME,Aptus Behavioral Momentum ETF,stocks,us,BATS,ETF,True,usd,0001539639,BBG00D20HG22,BBG00D20HG31,2025-09-30T06:05:29.844717318Z
ADN,"Advent Technologies Holdings, Inc. Class A Common Stock",stocks,us,XNAS,CS,True,usd,0001744494,BBG00MDV8X34,BBG00MDV8XV3,2025-09-30T06:05:29.844717399Z
ADNT,Adient plc Ordinary Shares,stocks,us,XNYS,CS,True,usd,0001670541,2025-09-30T06:05:29.844717479Z
ADNWW,"Advent Technologies Holdings, Inc. Warrant",stocks,us,XNAS,WARRANT,True,usd,0001744494,BBG00MVVPD93,2025-09-30T06:05:29.844717559Z
ADP,Automatic Data Processing,stocks,us,XNAS,CS,True,usd,0000008670,BBG000JG0547,BBG001S82KF6,2025-09-30T06:05:29.844717639Z
ADPT,Adaptive Biotechnologies Corporation Common Stock,stocks,us,XNAS,CS,True,usd,0001478320,BBG001J2PFF5,BBG001V0GG18,2025-09-30T06:05:29.844717729Z
ADPV,Adaptiv Select ETF,stocks,us,ARCX,ETF,True,usd,BBG01BBJQ2C4,BBG01BBJQ3B3,2025-09-30T06:05:29.844717809Z
ADSE,ADS-TEC ENERGY PLC Ordinary Shares,stocks,us,XNAS,CS,True,usd,0001879248,2025-09-30T06:05:29.84471802Z
ADSEW,ADS-TEC ENERGY PLC Warrant,stocks,us,XNAS,WARRANT,True,usd,0001879248,2025-09-30T06:05:29.84471811Z
ADSK,Autodesk Inc,stocks,us,XNAS,CS,True,usd,0000769397,BBG000BM7HL0,BBG001S5SCD4,2025-09-30T06:05:29.84471821Z
ADT,ADT Inc.,stocks,us,XNYS,CS,True,usd,0001703056,BBG000BP9WJ1,BBG001S6VGG6,2025-09-30T06:05:29.84471829Z
ADTN,"ADTRAN Holdings, Inc. Common Stock",stocks,us,XNAS,CS,True,usd,0000926282,BBG0169CH7X9,BBG0169CH7Y8,2025-09-30T06:05:29.84471837Z
ADTX,"Aditxt, Inc. Common Stock",stocks,us,XNAS,CS,True,usd,0001726711,BBG00RDV1WS5,BBG00RDV1WT4,2025-09-30T06:05:29.844718451Z
ADUR,Aduro Clean Technologies Inc. Common Stock,stocks,us,XNAS,CS,True,usd,0001863934,BBG011F62496,BBG00N9ZZX01,2025-09-30T06:05:29.844718541Z
ADUS,Addus HomeCare Corp.,stocks,us,XNAS,CS,True,usd,0001468328,BBG000NJGX84,BBG001T56D18,2025-09-30T06:05:29.844718621Z
ADV,Advantage Solutions Inc. Class A Common Stock,stocks,us,XNAS,CS,True,usd,0001776661,BBG00PPWZ8C7,BBG00PPWZ8G3,2025-09-30T06:05:29.844718701Z
ADVB,Advanced Biomed Inc. Common Stock,stocks,us,XNAS,CS,True,usd,0001941029,BBG01HW4B3M4,BBG01HW4B3N3,2025-09-30T06:05:29.844718781Z
ADVE,Matthews Asia Dividend Active ETF,stocks,us,ARCX,ETF,True,usd,BBG01JFHH825,BBG01JFHH923,2025-09-30T06:05:29.844718861Z
ADVM,"Adverum Biotechnologies, Inc. Common Stock",stocks,us,XNAS,CS,True,usd,0001501756,BBG006D9MR17,BBG006D9MR26,2025-09-30T06:05:29.844718942Z
ADVWW,Advantage Solutions Inc. Warrant,stocks,us,XNAS,WARRANT,True,usd,0001776661,BBG00Q6CTMG2,2025-09-30T06:05:29.844719022Z
ADX,"Adams Diversified Equity Fund, Inc",stocks,us,XNYS,FUND,True,usd,0000002230,BBG000BB8MR6,BBG001S5NDV7,2025-09-30T06:05:29.844719102Z
ADXN,Addex Therapeutics Ltd American Depositary Shares,stocks,us,XNAS,ADRC,True,usd,0001574232,BBG00R48ST95,BBG00R48SV18,2025-09-30T06:05:29.844719182Z
AEBI,Aebi Schmidt Holding AG Common Stock,stocks,us,XNAS,CS,True,usd,0002048519,2025-09-30T06:05:29.844719272Z
AEC,Anfield Energy Inc. Common Shares,stocks,us,XNAS,CS,True,usd,0001519469,BBG002PL1DW6,BBG001V114Z2,2025-09-30T06:05:29.844719513Z
AEE,Ameren Corporation,stocks,us,XNYS,CS,True,usd,0001002910,BBG000B9X8C0,BBG001S5NF24,2025-09-30T06:05:29.844719593Z
AEF,"abrdn Emerging Markets ex-China Fund, Inc.",stocks,us,XASE,FUND,True,usd,0000846676,BBG000BGWCV5,BBG001S5QCR1,2025-09-30T06:05:29.844719693Z
AEFC,Aegon Funding Company LLC 5.10% Subordinated Notes due 2049,stocks,us,XNYS,SP,True,usd,0000769218,2025-09-30T06:05:29.844719783Z
AEG,Aegon Ltd.,stocks,us,XNYS,CS,True,usd,0000769218,BBG000CKQSN6,BBG001S6Y6M8,2025-09-30T06:05:29.844719863Z
AEHL,Antelope Enterprise Holdings Limited Class A Ordinary Shares,stocks,us,XNAS,CS,True,usd,0001470683,2025-09-30T06:05:29.844719943Z
AEHR,Aehr Test Systems,stocks,us,XNAS,CS,True,usd,0001040470,BBG000BWM083,BBG001SB1CS4,2025-09-30T06:05:29.844720024Z
AEI,Alset Inc. Common Stock (TX),stocks,us,XNAS,CS,True,usd,0001750106,BBG000PZLNH2,BBG001SRKK73,2025-09-30T06:05:29.844720104Z
AEIS,Advanced Energy Industries Inc,stocks,us,XNAS,CS,True,usd,0000927003,BBG000FKMP26,BBG001S8L5Z6,2025-09-30T06:05:29.844720184Z
AEM,Agnico Eagle Mines Ltd.,stocks,us,XNYS,CS,True,usd,0000002809,BBG000DLVDK3,BBG001S77MK3,2025-09-30T06:05:29.844720274Z
AEMD,AETHLON MEDICAL INC,stocks,us,XNAS,CS,True,usd,0000882291,BBG000L78XT8,BBG001SDDHJ6,2025-09-30T06:05:29.844720354Z
AEMS,Anfield Enhanced Market ETF,stocks,us,BATS,ETF,True,usd,0001552947,BBG01VRP0J30,BBG01VRP0K28,2025-09-30T06:05:29.844720434Z
AENT,Alliance Entertainment Holding Corporation Class A Common Stock,stocks,us,XNAS,CS,True,usd,0001823584,BBG00YB0X2R2,BBG00YB0X2S1,2025-09-30T06:05:29.844720515Z
AENTW,Alliance Entertainment Holding Corporation Warrants,stocks,us,XNAS,WARRANT,True,usd,0001823584,BBG00ZS05J95,2025-09-30T06:05:29.844720595Z
AEO,American Eagle Outfitters,stocks,us,XNYS,CS,True,usd,0000919012,BBG000BGXZB5,BBG001S7Q949,2025-09-30T06:05:29.844720675Z
AEON,"AEON Biopharma, Inc.",stocks,us,XASE,CS,True,usd,0001837607,BBG00Z17HDW3,BBG00Z17HFQ5,2025-09-30T06:05:29.844720755Z
AEP,"American Electric Power Company, Inc.",stocks,us,XNAS,CS,True,usd,0000004904,BBG000BB9KF2,BBG001S5NFD2,2025-09-30T06:05:29.844720995Z
AER,Aercap Holdings N.V.,stocks,us,XNYS,CS,True,usd,0001378789,2025-09-30T06:05:29.844721076Z
AERT,"Aeries Technology, Inc. Class A Ordinary Share",stocks,us,XNAS,CS,True,usd,0001853044,2025-09-30T06:05:29.844721196Z
AERTW,"Aeries Technology, Inc. Warrant",stocks,us,XNAS,WARRANT,True,usd,0001853044,2025-09-30T06:05:29.844721276Z
AES,AES Corporation,stocks,us,XNYS,CS,True,usd,0000874761,BBG000C23KJ3,BBG001S6B1L5,2025-09-30T06:05:29.844721366Z
AESI,Atlas Energy Solutions Inc.,stocks,us,XNYS,CS,True,usd,0001984060,BBG01JFZ96X4,BBG01JFZ96Y3,2025-09-30T06:05:29.844721456Z
AESR,Anfield U.S. Equity Sector Rotation ETF,stocks,us,BATS,ETF,True,usd,0001552947,BBG00R4084K6,BBG00R408596,2025-09-30T06:05:29.844721536Z
AETH,Bitwise Trendwise Ether and Treasuries Rotation Strategy ETF,stocks,us,ARCX,ETF,True,usd,BBG01JLGS0C4,BBG01JLGS178,2025-09-30T06:05:29.844721617Z
AEVA,"Aeva Technologies, Inc.",stocks,us,XNAS,CS,True,usd,0001789029,BBG00RK5L2N3,BBG00RK5L2P1,2025-09-30T06:05:29.844721697Z
AEVAW,"Aeva Technologies, Inc. Warrants",stocks,us,XNAS,WARRANT,True,usd,0001789029,BBG00RYQY3V7,2025-09-30T06:05:29.844721777Z
AEXA,American Exceptionalism Acquisition Corp. A,stocks,us,XNYS,CS,True,usd,0002079173,2025-09-30T06:05:29.844721867Z
AEYE,"AudioEye, Inc. Common Stock",stocks,us,XNAS,CS,True,usd,0001362190,BBG002ZQLQB6,BBG002ZQLQC5,2025-09-30T06:05:29.844721947Z
AFB,"Alliance National Municipal Income Fund, Inc.",stocks,us,XNYS,FUND,True,usd,0001162027,BBG000DTM676,BBG001SK6452,2025-09-30T06:05:29.844722027Z
AFBI,"Affinity Bancshares, Inc. Common Stock (MD)",stocks,us,XNAS,CS,True,usd,0001823406,BBG00XH58W17,BBG00XH58WY1,2025-09-30T06:05:29.844722108Z
AFCG,Advanced Flower Capital Inc. Common Stock,stocks,us,XNAS,CS,True,usd,0001822523,BBG00YPSX4X5,BBG00YPSX5R9,2025-09-30T06:05:29.844722258Z
AFG,"American Financial Group, Inc.",stocks,us,XNYS,CS,True,usd,0001042046,BBG000DPKKK0,BBG001S8JK86,2025-09-30T06:05:29.844722338Z
AFGB,"American Financial Group, Inc. 5.875% Subordinated Debentures due 2059",stocks,us,XNYS,SP,True,usd,0001042046,2025-09-30T06:05:29.844722709Z
AFGC,"American Financial Group, Inc. 5.125% Subordinated Debentures due 2059",stocks,us,XNYS,SP,True,usd,0001042046,2025-09-30T06:05:29.844722789Z
AFGD,"American Financial Group, Inc. 5.625% Subordinated Debentures due 2060",stocks,us,XNYS,SP,True,usd,0001042046,2025-09-30T06:05:29.844722909Z
AFGE,"American Financial Group, Inc. 4.500% Subordinated Debentures due 2060",stocks,us,XNYS,SP,True,usd,0001042046,2025-09-30T06:05:29.844722989Z
AFIF,Anfield Universal Fixed Income ETF,stocks,us,BATS,ETF,True,usd,0001552947,BBG00LZQ9356,BBG00LZQ93Z3,2025-09-30T06:05:29.844723079Z
AFIX,Allspring Broad Market Core Bond ETF,stocks,us,ARCX,ETF,True,usd,BBG01QVK6KB9,BBG01QVK6L54,2025-09-30T06:05:29.84472316Z
AFJK,"Aimei Health Technology Co., Ltd Ordinary Share",stocks,us,XNAS,CS,True,usd,0001979005,2025-09-30T06:05:29.84472324Z
AFJKR,"Aimei Health Technology Co., Ltd Right",stocks,us,XNAS,RIGHT,True,usd,0001979005,2025-09-30T06:05:29.84472333Z
AFJKU,"Aimei Health Technology Co., Ltd Unit",stocks,us,XNAS,UNIT,True,usd,0001979005,2025-09-30T06:05:29.84472341Z
AFK,VanEck Africa Index ETF,stocks,us,ARCX,ETF,True,usd,0001137360,BBG000H0B9J8,BBG001T33P37,2025-09-30T06:05:29.84472349Z
AFL,Aflac Inc.,stocks,us,XNYS,CS,True,usd,0000004977,BBG000BBBNC6,BBG001S5NGJ4,2025-09-30T06:05:29.84472357Z
AFLG,First Trust Active Factor Large Cap ETF,stocks,us,ARCX,ETF,True,usd,0001667919,BBG00QZ0DQB9,BBG00QZ0DR27,2025-09-30T06:05:29.84472365Z
AFMC,First Trust Active Factor Mid Cap ETF,stocks,us,ARCX,ETF,True,usd,0001667919,BBG00QZ0GVP0,BBG00QZ0GWH7,2025-09-30T06:05:29.844723731Z
AFOS,ARS Focused Opportunity Strategy ETF,stocks,us,XNAS,ETF,True,usd,BBG01VPTD7B7,BBG01VPTD898,2025-09-30T06:05:29.844723811Z
AFRI,Forafric Global PLC Ordinary Shares,stocks,us,XNAS,CS,True,usd,0001903870,2025-09-30T06:05:29.844723891Z
AFRIW,Forafric Global PLC Warrants,stocks,us,XNAS,WARRANT,True,usd,0001903870,2025-09-30T06:05:29.844723981Z
AFRM,"Affirm Holdings, Inc. Class A Common Stock",stocks,us,XNAS,CS,True,usd,0001820953,BBG00Y7BP8Y1,BBG00Y7BP8Z0,2025-09-30T06:05:29.844724332Z
AFRU,T-REX 2X Long AFRM Daily Target ETF,stocks,us,BATS,ETF,True,usd,BBG01WW9WYK1,BBG01WW9WZK8,2025-09-30T06:05:29.844724412Z
AFSC,abrdn Focused U.S. Small Cap Active ETF,stocks,us,XNAS,ETF,True,usd,BBG01S68Z424,BBG01S68Z5J3,2025-09-30T06:05:29.844724572Z
AFSM,First Trust Active Factor Small Cap ETF,stocks,us,ARCX,ETF,True,usd,0001667919,BBG00QZ0H932,BBG00QZ0H9W0,2025-09-30T06:05:29.844724652Z
AFYA,Afya Limited Class A Common Shares,stocks,us,XNAS,CS,True,usd,0001771007,2025-09-30T06:05:29.844724733Z
AG,FIRST MAJESTIC SILVER CORP,stocks,us,XNYS,CS,True,usd,0001308648,BBG000CH7WB8,BBG001SGV444,2025-09-30T06:05:29.844724813Z
AGAE,Allied Gaming & Entertainment Inc. Common Stock,stocks,us,XNAS,CS,True,usd,0001708341,BBG00J2442Y1,BBG00J2443N1,2025-09-30T06:05:29.844724903Z
AGCO,AGCO Corporation,stocks,us,XNYS,CS,True,usd,0000880266,BBG000DCCZW2,BBG001S7WHW3,2025-09-30T06:05:29.844724983Z
AGD,abrdn Global Dynamic Dividend Fund,stocks,us,XNYS,FUND,True,usd,0001362481,BBG000DJLNL6,BBG001SMLZ16,2025-09-30T06:05:29.844725063Z
AGEM,abrdn Emerging Markets Dividend Active ETF,stocks,us,XNAS,ETF,True,usd,BBG01S68DQN6,BBG01S68DRK7,2025-09-30T06:05:29.844725143Z
AGEN,Agenus Inc.,stocks,us,XNAS,CS,True,usd,0001098972,BBG000C8SWQ9,BBG001SDV370,2025-09-30T06:05:29.844725234Z
AGG,iShares Core U.S. Aggregate Bond ETF,stocks,us,ARCX,ETF,True,usd,0001100663,BBG000Q123R0,BBG001SM1QT8,2025-09-30T06:05:29.844725314Z
AGGA,EA Series Trust EA Astoria Dynamic Core US Fixed Income ETF,stocks,us,XNAS,ETF,True,usd,BBG01TS490J6,BBG01TS491J4,2025-09-30T06:05:29.844725394Z
AGGH,Simplify Aggregate Bond ETF,stocks,us,ARCX,ETF,True,usd,0001810747,BBG015BC7V75,BBG015BC7WS0,2025-09-30T06:05:29.844725474Z
AGGS,Harbor Disciplined Bond ETF,stocks,us,ARCX,ETF,True,usd,0001860434,BBG01MCGX1X6,BBG01MCGX2S0,2025-09-30T06:05:29.844725554Z
AGGY,WisdomTree Yield Enhanced U.S. Aggregate Bond Fund,stocks,us,ARCX,ETF,True,usd,0001350487,BBG009KCY2B7,BBG009KCY2C6,2025-09-30T06:05:29.844725634Z
AGH,Aureus Greenway Holdings Inc. Common Stock,stocks,us,XNAS,CS,True,usd,0002009312,BBG01NG4Q1P4,BBG01NG4Q2J9,2025-09-30T06:05:29.844726005Z
AGI,Alamos Gold Inc. Class A Common Shares,stocks,us,XNYS,CS,True,usd,0001178819,BBG009HT6BL4,BBG009HT65S0,2025-09-30T06:05:29.844726085Z
AGIO,"Agios Pharmaceuticals, Inc.",stocks,us,XNAS,CS,True,usd,0001439222,BBG000QY4ZD0,BBG001T8R687,2025-09-30T06:05:29.844726205Z
AGIQ,SoFi Agentic AI ETF,stocks,us,ARCX,ETF,True,usd,BBG01WV67GC4,BBG01WV67HD1,2025-09-30T06:05:29.844726286Z
AGIX,KraneShares Artificial Intelligence ETF,stocks,us,XNAS,ETF,True,usd,0001536592,BBG01NT1RH61,BBG01NT1RJ21,2025-09-30T06:05:29.844726366Z
AGL,"agilon health, inc.",stocks,us,XNYS,CS,True,usd,0001831097,BBG00HCYVQQ4,BBG00HCYVQR3,2025-09-30T06:05:29.844726446Z
AGM,Federal Agricultural Mortgage Corporation,stocks,us,XNYS,CS,True,usd,0000845877,BBG000G8ZKY4,BBG001SCWNB2,2025-09-30T06:05:29.844726526Z
AGM.A,Federal Agricultural Mortgage Corporation Class A Voting,stocks,us,XNYS,CS,True,usd,0000845877,BBG000G8Y1Z6,BBG001SCWN95,2025-09-30T06:05:29.844726606Z
AGMH,AGM Group Holdings Inc. Class A Ordinary Shares,stocks,us,XNAS,CS,True,usd,0001705402,2025-09-30T06:05:29.844726987Z
AGMI,Themes Silver Miners ETF,stocks,us,XNAS,ETF,True,usd,0001976322,BBG01MQSFLS7,BBG01MQSFMM1,2025-09-30T06:05:29.844727177Z
AGMpD,"Federal Agricultural Mortgage Corporation 5.700% Non-Cumulative Preferred Stock, Series D",stocks,us,XNYS,PFD,True,usd,0000845877,2025-09-30T06:05:29.844727257Z
AGMpE,"Federal Agricultural Mortgage Corporation 5.750% Non-Cumulative Preferred Stock, Series E",stocks,us,XNYS,PFD,True,usd,0000845877,2025-09-30T06:05:29.844727348Z
AGMpF,"Federal Agricultural Mortgage Corporation 5.250% Non-Cumulative Preferred Stock, Series F",stocks,us,XNYS,PFD,True,usd,0000845877,2025-09-30T06:05:29.844727428Z
AGMpG,"Federal Agricultural Mortgage Corporation 4.875% Non-Cumulative Preferred Stock, Series G",stocks,us,XNYS,PFD,True,usd,0000845877,2025-09-30T06:05:29.844727508Z
AGMpH,"Federal Agricultural Mortgage Corporation 6.500% Non-Cumulative Preferred Stock, Series H",stocks,us,XNYS,PFD,True,usd,0000845877,2025-09-30T06:05:29.844727588Z
AGNC,AGNC Investment Corp. Common Stock,stocks,us,XNAS,CS,True,usd,0001423689,BBG000TJ8XZ7,BBG001T074G2,2025-09-30T06:05:29.844727678Z
AGNCL,"AGNC Investment Corp. Depositary Shares Each Representing a 1/1,000th Interest in a Share of 7.75% Series G Fixed-Rate Reset Cumulative Redeemable Preferred Stock",stocks,us,XNAS,CS,True,usd,0001423689,2025-09-30T06:05:29.844728029Z
AGNCM,AGNC Investment Corp. Depositary Shares rep 6.875% Series D Fixed-to-Floating Cumulative Redeemable Preferred Stock,stocks,us,XNAS,PFD,True,usd,0001423689,2025-09-30T06:05:29.844728119Z
AGNCN,"AGNC Investment Corp. Depositary Shares Each Representing a 1/1,000th Interest in a Share of 7 percent Series C Fixed-To-Floating Rate Cumulative Redeemable Preferred Stock",stocks,us,XNAS,PFD,True,usd,0001423689,2025-09-30T06:05:29.844728219Z
AGNCO,"AGNC Investment Corp. Depositary Shares, each representing a 1/1,000th interest in a share of 6.50% Series E Fixed-to-Floating Cumulative Redeemable Preferred Stock",stocks,us,XNAS,CS,True,usd,0001423689,2025-09-30T06:05:29.844728299Z
AGNCP,"AGNC Investment Corp. Depositary Shares Each Representing a 1/1,000th Interest in a Share of 6.125% Series F Fixed-to-Floating Rate Cumulative Redeemable Preferred Stock",stocks,us,XNAS,PFD,True,usd,0001423689,2025-09-30T06:05:29.84472838Z
AGNCZ,AGNC Investment Corp. 8.75% Series H Fixed-Rate Cumulative Redeemable Preferred Stock,stocks,us,XNAS,PFD,True,usd,0001423689,2025-09-30T06:05:29.84472847Z
AGNG,Global X Funds Global X Aging Population ETF,stocks,us,XNAS,ETF,True,usd,0001432353,BBG00CVW2JC1,BBG00CVW2JD0,2025-09-30T06:05:29.84472855Z
AGO,"Assured Guaranty, LTD",stocks,us,XNYS,CS,True,usd,0001273813,2025-09-30T06:05:29.84472863Z
AGOX,Adaptive Alpha Opportunities ETF,stocks,us,ARCX,ETF,True,usd,BBG010WX25M2,BBG010WX26H6,2025-09-30T06:05:29.844728961Z
AGQ,ProShares Ultra Silver,stocks,us,ARCX,ETV,True,usd,0001415311,BBG000F7KQG0,BBG001T2GCT6,2025-09-30T06:05:29.844729041Z
AGQI,First Trust Active Global Quality Income ETF,stocks,us,ARCX,ETF,True,usd,0001667919,BBG01K8H7QZ5,BBG01K8H7RT0,2025-09-30T06:05:29.844729131Z
AGRH,iShares Interest Rate Hedged U.S. Aggregate Bond ETF,stocks,us,ARCX,ETF,True,usd,0001524513,BBG01858ZD01,BBG01858ZF15,2025-09-30T06:05:29.844729211Z
AGRI,AgriFORCE Growing Systems Ltd. Common Shares,stocks,us,XNAS,CS,True,usd,0001826397,2025-09-30T06:05:29.844729301Z
AGRO,ADECOAGRO S.A.,stocks,us,XNYS,CS,True,usd,0001499505,2025-09-30T06:05:29.844729381Z
AGRW,Allspring LT Large Growth ETF,stocks,us,ARCX,ETF,True,usd,BBG01SXPDTR8,BBG01SXPDVQ4,2025-09-30T06:05:29.844729472Z
AGX,"Argan, Inc",stocks,us,XNYS,CS,True,usd,0000100591,BBG000K4J3T0,BBG001SJP7D8,2025-09-30T06:05:29.844729552Z
AGYS,"Agilysys, Inc. Common Stock (DE)",stocks,us,XNAS,CS,True,usd,0000078749,BBG000BR74W6,BBG001S5V6V3,2025-09-30T06:05:29.844729822Z
AGZ,iShares Agency Bond ETF,stocks,us,ARCX,ETF,True,usd,0001100663,BBG000G03TV0,BBG001T2RRQ4,2025-09-30T06:05:29.844729912Z
AGZD,WisdomTree Trust WisdomTree Interest Rate Hedged U.S. Aggregate Bond Fund,stocks,us,XNAS,ETF,True,usd,0001350487,BBG005Q26B40,BBG005Q26B59,2025-09-30T06:05:29.844730033Z
AHCO,AdaptHealth Corp. Common Stock,stocks,us,XNAS,CS,True,usd,0001725255,BBG00KJQVGV3,BBG00KJQVGW2,2025-09-30T06:05:29.844730113Z
AHG,Akso Health Group ADS,stocks,us,XNAS,ADRC,True,usd,0001702318,BBG00HVQFMZ7,BBG00HVQFN03,2025-09-30T06:05:29.844730203Z
AHH,"Armada Hoffler Properties, Inc.",stocks,us,XNYS,CS,True,usd,0001569187,BBG004CYX1M0,BBG004CYX1N9,2025-09-30T06:05:29.844730283Z
AHHpA,"Armada Hoffler Properties, Inc. 6.75% Series A Cumulative Redeemable Perpetual Preferred Stock",stocks,us,XNYS,PFD,True,usd,0001569187,2025-09-30T06:05:29.844730423Z
AHL,Aspen Insurance Holdings Limited,stocks,us,XNYS,CS,True,usd,0001267395,2025-09-30T06:05:29.844730504Z
AHLT,American Beacon AHL Trend ETF,stocks,us,ARCX,ETF,True,usd,BBG01J3YK8D5,BBG01J3YK989,2025-09-30T06:05:29.844730584Z
AHLpD,Aspen Insurance Holdings Limited 5.625% Perpetual Non-Cumulative Preference Shares,stocks,us,XNYS,PFD,True,usd,0001267395,2025-09-30T06:05:29.844730824Z
AHLpE,"Aspen Insurance Holdings Limited Depositary Shares, each representing a 1/1000th interest in a share of 5.625% Perpetual Non-Cumulative Preference Shares",stocks,us,XNYS,PFD,True,usd,0001267395,2025-09-30T06:05:29.844730904Z
AHLpF,"Aspen Insurance Holdings Limited Depositary Shares, each representing a 1/1,000th Interest in a 7.00% Perpetual Non-Cumulative Preference Share",stocks,us,XNYS,PFD,True,usd,0001267395,2025-09-30T06:05:29.844730994Z
AHR,"American Healthcare REIT, Inc.",stocks,us,XNYS,CS,True,usd,0001632970,BBG01L820CZ4,BBG01L820DT9,2025-09-30T06:05:29.844731075Z
AHT,"Ashford Hospitality Trust, Inc.",stocks,us,XNYS,CS,True,usd,0001232582,BBG000PRZVD1,BBG001SLQ6G1,2025-09-30T06:05:29.844731155Z
AHTpD,"Ashford Hospitality Trust, Inc. 8.45% Series D",stocks,us,XNYS,PFD,True,usd,0001232582,2025-09-30T06:05:29.844731235Z
AHTpF,"Ashford Hospitality Trust, Inc.",stocks,us,XNYS,PFD,True,usd,0001232582,2025-09-30T06:05:29.844731315Z
AHTpG,"Ashford Hospitality Trust, Inc   7.375% Series G Cumulative Preferred Stock",stocks,us,XNYS,PFD,True,usd,0001232582,2025-09-30T06:05:29.844731686Z
AHTpH,"Ashford Hospitality Trust, Inc. 7.50 Percent Series H Cumulative Preferred Stock",stocks,us,XNYS,PFD,True,usd,0001232582,2025-09-30T06:05:29.844731766Z
AHTpI,"Ashford Hospitality Trust, Inc. 7.50% Series I Cumulative Preferred Stock",stocks,us,XNYS,PFD,True,usd,0001232582,2025-09-30T06:05:29.844731886Z
AHYB,American Century Select High Yield ETF,stocks,us,ARCX,ETF,True,usd,0001710607,BBG013HJSPQ8,BBG013HJSQK2,2025-09-30T06:05:29.844731966Z
AI,"C3.ai, Inc.",stocks,us,XNYS,CS,True,usd,0001577526,BBG00Y6G6X31,BBG00Y6G6Y84,2025-09-30T06:05:29.844732046Z
AIA,iShares Asia 50 ETF,stocks,us,XNAS,ETF,True,usd,0001100663,BBG000TVYW56,BBG001T0LKC4,2025-09-30T06:05:29.844732137Z
AIBD,Direxion Daily AI and Big Data Bear 2X Shares,stocks,us,ARCX,ETF,True,usd,BBG01MG5S082,BBG01MG5S153,2025-09-30T06:05:29.844732217Z
AIBU,Direxion Daily AI and Big Data Bull 2X Shares,stocks,us,ARCX,ETF,True,usd,BBG01MG5M122,BBG01MG5M1X8,2025-09-30T06:05:29.844732297Z
AIEQ,Amplify AI Powered Equity ETF,stocks,us,ARCX,ETF,True,usd,0001633061,BBG01L6Y3H73,BBG01L6Y3J42,2025-09-30T06:05:29.844732377Z
AIFD,TCW Artificial Intelligence ETF,stocks,us,XNAS,ETF,True,usd,0001831313,BBG01MQS6C89,BBG01MQS6D50,2025-09-30T06:05:29.844732457Z
AIFF,"Firefly Neuroscience, Inc. Common Stock",stocks,us,XNAS,CS,True,usd,0000803578,BBG000BF6HD5,BBG001S6ZMC3,2025-09-30T06:05:29.844732537Z
AIFU,AIFU Inc. Class A Ordinary Share,stocks,us,XNAS,CS,True,usd,0001413855,2025-09-30T06:05:29.844732618Z
AIG,"American International Group, Inc.",stocks,us,XNYS,CS,True,usd,0000005272,BBG000BBDZG3,BBG001S5NJG1,2025-09-30T06:05:29.844732698Z
AIHS,Senmiao Technology Limited Common Stock,stocks,us,XNAS,CS,True,usd,0001711012,BBG00J3Q25V9,BBG00J3Q26K9,2025-09-30T06:05:29.844732778Z
AII,"American Integrity Insurance Group, Inc.",stocks,us,XNYS,CS,True,usd,0002007587,BBG000BN06C9,BBG001SC1H65,2025-09-30T06:05:29.844732868Z
AIIO,Robo.ai Inc. Class B Ordinary Shares,stocks,us,XNAS,CS,True,usd,0001932737,2025-09-30T06:05:29.844732948Z
AIIOW,Robo.ai Inc. Warrant,stocks,us,XNAS,WARRANT,True,usd,0001932737,2025-09-30T06:05:29.844733169Z
AIM,AIM ImmunoTech Inc.,stocks,us,XASE,CS,True,usd,0000946644,BBG000JL6Z80,BBG001SB9J29,2025-09-30T06:05:29.844733259Z
AIMD,"Ainos, Inc. Common Stock",stocks,us,XNAS,CS,True,usd,0001014763,BBG000H6PLR4,BBG001S965R0,2025-09-30T06:05:29.844733389Z
AIMDW,"Ainos, Inc. Warrants",stocks,us,XNAS,WARRANT,True,usd,0001014763,BBG019232J79,2025-09-30T06:05:29.844733469Z
AIN,Albany International Corp Class A,stocks,us,XNYS,CS,True,usd,0000819793,BBG000BRWWH3,BBG001S5VKN1,2025-09-30T06:05:29.844733549Z
AINP,Allspring Income Plus ETF,stocks,us,ARCX,ETF,True,usd,BBG01QVK6YM7,BBG01QVK6ZK6,2025-09-30T06:05:29.84473363Z
AIO,Virtus Artificial Intelligence & Technology Opportunities Fund,stocks,us,XNYS,FUND,True,usd,0001778114,BBG00Q7474K8,BBG00Q7474L7,2025-09-30T06:05:29.84473371Z
AIOO,AllianzIM U.S. Equity Buffer100 Protection ETF,stocks,us,BATS,ETF,True,usd,0001797318,BBG01V5B7TC6,BBG01V5B7V77,2025-09-30T06:05:29.84473379Z
AIOT,"PowerFleet, Inc. Common Stock",stocks,us,XNAS,CS,True,usd,0001774170,BBG00PG3JNL6,BBG00PG3JNM5,2025-09-30T06:05:29.84473388Z
AIP,"Arteris, Inc. Common Stock",stocks,us,XNAS,CS,True,usd,0001667011,BBG000QMLTK3,BBG001T7VHG1,2025-09-30T06:05:29.84473396Z
AIPI,REX AI Equity Premium Income ETF,stocks,us,XNAS,ETF,True,usd,BBG01N48YNC5,BBG01N48YPF7,2025-09-30T06:05:29.84473404Z
AIPO,Defiance AI & Power Infrastructure ETF,stocks,us,XNAS,ETF,True,usd,BBG01S2RQNR7,BBG01S2RQPN6,2025-09-30T06:05:29.84473412Z
AIQ,Global X Funds Global X Artificial Intelligence & Technology ETF,stocks,us,XNAS,ETF,True,usd,0001432353,BBG00KX8KG94,BBG00KX8KH01,2025-09-30T06:05:29.844734201Z
AIR,AAR Corp.,stocks,us,XNYS,CS,True,usd,0000001750,BBG000BBGQF1,BBG001S5NJX2,2025-09-30T06:05:29.844734281Z
AIRE,reAlpha Tech Corp. Common Stock,stocks,us,XNAS,CS,True,usd,0001859199,BBG015SL9PD1,BBG015SL9PF9,2025-09-30T06:05:29.844734361Z
AIRG,"Airgain, Inc. Common Stock",stocks,us,XNAS,CS,True,usd,0001272842,BBG0026ZDGG4,BBG0026ZDGH3,2025-09-30T06:05:29.844734441Z
AIRI,Air Industries Group,stocks,us,XASE,CS,True,usd,0001009891,BBG000C8XXR0,BBG001SG3M27,2025-09-30T06:05:29.844734842Z
AIRJ,AirJoule Technologies Corporation Class A Common Stock,stocks,us,XNAS,CS,True,usd,0001855474,BBG014FPNGK5,BBG014FPNHD1,2025-09-30T06:05:29.844734922Z
AIRJW,AirJoule Technologies Corporation Warrant,stocks,us,XNAS,WARRANT,True,usd,0001855474,BBG014XDH6X7,2025-09-30T06:05:29.844735032Z
AIRO,"AIRO Group Holdings, Inc. Common Stock",stocks,us,XNAS,CS,True,usd,0001927958,BBG01FRGW2W5,BBG01FRGW2Z2,2025-09-30T06:05:29.844735112Z
AIRR,First Trust RBA American Industrial Renaissance ETF,stocks,us,XNAS,ETF,True,usd,0001552740,BBG0063G4FW4,BBG0063G4FX3,2025-09-30T06:05:29.844735192Z
AIRS,"AirSculpt Technologies, Inc. Common Stock",stocks,us,XNAS,CS,True,usd,0001870940,BBG012V27C29,BBG012V27CX5,2025-09-30T06:05:29.844735273Z
AIRT,Air T Inc,stocks,us,XNAS,CS,True,usd,0000353184,BBG000BBH316,BBG001S5NJZ0,2025-09-30T06:05:29.844735353Z
AIRTP,"Air T, Inc. Air T Funding Alpha Income Trust Preferred Securities",stocks,us,XNAS,PFD,True,usd,0000353184,2025-09-30T06:05:29.844735433Z
AIS,VistaShares Artificial Intelligence Supercycle ETF,stocks,us,ARCX,ETF,True,usd,0001722388,BBG01R2TJN20,BBG01R2TJP25,2025-09-30T06:05:29.844735513Z
AISP,"Airship AI Holdings, Inc. Class A Common Stock",stocks,us,XNAS,CS,True,usd,0001842566,BBG00ZZNS7C4,BBG00ZZNS7D3,2025-09-30T06:05:29.844735603Z
AISPW,"Airship AI Holdings, Inc. Warrants",stocks,us,XNAS,WARRANT,True,usd,0001842566,BBG010W1PNX6,2025-09-30T06:05:29.844735693Z
AIT,"Applied Industrial Technologies, Inc.",stocks,us,XNYS,CS,True,usd,0000109563,BBG000BBHHP9,BBG001S5NK14,2025-09-30T06:05:29.844735774Z
AIV,Apartment Investment and Management Company,stocks,us,XNYS,CS,True,usd,0000922864,BBG000DD3510,BBG001S876N3,2025-09-30T06:05:29.844735854Z
AIVC,Amplify Bloomberg AI Value Chain ETF,stocks,us,ARCX,ETF,True,usd,0001633061,BBG01L6Y1LR4,BBG01L6Y1ML8,2025-09-30T06:05:29.844735934Z
AIVI,WisdomTree International AI Enhanced Value Fund,stocks,us,ARCX,ETF,True,usd,0001350487,BBG000BT3GK2,BBG001SHL7M6,2025-09-30T06:05:29.844736014Z
AIVL,WisdomTree U.S. AI Enhanced Value Fund,stocks,us,ARCX,ETF,True,usd,0001350487,BBG000BT2NX4,BBG001SHL7F4,2025-09-30T06:05:29.844736094Z
AIXI,XIAO-I Corporation American Depositary Shares,stocks,us,XNAS,ADRC,True,usd,0001935172,BBG01C3DTQ83,BBG01C3DTQ92,2025-09-30T06:05:29.844736345Z
AIYY,YieldMax AI Option Income Strategy ETF,stocks,us,ARCX,ETS,True,usd,0001924868,BBG01K8MLVZ7,BBG01K8MLWY6,2025-09-30T06:05:29.844736425Z
AIZ,"Assurant, Inc.",stocks,us,XNYS,CS,True,usd,0001267238,BBG000BZX1N5,BBG001SD9DW5,2025-09-30T06:05:29.844736545Z
AIZN,"Assurant, Inc. 5.25% Subordinated Notes due 2061",stocks,us,XNYS,SP,True,usd,0001267238,2025-09-30T06:05:29.844736625Z
AJAN,Innovator Equity Defined Protection ETF - 2 Yr to January 2026,stocks,us,BATS,ETF,True,usd,0001415726,BBG01KTTT4N4,BBG01KTTT5K4,2025-09-30T06:05:29.844736715Z
AJG,Arthur J. Gallagher & Co.,stocks,us,XNYS,CS,True,usd,0000354190,BBG000BBHXQ3,BBG001S5NKC2,2025-09-30T06:05:29.844736796Z
AJUL,Innovator Equity Defined Protection ETF - 2 Yr to July 2026,stocks,us,BATS,ETF,True,usd,0001415726,BBG01NJ0PGC1,BBG01NJ0PH66,2025-09-30T06:05:29.844736906Z
AKA,a.k.a. Brands Holding Corp.,stocks,us,XNYS,CS,True,usd,0001865107,BBG0129CWQ14,BBG0129CWQ23,2025-09-30T06:05:29.844736986Z
AKAF,The Frontier Economic Fund,stocks,us,XNYS,ETF,True,usd,BBG01VS3BCZ6,BBG01VS3BF70,2025-09-30T06:05:29.844737066Z
AKAM,Akamai Technologies Inc,stocks,us,XNAS,CS,True,usd,0001086222,BBG000BJQWD2,BBG001S7YHX0,2025-09-30T06:05:29.844737146Z
AKAN,Akanda Corp. Common Shares,stocks,us,XNAS,CS,True,usd,0001888014,BBG013GQ5XT8,BBG013GQ5XV5,2025-09-30T06:05:29.844737226Z
AKBA,"Akebia Therapeutics, Inc.",stocks,us,XNAS,CS,True,usd,0001517022,BBG000R33R00,BBG001T922S9,2025-09-30T06:05:29.844737317Z
AKO.A,Embotelladora Andina S.A. Series A,stocks,us,XNYS,ADRC,True,usd,0000925261,BBG000J82W71,BBG001S9ZDD6,2025-09-30T06:05:29.844737397Z
AKO.B,Embotelladora Andina S.A. Series B,stocks,us,XNYS,ADRC,True,usd,0000925261,BBG000DZ2SW8,BBG001S6T4X7,2025-09-30T06:05:29.844737477Z
AKR,Acadia Realty Trust,stocks,us,XNYS,CS,True,usd,0000899629,BBG000BJGD54,BBG001S7KXT5,2025-09-30T06:05:29.844737617Z
AKRO,"Akero Therapeutics, Inc. Common Stock",stocks,us,XNAS,CS,True,usd,0001744659,BBG00L9211Y8,BBG00L9211Z7,2025-09-30T06:05:29.844737697Z
AKTX,Akari Therapeutics plc ADR (0.01 USD),stocks,us,XNAS,ADRC,True,usd,0001541157,BBG003PMV495,BBG003PMV510,2025-09-30T06:05:29.844738008Z
AL,Air Lease Corporation,stocks,us,XNYS,CS,True,usd,0001487712,BBG000R3NPZ4,BBG001T92VD1,2025-09-30T06:05:29.844738088Z
ALAB,"Astera Labs, Inc. Common Stock",stocks,us,XNAS,CS,True,usd,0001736297,BBG00TDKHW99,BBG00TDKHWK6,2025-09-30T06:05:29.844738188Z
ALAI,Alger AI Enablers & Adopters ETF,stocks,us,ARCX,ETF,True,usd,0001807486,BBG01M13SDZ5,BBG01M13SFT7,2025-09-30T06:05:29.844738268Z
ALAR,Alarum Technologies Ltd. American Depositary Share,stocks,us,XNAS,ADRC,True,usd,0001725332,BBG00GVM3KM9,BBG00GVM3LB9,2025-09-30T06:05:29.844738349Z
ALB,Albemarle Corporation,stocks,us,XNYS,CS,True,usd,0000915913,BBG000BJ26K7,BBG001S7SBP9,2025-09-30T06:05:29.844738429Z
ALBT,Avalon GloboCare Corp. Common Stock,stocks,us,XNAS,CS,True,usd,0001630212,BBG008648HM7,BBG008648HN6,2025-09-30T06:05:29.844738529Z
ALBpA,Albemarle Corporation Depositary Shares each representing a 1/20th interest in a share of 7.25% Series A Mandatory Convertible Preferred Stock,stocks,us,XNYS,SP,True,usd,0000915913,2025-09-30T06:05:29.844738649Z
ALC,Alcon Inc. Ordinary Shares,stocks,us,XNYS,CS,True,usd,0001167379,2025-09-30T06:05:29.844738729Z
ALCO,Alico Inc,stocks,us,XNAS,CS,True,usd,0000003545,BBG000BBJR57,BBG001S5NKW0,2025-09-30T06:05:29.844738809Z
ALCY,Alchemy Investments Acquisition Corp 1 Class A Ordinary Shares,stocks,us,XNAS,CS,True,usd,0001901336,2025-09-30T06:05:29.84473889Z
ALCYU,Alchemy Investments Acquisition Corp 1 Units,stocks,us,XNAS,UNIT,True,usd,0001901336,2025-09-30T06:05:29.84473898Z
ALCYW,Alchemy Investments Acquisition Corp 1 Warrants,stocks,us,XNAS,WARRANT,True,usd,0001901336,2025-09-30T06:05:29.84473906Z
ALDF,Aldel Financial II Inc. Class A Ordinary Shares,stocks,us,XNAS,CS,True,usd,0002031561,2025-09-30T06:05:29.84473914Z
ALDFU,Aldel Financial II Inc. Units,stocks,us,XNAS,UNIT,True,usd,0002031561,2025-09-30T06:05:29.84473922Z
ALDFW,Aldel Financial II Inc. Warrants,stocks,us,XNAS,WARRANT,True,usd,0002031561,2025-09-30T06:05:29.8447393Z
ALDX,"Aldeyra Therapeutics, Inc.",stocks,us,XNAS,CS,True,usd,0001341235,BBG0029H8ZF6,BBG0029H8ZG5,2025-09-30T06:05:29.844739511Z
ALE,"ALLETE, Inc.",stocks,us,XNYS,CS,True,usd,0000066756,BBG000CYW7N5,BBG001S77110,2025-09-30T06:05:29.844739591Z
ALEC,"Alector, Inc. Common Stock",stocks,us,XNAS,CS,True,usd,0001653087,BBG00N0PL198,BBG00N0PL214,2025-09-30T06:05:29.844739691Z
ALEX,"Alexander & Baldwin, Inc.",stocks,us,XNYS,CS,True,usd,0001545654,BBG00HS2GVL8,BBG00HS2GVM7,2025-09-30T06:05:29.844739771Z
ALF,Centurion Acquisition Corp. Class A Ordinary Shares,stocks,us,XNAS,CS,True,usd,0002010930,2025-09-30T06:05:29.844739851Z
ALFUU,Centurion Acquisition Corp. Unit,stocks,us,XNAS,UNIT,True,usd,0002010930,2025-09-30T06:05:29.844739932Z
ALFUW,Centurion Acquisition Corp. Warrant,stocks,us,XNAS,WARRANT,True,usd,0002010930,2025-09-30T06:05:29.844740012Z
ALG,"Alamo Group, Inc.",stocks,us,XNYS,CS,True,usd,0000897077,BBG000BJTZX0,BBG001S7YVC2,2025-09-30T06:05:29.844740092Z
ALGM,"Allegro MicroSystems, Inc. Common Stock",stocks,us,XNAS,CS,True,usd,0000866291,BBG00H5S8391,BBG00H5S83B8,2025-09-30T06:05:29.844740182Z
ALGN,Align Technology Inc,stocks,us,XNAS,CS,True,usd,0001097149,BBG000BRNLL2,BBG001SCF1B9,2025-09-30T06:05:29.844740262Z
ALGS,"Aligos Therapeutics, Inc. Common Stock",stocks,us,XNAS,CS,True,usd,0001799448,BBG00QX7QH68,BBG00QX7QH77,2025-09-30T06:05:29.844740342Z
ALGT,Allegiant Travel Company,stocks,us,XNAS,CS,True,usd,0001362468,BBG000LJS6B8,BBG001SQ25S5,2025-09-30T06:05:29.844740422Z
ALHC,"Alignment Healthcare, Inc. Common Stock",stocks,us,XNAS,CS,True,usd,0001832466,BBG00ZJ0DSR6,BBG00ZJ0DSS5,2025-09-30T06:05:29.844740503Z
ALIL,Argent Focused Small Cap ETF,stocks,us,XNAS,ETF,True,usd,BBG01TCJ00K7,BBG01TCJ01G0,2025-09-30T06:05:29.844740583Z
ALIT,"Alight, Inc.",stocks,us,XNYS,CS,True,usd,0001809104,BBG00H00J2N1,BBG00H00J2Q8,2025-09-30T06:05:29.844740663Z
ALK,"Alaska Air Group, Inc.",stocks,us,XNYS,CS,True,usd,0000766421,BBG000BBL0Y1,BBG001S5NLG6,2025-09-30T06:05:29.844740753Z
ALKS,Alkermes Inc. plc,stocks,us,XNAS,CS,True,usd,0001520262,2025-09-30T06:05:29.844741064Z
ALKT,"Alkami Technology, Inc. Common Stock",stocks,us,XNAS,CS,True,usd,0001529274,BBG005HTCT54,BBG005HTCT63,2025-09-30T06:05:29.844741254Z
ALL,The Allstate Corporation,stocks,us,XNYS,CS,True,usd,0000899051,BBG000BVMGF2,BBG001S9BM06,2025-09-30T06:05:29.844741334Z
ALLE,Allegion Public Limited Company,stocks,us,XNYS,CS,True,usd,0001579241,2025-09-30T06:05:29.844741464Z
ALLO,"Allogene Therapeutics, Inc. Common Stock",stocks,us,XNAS,CS,True,usd,0001737287,BBG00KHRRDX3,BBG00KHRRDY2,2025-09-30T06:05:29.844741675Z
ALLR,"Allarity Therapeutics, Inc. Common Stock",stocks,us,XNAS,CS,True,usd,0001860657,BBG012NXCZP8,BBG012NXCZQ7,2025-09-30T06:05:29.844741885Z
ALLT,Allot Ltd. Ordinary Shares,stocks,us,XNAS,CS,True,usd,0001365767,2025-09-30T06:05:29.844741975Z
ALLW,SPDR Bridgewater All Weather ETF,stocks,us,XNAS,ETF,True,usd,0001516212,BBG01SN3NWY2,BBG01SN3NXT6,2025-09-30T06:05:29.844742136Z
ALLY,Ally Financial Inc.,stocks,us,XNYS,CS,True,usd,0000040729,BBG000BC2R71,BBG001S5RLN4,2025-09-30T06:05:29.844742206Z
ALLpB,The Allstate Corporation 5.100%  Fixed-To-Floating Rate Subordinated Debentures due 2053,stocks,us,XNYS,PFD,True,usd,0000899051,2025-09-30T06:05:29.844742757Z
ALLpH,The Allstate Corporation,stocks,us,XNYS,PFD,True,usd,0000899051,2025-09-30T06:05:29.844742837Z
ALLpI,The Allstate Corporation,stocks,us,XNYS,PFD,True,usd,0000899051,2025-09-30T06:05:29.844742917Z
ALLpJ,"The Allstate Corporation Depositary Shares each representing a 1/1,000th interest in a share of Fixed Rate Noncumulative Perpetual Preferred Stock, Series J",stocks,us,XNYS,PFD,True,usd,0000899051,2025-09-30T06:05:29.844742997Z
ALM,Almonty Industries Inc. Common Shares,stocks,us,XNAS,CS,True,usd,0001670061,BBG004KGNV81,BBG001T7CS41,2025-09-30T06:05:29.844743078Z
ALMS,Alumis Inc. Common Stock,stocks,us,XNAS,CS,True,usd,0001847367,BBG01J7X4PN2,BBG01J7X4PP0,2025-09-30T06:05:29.844743158Z
ALMU,"Aeluma, Inc. Common Stock",stocks,us,XNAS,CS,True,usd,0001828805,BBG013BHY3G1,BBG013BHY3H0,2025-09-30T06:05:29.844743248Z
ALNT,Allient Inc. Common Stock,stocks,us,XNAS,CS,True,usd,0000046129,BBG000BKVYJ3,BBG001S5RST3,2025-09-30T06:05:29.844743568Z
ALNY,"Alnylam Pharmaceuticals, Inc.",stocks,us,XNAS,CS,True,usd,0001178670,BBG000BFGNJ5,BBG001S7FTC8,2025-09-30T06:05:29.844743659Z
ALOT,"AstroNova, Inc. Common Stock",stocks,us,XNAS,CS,True,usd,0000008146,BBG000BBMCY4,BBG001S5NLS3,2025-09-30T06:05:29.844743769Z
ALRG,Allspring LT Large Core ETF,stocks,us,ARCX,ETF,True,usd,BBG01V9VKGD0,BBG01V9VKHF6,2025-09-30T06:05:29.844743849Z
ALRM,"Alarm.com Holdings, Inc.",stocks,us,XNAS,CS,True,usd,0001459200,BBG007GNPYY7,BBG007GNPYZ6,2025-09-30T06:05:29.844743929Z
ALRS,Alerus Financial Corporation Common Stock,stocks,us,XNAS,CS,True,usd,0000903419,BBG000BTXSH7,BBG001SGGKT8,2025-09-30T06:05:29.844744009Z
ALSN,"ALLISON TRANSMISSION HOLDINGS, INC.",stocks,us,XNYS,CS,True,usd,0001411207,BBG001KY3845,BBG001V0T5F3,2025-09-30T06:05:29.844744089Z
ALT,"Altimmune, Inc. Common Stock",stocks,us,XNAS,CS,True,usd,0001326190,BBG000FXML90,BBG001SNS461,2025-09-30T06:05:29.84474417Z
ALTG,Alta Equipment Group Inc.,stocks,us,XNYS,CS,True,usd,0001759824,BBG00NZ6JVD4,BBG00NZ6JW42,2025-09-30T06:05:29.84474455Z
ALTGpA,Alta Equipment Group Inc. Depositary Shares (each representing 1/1000th in a share of 10% Series A Cumulative Perpetual Preferred Stock),stocks,us,XNYS,PFD,True,usd,0001759824,2025-09-30T06:05:29.844744631Z
ALTI,"AlTi Global, Inc. Class A Common Stock",stocks,us,XNAS,CS,True,usd,0001838615,BBG00Z6F0LQ7,BBG00Z6F0ML0,2025-09-30T06:05:29.844744711Z
ALTL,Pacer Lunt Large Cap Alternator ETF,stocks,us,ARCX,ETF,True,usd,0001616668,BBG00VP22TF7,BBG00VP22V71,2025-09-30T06:05:29.844744791Z
ALTO,"Alto Ingredients, Inc. Common Stock",stocks,us,XNAS,CS,True,usd,0000778164,BBG000K4WSD7,BBG001SCBYZ5,2025-09-30T06:05:29.844744871Z
ALTS,ALT5 Sigma Corporation Common Stock,stocks,us,XNAS,CS,True,usd,0000862861,BBG000CKLRH0,BBG001S6Y4N2,2025-09-30T06:05:29.844744961Z
ALTY,Global X Funds Global X Alternative Income ETF,stocks,us,XNAS,ETF,True,usd,0001432353,BBG009L6H4R7,BBG009L6H4S6,2025-09-30T06:05:29.844745041Z
ALUR,"Allurion Technologies, Inc.",stocks,us,XNYS,CS,True,usd,0001964979,BBG01HPVRLS9,BBG01HPVRLV5,2025-09-30T06:05:29.844745121Z
ALUR.WS,"Allurion Technologies, Inc. Warrants, each whole warrant exercisable to purchase 0.056818 shares of common stock at an exercise price of $202.50 per share of common stock",stocks,us,XNYS,WARRANT,True,usd,0001964979,BBG01HPVZWF0,2025-09-30T06:05:29.844745352Z
ALV,"Autoliv, Inc.",stocks,us,XNYS,CS,True,usd,0001034670,BBG000BVLRY8,BBG001S9YRV6,2025-09-30T06:05:29.844745432Z
ALVO,Alvotech Ordinary Shares,stocks,us,XNAS,CS,True,usd,0001898416,2025-09-30T06:05:29.844745592Z
ALVOW,Alvotech Warrant,stocks,us,XNAS,WARRANT,True,usd,0001898416,2025-09-30T06:05:29.844745672Z
ALX,Alexander's Inc.,stocks,us,XNYS,CS,True,usd,0000003499,BBG000BBNLK8,BBG001S5NM92,2025-09-30T06:05:29.844745783Z
ALXO,ALX Oncology Holdings Inc. Common Stock,stocks,us,XNAS,CS,True,usd,0001810182,BBG00VR8SDG8,BBG00VR8SF73,2025-09-30T06:05:29.844745863Z
ALZN,"Alzamend Neuro, Inc. Common Stock",stocks,us,XNAS,CS,True,usd,0001677077,BBG00ZMXG7M8,BBG00ZMXG7N7,2025-09-30T06:05:29.844745943Z
AM,Antero Midstream Corporation Common Stock,stocks,us,XNYS,CS,True,usd,0001623925,BBG00GBNZ4M0,BBG00GBNZ4N9,2025-09-30T06:05:29.844746023Z
AMAL,Amalgamated Financial Corp. Common Stock (DE),stocks,us,XNAS,CS,True,usd,0001823608,BBG00XRT7YX6,BBG00XRT7YY5,2025-09-30T06:05:29.844746103Z
AMAT,Applied Materials Inc,stocks,us,XNAS,CS,True,usd,0000006951,BBG000BBPFB9,BBG001S5NMM7,2025-09-30T06:05:29.844746183Z
AMAX,Adaptive Hedged Multi-Asset Income ETF,stocks,us,ARCX,ETF,True,usd,BBG0133TN2R6,BBG0133TN3L0,2025-09-30T06:05:29.844746264Z
AMBA,"Ambarella, Inc. Ordinary Shares",stocks,us,XNAS,CS,True,usd,0001280263,2025-09-30T06:05:29.844746344Z
AMBC,"Ambac Financial Group, Inc.",stocks,us,XNYS,CS,True,usd,0000874501,BBG004HQHKK0,BBG004HQHL91,2025-09-30T06:05:29.844746434Z
AMBI,Ambipar Emergency Response,stocks,us,XASE,CS,True,usd,0001937441,2025-09-30T06:05:29.844746514Z
AMBI.WS,"Ambipar Emergency Response Warrants to purchase Class A ordinary shares, each whole warrant exercisable for one Class A ordinary share at an exercise price of $11.50 per share",stocks,us,XASE,WARRANT,True,usd,0001937441,2025-09-30T06:05:29.844746594Z
AMBO,Ambow Education Holding Ltd. American Depository Shares (each representing twenty (20) Class A Ordinary Shares),stocks,us,XASE,ADRC,True,usd,0001494558,BBG000BDCP09,BBG001T99B02,2025-09-30T06:05:29.844746674Z
AMBP,Ardagh Metal Packaging S.A.,stocks,us,XNYS,CS,True,usd,0001845097,2025-09-30T06:05:29.844746905Z
AMBP.WS,"Ardagh Metal Packaging S.A. Warrants, each exercisable for one Share at an exercise price of $11.50 per share",stocks,us,XNYS,WARRANT,True,usd,0001845097,2025-09-30T06:05:29.844746985Z
AMBQ,"Ambiq Micro, Inc.",stocks,us,XNYS,CS,True,usd,0001500412,BBG0026ZDH90,BBG0026ZDHB7,2025-09-30T06:05:29.844747125Z
AMBR,Amber International Holding Limited American Depositary Shares,stocks,us,XNAS,ADRC,True,usd,0001697818,BBG00J0BKBX0,BBG00J0BKBY9,2025-09-30T06:05:29.844747205Z
AMC,"AMC ENTERTAINMENT HOLDINGS, INC.",stocks,us,XNYS,CS,True,usd,0001411579,BBG000TDCVT6,BBG001SZYYL4,2025-09-30T06:05:29.844747286Z
AMCR,Amcor plc Ordinary Shares,stocks,us,XNYS,CS,True,usd,0001748790,2025-09-30T06:05:29.844747366Z
AMCX,AMC Networks Inc. Class A,stocks,us,XNAS,CS,True,usd,0001514991,BBG000H01H92,BBG001SLR8S3,2025-09-30T06:05:29.844747446Z
AMD,Advanced Micro Devices,stocks,us,XNAS,CS,True,usd,0000002488,BBG000BBQCY0,BBG001S5NN36,2025-09-30T06:05:29.844747526Z
AMDD,Direxion Daily AMD Bear 1X Shares,stocks,us,XNAS,ETF,True,usd,BBG01S4RXG10,BBG01S4RXH09,2025-09-30T06:05:29.844747626Z
AMDG,Leverage Shares 2X Long AMD Daily ETF,stocks,us,XNAS,ETF,True,usd,0001976322,BBG01RYZKSJ0,BBG01RYZKTF2,2025-09-30T06:05:29.844747706Z
AMDL,GraniteShares 2x Long AMD Daily ETF,stocks,us,XNAS,ETF,True,usd,0001689873,BBG01LNWKBD5,BBG01LNWKC70,2025-09-30T06:05:29.844747787Z
AMDU,Defiance Leveraged Long + Income AMD ETF,stocks,us,XNAS,ETF,True,usd,BBG01WTSMFD3,BBG01WTSMG96,2025-09-30T06:05:29.844747867Z
AMDW,Roundhill AMD WeeklyPay ETF,stocks,us,BATS,ETF,True,usd,BBG01W6VBTJ7,BBG01W6VBVF6,2025-09-30T06:05:29.844747947Z
AMDY,YieldMax AMD Option Income Strategy ETF,stocks,us,ARCX,ETS,True,usd,BBG01J9TDVT0,BBG01J9TDWP2,2025-09-30T06:05:29.844748027Z
AME,"Ametek, Inc.",stocks,us,XNYS,CS,True,usd,0001037868,BBG000B9XG87,BBG001S5NN54,2025-09-30T06:05:29.844748107Z
AMG,Affiliated Managers Group,stocks,us,XNYS,CS,True,usd,0001004434,BBG000C060M4,BBG001S6DMD6,2025-09-30T06:05:29.844748187Z
AMGN,Amgen Inc,stocks,us,XNAS,CS,True,usd,0000318154,BBG000BBS2Y0,BBG001S5NNL6,2025-09-30T06:05:29.844748398Z
AMH,AMERICAN HOMES 4 RENT,stocks,us,XNYS,CS,True,usd,0001562401,BBG003NXJNH6,BBG003NXJNJ4,2025-09-30T06:05:29.844748478Z
AMHpG,American Homes 4 Rent Series G cumulative redeemable perpetual preferred shares of beneficial interest,stocks,us,XNYS,PFD,True,usd,0001562401,2025-09-30T06:05:29.844748588Z
AMHpH,American Homes 4 Rent Series H cumulative redeemable perpetual Preferred Shares of Beneficial Interest,stocks,us,XNYS,PFD,True,usd,0001562401,2025-09-30T06:05:29.844748668Z
AMID,Argent Mid Cap ETF,stocks,us,XNAS,ETF,True,usd,BBG017Z2L8P2,BBG017Z2L9J7,2025-09-30T06:05:29.844748778Z
AMIX,"Autonomix Medical, Inc. Common Stock",stocks,us,XNAS,CS,True,usd,0001617867,BBG00R28GXW5,BBG00R28GXX4,2025-09-30T06:05:29.844748859Z
AMJB,Alerian MLP Index ETNs due January 28 2044,stocks,us,ARCX,ETN,True,usd,0000019617,BBG01L70PXT3,BBG01L70PZ45,2025-09-30T06:05:29.844748939Z
AMKR,Amkor Technology Inc,stocks,us,XNAS,CS,True,usd,0001047127,BBG000BCKGW7,BBG001S64YF8,2025-09-30T06:05:29.844749029Z
AMLP,Alerian MLP ETF,stocks,us,ARCX,ETF,True,usd,0001414040,BBG0015CS200,BBG001TBMNT5,2025-09-30T06:05:29.844749109Z
AMLX,"Amylyx Pharmaceuticals, Inc. Common Stock",stocks,us,XNAS,CS,True,usd,0001658551,BBG00DP10YT5,BBG00DP10YW1,2025-09-30T06:05:29.844749189Z
AMN,AMN Healthcare Services,stocks,us,XNYS,CS,True,usd,0001142750,BBG000BCT197,BBG001S6Q193,2025-09-30T06:05:29.844749269Z
AMOD,"Alpha Modus Holdings, Inc. Class A Common Stock",stocks,us,XNAS,CS,True,usd,0001862463,BBG0123NSVZ3,BBG0123NSWT8,2025-09-30T06:05:29.84474935Z
AMODW,"Alpha Modus Holdings, Inc. Warrant",stocks,us,XNAS,WARRANT,True,usd,0001862463,BBG0123Q9X74,2025-09-30T06:05:29.84474943Z
AMOM,Qraft AI-Enhanced US Large Cap Momentum ETF,stocks,us,ARCX,ETF,True,usd,0001547950,BBG00P5NRM19,BBG00P5NRMS0,2025-09-30T06:05:29.84474951Z
AMP,"Ameriprise Financial, Inc.",stocks,us,XNYS,CS,True,usd,0000820027,BBG000G3QLY3,BBG001SK6096,2025-09-30T06:05:29.84474961Z
AMPG,AMPLITECH GROUP INC. COM,stocks,us,XNAS,CS,True,usd,0001518461,BBG00394F954,BBG00394F9X3,2025-09-30T06:05:29.84474969Z
AMPGW,"Amplitech Group, Inc. Warrants",stocks,us,XNAS,WARRANT,True,usd,0001518461,BBG00Z9BGRC8,2025-09-30T06:05:29.844749921Z
AMPH,"Amphastar Pharmaceuticals, Inc.",stocks,us,XNAS,CS,True,usd,0001297184,BBG000BW90S6,BBG001SCM4W2,2025-09-30T06:05:29.844750011Z
AMPL,"Amplitude, Inc. Class A Common Stock",stocks,us,XNAS,CS,True,usd,0001866692,BBG012CDTZY6,BBG012CDTZZ5,2025-09-30T06:05:29.844750151Z
AMPX,"Amprius Technologies, Inc.",stocks,us,XNYS,CS,True,usd,0001899287,BBG019MBDC63,BBG019MBDD16,2025-09-30T06:05:29.844750371Z
AMPX.WS,"Amprius Technologies, Inc. Warrants to purchase one share of Common Stock at an exercise price of $11.50 per share",stocks,us,XNYS,WARRANT,True,usd,0001899287,BBG016X0TFF7,2025-09-30T06:05:29.844750472Z
AMPY,Amplify Energy Corp.,stocks,us,XNYS,CS,True,usd,0001533924,BBG00F0YM0Z8,BBG00F0YM1R5,2025-09-30T06:05:29.844750552Z
AMR,"Alpha Metallurgical Resources, Inc.",stocks,us,XNYS,CS,True,usd,0001704715,BBG00DGWV035,BBG00DGWV044,2025-09-30T06:05:29.844750642Z
AMRC,"Ameresco, Inc.",stocks,us,XNYS,CS,True,usd,0001488139,BBG000BD1QL6,BBG001S6P9W1,2025-09-30T06:05:29.844750722Z
AMRK,"A-Mark Precious Metals, Inc.",stocks,us,XNAS,CS,True,usd,0001591588,BBG005ZVDK48,BBG005ZVDK57,2025-09-30T06:05:29.844750802Z
AMRN,Amarin Corp Plc,stocks,us,XNAS,ADRC,True,usd,0000897448,BBG000BPYG99,BBG001SD42R0,2025-09-30T06:05:29.844750882Z
AMRX,"Amneal Pharmaceuticals, Inc. Class A Common Stock",stocks,us,XNAS,CS,True,usd,0001723128,BBG00462PGG0,BBG00462PGH9,2025-09-30T06:05:29.844750963Z
AMRZ,Amrize Ltd,stocks,us,XNYS,CS,True,usd,0002035989,2025-09-30T06:05:29.844751043Z
AMS,American Shared Hospital Services,stocks,us,XASE,CS,True,usd,0000744825,BBG000BBVZ37,BBG001S5NPF8,2025-09-30T06:05:29.844751133Z
AMSC,American Superconductor Corp,stocks,us,XNAS,CS,True,usd,0000880807,BBG000CP3D44,BBG001S70C31,2025-09-30T06:05:29.844751213Z
AMSF,"AMERISAFE, Inc.",stocks,us,XNAS,CS,True,usd,0001018979,BBG000Q0JJQ0,BBG001SDH7B2,2025-09-30T06:05:29.844751293Z
AMST,Amesite Inc.,stocks,us,XNAS,CS,True,usd,0001807166,BBG00KY7FCW4,BBG00KY7FCX3,2025-09-30T06:05:29.844751373Z
AMT,American Tower Corporation,stocks,us,XNYS,CS,True,usd,0001053507,BBG000B9XYV2,BBG001S5NPQ6,2025-09-30T06:05:29.844751564Z
AMTB,Amerant Bancorp Inc.,stocks,us,XNYS,CS,True,usd,0001734342,BBG001KHCXD7,BBG001V0P1S2,2025-09-30T06:05:29.844751644Z
AMTD,"AMTD IDEA Group American Depositary Shares, each representing six (6) Class A Ordinary Shares",stocks,us,XNYS,ADRC,True,usd,0001769731,BBG00PH297Y9,BBG00PH298P7,2025-09-30T06:05:29.844751764Z
AMTM,"Amentum Holdings, Inc.",stocks,us,XNYS,CS,True,usd,0002011286,BBG01NY7B734,BBG01NY7B770,2025-09-30T06:05:29.844751844Z
AMTX,"Aemetis, Inc. (DE) Common Stock",stocks,us,XNAS,CS,True,usd,0000738214,BBG000BWBZY9,BBG001SCST33,2025-09-30T06:05:29.844751934Z
AMUB,"ETRACS Alerian MLP Index ETN Series B due July 18, 2042",stocks,us,ARCX,ETN,True,usd,0001114446,BBG00B59KB85,BBG00B59KB76,2025-09-30T06:05:29.844752025Z
AMUU,Direxion Daily AMD Bull 2X Shares,stocks,us,XNAS,ETF,True,usd,BBG01S4S1M83,BBG01S4S1N63,2025-09-30T06:05:29.844752425Z
AMWD,American Woodmark Corp,stocks,us,XNAS,CS,True,usd,0000794619,BBG000BBX657,BBG001S5NQ57,2025-09-30T06:05:29.844752516Z
AMWL,American Well Corporation,stocks,us,XNYS,CS,True,usd,0001393584,BBG002R1JYY1,BBG002R1JYZ0,2025-09-30T06:05:29.844752606Z
AMX,America Movil S.A.B de C.V American Depositary Shares (each representing the right to receive twenty (20) Series B Shares),stocks,us,XNYS,ADRC,True,usd,0001129137,BBG01FRH5MK2,BBG01FRH5ND8,2025-09-30T06:05:29.844752706Z
A,Agilent Technologies Inc.,stocks,us,XNYS,CS,True,usd,0001090872,BBG000C2V3D6,BBG001SCTQY4,2025-09-30T06:05:29.844698933Z
AA,Alcoa Corporation,stocks,us,XNYS,CS,True,usd,0001675149,BBG00B3T3HD3,BBG00B3T3HF1,2025-09-30T06:05:29.844699555Z
AAA,Alternative Access First Priority CLO Bond ETF,stocks,us,ARCX,ETF,True,usd,0001776878,BBG01B0JRCS6,BBG01B0JRCT5,2025-09-30T06:05:29.844699755Z
AAAA,Amplius Aggressive Asset Allocation ETF,stocks,us,BATS,ETF,True,usd,BBG01W275XX6,BBG01W275ZB5,2025-09-30T06:05:29.844699835Z
AAAU,Goldman Sachs Physical Gold ETF Shares,stocks,us,BATS,ETF,True,usd,0001708646,BBG00LPXX872,BBG00LPXX8Z1,2025-09-30T06:05:29.844699945Z
AACB,Artius II Acquisition Inc. Class A Ordinary Shares,stocks,us,XNAS,CS,True,usd,0002034334,2025-09-30T06:05:29.844700025Z
AACBR,Artius II Acquisition Inc. Rights,stocks,us,XNAS,RIGHT,True,usd,0002034334,2025-09-30T06:05:29.844700106Z
AACBU,Artius II Acquisition Inc. Units,stocks,us,XNAS,UNIT,True,usd,0002034334,2025-09-30T06:05:29.844700186Z
AACG,ATA Creativity Global American Depositary Shares,stocks,us,XNAS,ADRC,True,usd,0001420529,BBG000V2S3P6,BBG001T125S9,2025-09-30T06:05:29.844700366Z
AACI,Armada Acquisition Corp. II Class A Ordinary Shares,stocks,us,XNAS,CS,True,usd,0002044009,2025-09-30T06:05:29.844700456Z
AACIU,Armada Acquisition Corp. II Units,stocks,us,XNAS,UNIT,True,usd,0002044009,2025-09-30T06:05:29.844700807Z
AACIW,Armada Acquisition Corp. II Warrant,stocks,us,XNAS,WARRANT,True,usd,0002044009,2025-09-30T06:05:29.844700897Z
AADR,AdvisorShares Dorsey Wright ADR ETF,stocks,us,XNAS,ETF,True,usd,0001408970,BBG000BDYRW6,BBG001T9B1Y4,2025-09-30T06:05:29.844701017Z
AAL,American Airlines Group Inc.,stocks,us,XNAS,CS,True,usd,0000006201,BBG005P7Q881,BBG005P7Q907,2025-09-30T06:05:29.844701097Z
AALG,Leverage Shares 2X Long AAL Daily ETF,stocks,us,XNAS,ETF,True,usd,0001976322,BBG01VH49P35,BBG01VH49Q06,2025-09-30T06:05:29.844701178Z
AAM,AA Mission Acquisition Corp.,stocks,us,XNYS,CS,True,usd,0002012964,2025-09-30T06:05:29.844701258Z
AAM.U,"AA Mission Acquisition Corp. Units, each consisting of one Class A Ordinary Share and one-half of one redeemable warrant",stocks,us,XNYS,UNIT,True,usd,0002012964,2025-09-30T06:05:29.844701338Z
AAM.WS,"AA Mission Acquisition Corp. Warrants, each whole warrant entitles the holder to purchase one Class A ordinary share at a price of $11.50 per share",stocks,us,XNYS,WARRANT,True,usd,0002012964,2025-09-30T06:05:29.844701418Z
AAME,Atlantic American Corp,stocks,us,XNAS,CS,True,usd,0000008177,BBG000B9XB24,BBG001S5N8T1,2025-09-30T06:05:29.844701508Z
AAMI,Acadian Asset Management Inc.,stocks,us,XNYS,CS,True,usd,0001748824,BBG00P2HLNY3,BBG00P2HLNZ2,2025-09-30T06:05:29.844701588Z
AAOI,"Applied Optoelectronics, Inc.",stocks,us,XNAS,CS,True,usd,0001158114,BBG000D6VW15,BBG001SG47G4,2025-09-30T06:05:29.844701669Z
AAON,Aaon Inc,stocks,us,XNAS,CS,True,usd,0000824142,BBG000C2LZP3,BBG001S6CZK0,2025-09-30T06:05:29.844701749Z
AAP,ADVANCE AUTO PARTS INC,stocks,us,XNYS,CS,True,usd,0001158449,BBG000F7RCJ1,BBG001SD2SB2,2025-09-30T06:05:29.844701829Z
AAPB,GraniteShares ETF Trust GraniteShares 2x Long AAPL Daily ETF,stocks,us,XNAS,ETF,True,usd,0001689873,BBG0193F21N2,BBG0193F22H7,2025-09-30T06:05:29.844701909Z
AAPD,Direxion Daily AAPL Bear 1X Shares,stocks,us,XNAS,ETF,True,usd,BBG0193YGJ57,BBG0193YGK09,2025-09-30T06:05:29.844701989Z
AAPG,Ascentage Pharma Group International American Depository Shares,stocks,us,XNAS,ADRC,True,usd,0002023311,BBG01RJXM9C9,BBG01RJXMB89,2025-09-30T06:05:29.844702079Z
AAPL,Apple Inc.,stocks,us,XNAS,CS,True,usd,0000320193,BBG000B9XRY4,BBG001S5N8V8,2025-09-30T06:05:29.84470244Z
AAPR,Innovator Equity Defined Protection ETF - 2 Yr to April 2026,stocks,us,BATS,ETF,True,usd,0001415726,BBG01M698CQ1,BBG01M698DK5,2025-09-30T06:05:29.84470253Z
AAPU,Direxion Shares ETF Trust Direxion Daily AAPL Bull 2X Shares,stocks,us,XNAS,ETF,True,usd,BBG0193YBZ92,BBG0193YC043,2025-09-30T06:05:29.84470264Z
AAPW,Roundhill AAPL WeeklyPay ETF,stocks,us,BATS,ETF,True,usd,BBG01SCFVRC3,BBG01SCFVS86,2025-09-30T06:05:29.844702721Z
AAPX,T-Rex 2X Long Apple Daily Target ETF,stocks,us,BATS,ETF,True,usd,BBG01KY72SD3,BBG01KY72T78,2025-09-30T06:05:29.844702801Z
AAPY,Kurv Yield Premium Strategy Apple (AAPL) ETF,stocks,us,BATS,ETF,True,usd,0001848758,BBG01QY0GMH9,BBG01QY0GNH7,2025-09-30T06:05:29.844702881Z
AARD,"Aardvark Therapeutics, Inc. Common Stock",stocks,us,XNAS,CS,True,usd,0001774857,BBG01223DLB2,BBG01223DLC1,2025-09-30T06:05:29.844702961Z
AAT,"AMERICAN ASSETS TRUST, INC.",stocks,us,XNYS,CS,True,usd,0001500217,BBG00161BCR0,BBG001TCBJS5,2025-09-30T06:05:29.844703041Z
AAUC,Allied Gold Corporation,stocks,us,XNYS,CS,True,usd,0001993344,BBG01K0WWT59,BBG01J3PPZ58,2025-09-30T06:05:29.844703502Z
AAUS,Alpha Architect US Equity ETF,stocks,us,XNAS,ETF,True,usd,BBG01W26H9C1,BBG01W26HBL6,2025-09-30T06:05:29.844703582Z
AAVM,EA Series Trust Alpha Architect Global Factor Equity ETF,stocks,us,XNAS,ETF,True,usd,BBG00GM1DQV1,BBG00GM1DRK1,2025-09-30T06:05:29.844703672Z
AAXJ,iShares MSCI All Country Asia ex Japan ETF,stocks,us,XNAS,ETF,True,usd,0001100663,BBG000G6GXC5,BBG001T2V2D8,2025-09-30T06:05:29.844703753Z
AB,"AllianceBernstein Holding, L.P.",stocks,us,XNYS,CS,True,usd,0000825313,BBG000B9WM03,BBG001S5N9S0,2025-09-30T06:05:29.844703843Z
ABAT,American Battery Technology Company Common Stock,stocks,us,XNAS,CS,True,usd,0001576873,BBG004M1KJN5,BBG004M1KJP3,2025-09-30T06:05:29.844703923Z
ABBV,ABBVIE INC.,stocks,us,XNYS,CS,True,usd,0001551152,BBG0025Y4RY4,BBG0025Y4RZ3,2025-09-30T06:05:29.844704003Z
ABCB,Ameris Bancorp,stocks,us,XNYS,CS,True,usd,0000351569,BBG000CDY3H5,BBG001S80PX7,2025-09-30T06:05:29.844704083Z
ABCL,AbCellera Biologics Inc. Common Shares,stocks,us,XNAS,CS,True,usd,0001703057,BBG00LLW2MF2,BBG00LLW2MH0,2025-09-30T06:05:29.844704444Z
ABCS,Alpha Blue Capital US Small-Mid Cap Dynamic ETF,stocks,us,XNAS,ETF,True,usd,BBG01KMFQRF2,BBG01KMFQS88,2025-09-30T06:05:29.844704524Z
ABEO,Abeona Therapeutics Inc. Common Stock,stocks,us,XNAS,CS,True,usd,0000318306,BBG000DT5D52,BBG001S8T7K0,2025-09-30T06:05:29.844704664Z
ABEQ,Absolute Select Value ETF,stocks,us,ARCX,ETF,True,usd,0001199046,BBG00RHHGQY2,BBG00RHHGRP0,2025-09-30T06:05:29.844704754Z
ABEV,AMBEV S.A.,stocks,us,XNYS,ADRC,True,usd,0001565025,BBG000BN5VZ4,BBG005KLVT74,2025-09-30T06:05:29.844704835Z
ABFL,Abacus FCF Leaders ETF,stocks,us,BATS,ETF,True,usd,BBG00DW3P010,BBG00DW3P029,2025-09-30T06:05:29.844704915Z
ABG,"Asbury Automotive Group, Inc.",stocks,us,XNYS,CS,True,usd,0001144980,BBG000BKDWB5,BBG001S9B5H5,2025-09-30T06:05:29.844704995Z
ABI,VictoryShares Pioneer Asset-Based Income ETF,stocks,us,XNAS,ETF,True,usd,BBG01VCKWDB6,BBG01VCKWFN8,2025-09-30T06:05:29.844705075Z
ABIG,Argent Large Cap ETF,stocks,us,XNAS,ETF,True,usd,BBG01TCJ3701,BBG01TCJ37Z3,2025-09-30T06:05:29.844705456Z
ABL,"Abacus Global Management, Inc. Class A Common Stock",stocks,us,XNAS,CS,True,usd,0001814287,BBG00VY1KB95,BBG00VY1KBC1,2025-09-30T06:05:29.844705536Z
ABLD,Abacus FCF Real Assets Leaders ETF,stocks,us,BATS,ETF,True,usd,BBG0141PBK24,BBG0141PBL04,2025-09-30T06:05:29.844705616Z
ABLG,Abacus FCF International Leaders ETF,stocks,us,BATS,ETF,True,usd,BBG00H1J5D96,BBG00H1J5FN5,2025-09-30T06:05:29.844705696Z
ABLLL,"Abacus Global Management, Inc. 9.875% Fixed Rate Senior Notes due 2028",stocks,us,XNAS,CS,True,usd,0001814287,2025-09-30T06:05:29.844705776Z
ABLS,Abacus FCF Small Cap Leaders ETF,stocks,us,BATS,ETF,True,usd,BBG01SCGBTV8,BBG01SCGBVT6,2025-09-30T06:05:29.844705867Z
ABLV,Able View Global Inc. Class B Ordinary Shares,stocks,us,XNAS,CS,True,usd,0001957489,2025-09-30T06:05:29.844705947Z
ABLVW,Able View Global Inc. Warrant,stocks,us,XNAS,WARRANT,True,usd,0001957489,2025-09-30T06:05:29.844706027Z
ABM,"ABM Industries, Inc.",stocks,us,XNYS,CS,True,usd,0000771497,BBG000B9YYH7,BBG001S5N9B8,2025-09-30T06:05:29.844706357Z
ABNB,"Airbnb, Inc. Class A Common Stock",stocks,us,XNAS,CS,True,usd,0001559720,BBG001Y2XS07,BBG001Y2XS16,2025-09-30T06:05:29.844706438Z
ABNY,YieldMax ABNB Option Income Strategy ETF,stocks,us,ARCX,ETS,True,usd,BBG01JHFMD75,BBG01JHFMF34,2025-09-30T06:05:29.844706558Z
ABOS,"Acumen Pharmaceuticals, Inc. Common Stock",stocks,us,XNAS,CS,True,usd,0001576885,BBG0058YJ317,BBG0058YJ326,2025-09-30T06:05:29.844706638Z
ABOT,Abacus FCF Innovation Leaders ETF,stocks,us,BATS,ETF,True,usd,BBG00YC69CJ2,BBG00YC69DC7,2025-09-30T06:05:29.844706718Z
ABP,"Abpro Holdings, Inc Common Stock",stocks,us,XNAS,CS,True,usd,0001893219,BBG013X0S7F3,BBG013X0S889,2025-09-30T06:05:29.844706808Z
ABPWW,"Abpro Holdings, Inc. Warrant",stocks,us,XNAS,WARRANT,True,usd,BBG0142NHSW2,2025-09-30T06:05:29.844706889Z
ABR,"Arbor Realty Trust, Inc.",stocks,us,XNYS,CS,True,usd,0001253986,BBG000KMVDV1,BBG001SJP3G4,2025-09-30T06:05:29.844706969Z
ABRpD,"Arbor Realty Trust, Inc. 6.375% Series D Cumulative Redeemable Preferred Stock, Liquidation Preference $25.00 per Share",stocks,us,XNYS,PFD,True,usd,0001253986,2025-09-30T06:05:29.844707049Z
ABRpE,"Arbor Realty Trust, Inc. 6.25% Series E Cumulative Redeemable Preferred Stock",stocks,us,XNYS,PFD,True,usd,0001253986,2025-09-30T06:05:29.844707139Z
ABRpF,"Arbor Realty Trust, Inc. 6.25% Series F Fixed-to-Floating Rate Cumulative Redeemable Preferred Stock, Liquidation Preference $25.00 per share",stocks,us,XNYS,PFD,True,usd,0001253986,2025-09-30T06:05:29.844707219Z
ABSI,Absci Corporation Common Stock,stocks,us,XNAS,CS,True,usd,0001672688,BBG011N54CJ8,BBG011N54DC3,2025-09-30T06:05:29.844707299Z
ABT,Abbott Laboratories,stocks,us,XNYS,CS,True,usd,0000001800,BBG000B9ZXB4,BBG001S5N9M6,2025-09-30T06:05:29.844707379Z
ABTC,American Bitcoin Corp. Class A Common Stock,stocks,us,XNAS,CS,True,usd,0001755953,BBG00MS8GZP1,BBG00MS8GZQ0,2025-09-30T06:05:29.84470746Z
ABTS,Abits Group Inc Ordinary Shares,stocks,us,XNAS,CS,True,usd,0001864055,2025-09-30T06:05:29.84470754Z
ABUS,Arbutus Biopharma Corporation Common Stock,stocks,us,XNAS,CS,True,usd,0001447028,BBG000RR8V85,BBG001S6RSK0,2025-09-30T06:05:29.84470762Z
ABVC,"ABVC BioPharma, Inc. Common Stock",stocks,us,XNAS,CS,True,usd,0001173313,BBG000Q844Z2,BBG001SMCS49,2025-09-30T06:05:29.844707991Z
ABVE,Above Food Ingredients Inc. Common Stock,stocks,us,XNAS,CS,True,usd,0001979484,BBG01NGG37N1,BBG01NGG37P9,2025-09-30T06:05:29.844708071Z
ABVEW,Above Food Ingredients Inc. Warrants,stocks,us,XNAS,WARRANT,True,usd,0001979484,BBG01NKYQFV5,2025-09-30T06:05:29.844708201Z
ABVX,Abivax SA American Depositary Shares,stocks,us,XNAS,ADRC,True,usd,0001956827,BBG01JLQNZ03,BBG01JLQNZV9,2025-09-30T06:05:29.844708281Z
ABXB,Abacus Flexible Bond Leaders ETF,stocks,us,BATS,ETF,True,usd,BBG00YC5ZT62,BBG00YC5ZV49,2025-09-30T06:05:29.844708391Z
ACA,"Arcosa, Inc. Common Stock",stocks,us,XNYS,CS,True,usd,0001739445,BBG00JGMWFM9,BBG00JGMWGB9,2025-09-30T06:05:29.844708482Z
ACAD,Acadia Pharmaceuticals Inc.,stocks,us,XNAS,CS,True,usd,0001070494,BBG000BHG9K0,BBG001SB06N3,2025-09-30T06:05:29.844708562Z
ACB,Aurora Cannabis Inc. Common Shares,stocks,us,XNAS,CS,True,usd,0001683541,BBG006SCSYG7,BBG001SV77D1,2025-09-30T06:05:29.844708652Z
ACCO,Acco Brands Corporation,stocks,us,XNYS,CS,True,usd,0000712034,BBG000J06K07,BBG001SPBTK3,2025-09-30T06:05:29.844708732Z
ACCS,ACCESS Newswire Inc.,stocks,us,XASE,CS,True,usd,0000843006,BBG000C1CK87,BBG001S67C09,2025-09-30T06:05:29.844708812Z
ACDC,ProFrac Holding Corp. Class A Common Stock,stocks,us,XNAS,CS,True,usd,0001881487,BBG013PRYPJ2,BBG013PRYQC7,2025-09-30T06:05:29.844708892Z
ACEI,Innovator Equity Autocallable Income Strategy ETF,stocks,us,ARCX,ETF,True,usd,0001415726,BBG01XK51Q67,BBG01XK51R47,2025-09-30T06:05:29.844708983Z
ACEL,"Accel Entertainment, Inc.",stocks,us,XNYS,CS,True,usd,0001698991,BBG00GX221W3,BBG00GX221Z0,2025-09-30T06:05:29.844709063Z
ACES,ALPS Clean Energy ETF,stocks,us,ARCX,ETF,True,usd,0001414040,BBG00L99FCT0,BBG00L99FDK7,2025-09-30T06:05:29.844709143Z
ACET,"Adicet Bio, Inc. Common Stock",stocks,us,XNAS,CS,True,usd,0001720580,BBG00JCXSJP3,BBG00JCXSJQ2,2025-09-30T06:05:29.844709223Z
ACFN,"Acorn Energy, Inc. Common Stock",stocks,us,XNAS,CS,True,usd,0000880984,BBG000CMY866,BBG001S6ZZ25,2025-09-30T06:05:29.844709303Z
ACGL,Arch Capital Group Ltd,stocks,us,XNAS,CS,True,usd,0000947484,2025-09-30T06:05:29.844709644Z
ACGLN,"Arch Capital Group Ltd. Depositary Shares, each Representing a 1/1,000th Interest in a 4.550% Non-Cumulative Preferred Share, Series G",stocks,us,XNAS,CS,True,usd,0000947484,2025-09-30T06:05:29.844709724Z
ACGLO,"Arch Capital Group Ltd. Depositary Shares Each Representing 1/1,000th Interest in a Share of 5.45% Non-Cumulative Preferred Shares, Series F",stocks,us,XNAS,PFD,True,usd,0000947484,2025-09-30T06:05:29.844709864Z
ACGR,American Century Large Cap Growth ETF,stocks,us,ARCX,ETF,True,usd,0001481714,BBG011MFL031,BBG011MFL0Y7,2025-09-30T06:05:29.844709944Z
ACHC,"Acadia Healthcare Company, Inc.",stocks,us,XNAS,CS,True,usd,0001520697,BBG000FPNN38,BBG001SNNWL7,2025-09-30T06:05:29.844710024Z
ACHR,Archer Aviation Inc.,stocks,us,XNYS,CS,True,usd,0001824502,BBG00XRTC910,BBG00XRTC929,2025-09-30T06:05:29.844710105Z
ACHR.WS,"Archer Aviation Inc. Redeemable Warrants, each whole warrant exercisable for one Class A common stock at an exercise price of $11.50",stocks,us,XNYS,WARRANT,True,usd,0001824502,BBG00YGCV1N9,2025-09-30T06:05:29.844710195Z
ACHV,"Achieve Life Sciences, Inc.",stocks,us,XNAS,CS,True,usd,0000949858,BBG000FB8S62,BBG001S8JF14,2025-09-30T06:05:29.844710275Z
ACI,"Albertsons Companies, Inc.",stocks,us,XNYS,CS,True,usd,0001646972,BBG009KG1750,BBG009KG1741,2025-09-30T06:05:29.844710355Z
ACIC,American Coastal Insurance Corporation Common Stock,stocks,us,XNAS,CS,True,usd,0001401521,BBG000TKFJQ7,BBG001T09W05,2025-09-30T06:05:29.844710445Z
ACII,Innovator Index Autocallable Income Strategy ETF,stocks,us,ARCX,ETF,True,usd,0001838614,BBG01XK52JX2,BBG01XK52KW0,2025-09-30T06:05:29.844710525Z
ACIO,Aptus Collared Investment Opportunity ETF,stocks,us,BATS,ETF,True,usd,0001539639,BBG00PNSDFF3,BBG00PNSDG52,2025-09-30T06:05:29.844710606Z
ACIU,AC Immune SA,stocks,us,XNAS,CS,True,usd,0001651625,2025-09-30T06:05:29.844710686Z
ACIW,"ACI Worldwide, Inc.",stocks,us,XNAS,CS,True,usd,0000935036,BBG000PMBV39,BBG001S9KLL5,2025-09-30T06:05:29.844710766Z
ACKY,VistaShares Target 15 ACKtivist Distribution ETF,stocks,us,ARCX,ETF,True,usd,0001722388,BBG01WHYZLL7,BBG01WHYZMG1,2025-09-30T06:05:29.844710846Z
ACLC,American Century Large Cap Equity ETF,stocks,us,ARCX,ETF,True,usd,0001481714,BBG00W0JV9Q5,BBG00W0JVBH0,2025-09-30T06:05:29.844710936Z
ACLO,TCW AAA CLO ETF,stocks,us,XNYS,ETF,True,usd,0001831313,BBG01QPVFLN7,BBG01QPVFMJ0,2025-09-30T06:05:29.844711237Z
ACLS,Axcelis Technologies Inc,stocks,us,XNAS,CS,True,usd,0001113232,BBG000DW34S2,BBG001SF8W86,2025-09-30T06:05:29.844711317Z
ACLX,"Arcellx, Inc. Common Stock",stocks,us,XNAS,CS,True,usd,0001786205,BBG00QHJM4S9,BBG00QHJM4W4,2025-09-30T06:05:29.844711447Z
ACM,Aecom,stocks,us,XNYS,CS,True,usd,0000868857,BBG000F61RJ8,BBG001SKTTF1,2025-09-30T06:05:29.844711537Z
ACMR,"ACM Research, Inc. Class A Common Stock",stocks,us,XNAS,CS,True,usd,0001680062,BBG00HPSG933,BBG00HPSG942,2025-09-30T06:05:29.844711618Z
ACN,Accenture PLC,stocks,us,XNYS,CS,True,usd,0001467373,2025-09-30T06:05:29.844711698Z
ACNB,ACNB Corp,stocks,us,XNAS,CS,True,usd,0000715579,BBG000BJ2LY9,BBG001S6CVZ3,2025-09-30T06:05:29.844711778Z
ACNT,Ascent Industries Co. Common Stock,stocks,us,XNAS,CS,True,usd,0000095953,BBG000CLRHW7,BBG001S6Z1R3,2025-09-30T06:05:29.844711858Z
ACOG,Alpha Cognition Inc. Common Stock,stocks,us,XNAS,CS,True,usd,0001655923,BBG011CJPRD0,BBG00L7TXNM1,2025-09-30T06:05:29.844711938Z
ACON,"Aclarion, Inc. Common Stock",stocks,us,XNAS,CS,True,usd,0001635077,BBG014FBN4K3,BBG014FBN5N7,2025-09-30T06:05:29.844712018Z
ACONW,"Aclarion, Inc. Warrant",stocks,us,XNAS,WARRANT,True,usd,0001635077,BBG016Z2HS66,2025-09-30T06:05:29.844712108Z
ACP,abrdn Income Credit Strategies Fund,stocks,us,XNYS,FUND,True,usd,0001503290,BBG0017VSC04,BBG001TCSLH4,2025-09-30T06:05:29.844712219Z
ACPpA,abrdn Income Credit Strategies Fund  5.250% Series A Perpetual Preferred Stock,stocks,us,XNYS,PFD,True,usd,0001503290,2025-09-30T06:05:29.844712319Z
ACR,ACRES Commercial Realty Corp.,stocks,us,XNYS,CS,True,usd,0001332551,BBG000HK4RX6,BBG001SP6Y91,2025-09-30T06:05:29.844712419Z
ACRE,Ares Commercial Real Estate Corporation,stocks,us,XNYS,CS,True,usd,0001529377,BBG0022MMQB0,BBG0022MMR46,2025-09-30T06:05:29.844712529Z
ACRS,"Aclaris Therapeutics, Inc.",stocks,us,XNAS,CS,True,usd,0001557746,BBG003LF0QR9,BBG003LF0QS8,2025-09-30T06:05:29.8447129Z
ACRV,"Acrivon Therapeutics, Inc. Common Stock",stocks,us,XNAS,CS,True,usd,0001781174,BBG011RWR2Q4,BBG011RWR2R3,2025-09-30T06:05:29.844713Z
ACRpC,"ACRES Commercial Realty Corp. 8.625% Fixed-to-Floating Series C Cumulative Redeemable Preferred Stock, par value $0.001 per share",stocks,us,XNYS,PFD,True,usd,0001332551,2025-09-30T06:05:29.84471313Z
ACRpD,ACRES Commercial Realty Corp. 7.875% Series D Cumulative Redeemable Preferred Stock,stocks,us,XNYS,PFD,True,usd,0001332551,2025-09-30T06:05:29.844713231Z
ACSI,American Customer Satisfaction ETF,stocks,us,BATS,ETF,True,usd,0001387131,BBG00F40VFY6,BBG00F40VGP4,2025-09-30T06:05:29.844713451Z
ACT,"Enact Holdings, Inc. Common Stock",stocks,us,XNAS,CS,True,usd,0001823529,BBG00WSNP4R3,BBG00WSNP4S2,2025-09-30T06:05:29.844713561Z
ACTG,Acacia Research Corporation,stocks,us,XNAS,CS,True,usd,0000934549,BBG000KF9J02,BBG001SJLJT9,2025-09-30T06:05:29.844713651Z
ACTU,"Actuate Therapeutics, Inc. Common stock",stocks,us,XNAS,CS,True,usd,0001652935,BBG00NK7LK03,BBG00NK7LK12,2025-09-30T06:05:29.844713732Z
ACTV,LeaderShares Activist Leaders ETF,stocks,us,ARCX,ETF,True,usd,0001552947,BBG00Y002P42,BBG00Y002QG7,2025-09-30T06:05:29.844713822Z
ACU,Acme United Corporation,stocks,us,XASE,CS,True,usd,0000002098,BBG000BB3LM8,BBG001S5NCC0,2025-09-30T06:05:29.844714022Z
ACV,Virtus Diversified Income & Convertible Fund,stocks,us,XNYS,FUND,True,usd,0001636289,BBG008HMBD22,BBG008HMBD31,2025-09-30T06:05:29.844714102Z
ACVA,ACV Auctions Inc.,stocks,us,XNYS,CS,True,usd,0001637873,BBG00G5JGQ66,BBG00G5JGQ75,2025-09-30T06:05:29.844714222Z
ACVF,American Conservative Values ETF,stocks,us,ARCX,ETF,True,usd,BBG00Y04Q9T7,BBG00Y04QBN8,2025-09-30T06:05:29.844714303Z
ACVT,Advent Convertible Bond ETF,stocks,us,ARCX,ETF,True,usd,BBG01TQ0YGP6,BBG01TQ0YHK9,2025-09-30T06:05:29.844714383Z
ACWI,iShares MSCI ACWI ETF,stocks,us,XNAS,ETF,True,usd,0001100663,BBG000TH6VB3,BBG001S56QV7,2025-09-30T06:05:29.844714473Z
ACWV,iShares MSCI Global Min Vol Factor ETF,stocks,us,BATS,ETF,True,usd,0001100663,BBG0025X38X0,BBG0025X39Q6,2025-09-30T06:05:29.844714573Z
ACWX,iShares MSCI ACWI ex US ETF,stocks,us,XNAS,ETF,True,usd,0001100663,BBG000TH7DF8,BBG001S56R18,2025-09-30T06:05:29.844714653Z
ACXP,"Acurx Pharmaceuticals, Inc. Common Stock",stocks,us,XNAS,CS,True,usd,0001736243,BBG01184DNJ4,BBG01184DNK2,2025-09-30T06:05:29.844714874Z
AD,"Array Digital Infrastructure, Inc.",stocks,us,XNYS,CS,True,usd,0000821130,BBG000BW6P59,BBG001S5X446,2025-09-30T06:05:29.844714954Z
ADAG,Adagene Inc. American Depositary Shares,stocks,us,XNAS,ADRC,True,usd,0001818838,BBG00YZ6BYJ6,BBG00YZ6BZC0,2025-09-30T06:05:29.844715084Z
ADAM,"Adamas Trust, Inc. Common Stock",stocks,us,XNAS,CS,True,usd,0001273685,BBG000GZ8014,BBG001SHHBR7,2025-09-30T06:05:29.844715164Z
ADAMG,"Adamas Trust, Inc. 9.125% Senior Notes Due 2030",stocks,us,XNAS,CS,True,usd,0001273685,2025-09-30T06:05:29.844715244Z
ADAMH,"Adamas Trust, Inc. 9.875% Senior Notes Due 2030",stocks,us,XNAS,CS,True,usd,0001273685,2025-09-30T06:05:29.844715325Z
ADAMI,"Adamas Trust, Inc. 9.125% Senior Notes Due 2029",stocks,us,XNAS,CS,True,usd,0001273685,2025-09-30T06:05:29.844715515Z
ADAML,"Adamas Trust, Inc. 6.875% Series F Fixed-to-Floating Rate Cumulative Redeemable Preferred Stock, $0.01 par value per share",stocks,us,XNAS,CS,True,usd,0001273685,2025-09-30T06:05:29.844715595Z
ADAMM,"Adamas Trust, Inc. 7.875% Series E Fixed-to-Floating Rate Cumulative Redeemable Preferred Stock",stocks,us,XNAS,PFD,True,usd,0001273685,2025-09-30T06:05:29.844715675Z
ADAMN,"Adamas Trust, Inc. 8.00% Series D Fixed-to-Floating Rate Cumulative Redeemable Preferred Stock",stocks,us,XNAS,PFD,True,usd,0001273685,2025-09-30T06:05:29.844715755Z
ADAMZ,"Adamas Trust, Inc. 7.000% Series G Cumulative Redeemable Preferred Stock, $0.01 par value per share",stocks,us,XNAS,CS,True,usd,0001273685,2025-09-30T06:05:29.844715836Z
ADAP,Adaptimmune Therapeutics plc American Depositary Shares,stocks,us,XNAS,ADRC,True,usd,0001621227,BBG008G65WC2,BBG008G65WD1,2025-09-30T06:05:29.844715916Z
ADBE,Adobe Inc.,stocks,us,XNAS,CS,True,usd,0000796343,BBG000BB5006,BBG001S5NCQ5,2025-09-30T06:05:29.844715996Z
ADBG,Leverage Shares 2X Long ADBE Daily ETF,stocks,us,XNAS,ETF,True,usd,0001976322,BBG01SWP6HM8,BBG01SWP6JH0,2025-09-30T06:05:29.844716076Z
ADC,Agree Realty Corporation,stocks,us,XNYS,CS,True,usd,0000917251,BBG000BC9DK0,BBG001S6RY81,2025-09-30T06:05:29.844716166Z
ADCT,ADC Therapeutics SA,stocks,us,XNYS,CS,True,usd,0001771910,2025-09-30T06:05:29.844716256Z
ADCpA,"Agree Realty Corporation Depositary Shares, each representing 1/1,000th of a 4.250% Series A Cumulative Redeemable Preferred Stock",stocks,us,XNYS,PFD,True,usd,0000917251,2025-09-30T06:05:29.844716457Z
ADEA,Adeia Inc. Common Stock,stocks,us,XNAS,CS,True,usd,0001803696,BBG00RBFBL50,BBG00RBFBL78,2025-09-30T06:05:29.844716637Z
ADFI,Anfield Dynamic Fixed Income ETF,stocks,us,BATS,ETF,True,usd,0001552947,BBG00WRFGTJ5,BBG00WRFGV91,2025-09-30T06:05:29.844716717Z
ADGM,"Adagio Medical Holdings, Inc Common Stock",stocks,us,XNAS,CS,True,usd,0002006986,BBG01P202S42,BBG01P202S60,2025-09-30T06:05:29.844716827Z
ADI,"Analog Devices, Inc.",stocks,us,XNAS,CS,True,usd,0000006281,BBG000BB6G37,BBG001S5ND38,2025-09-30T06:05:29.844716908Z
ADIL,"Adial Pharmaceuticals, Inc",stocks,us,XNAS,CS,True,usd,0001513525,BBG00HNGDTR4,BBG00HNGDTS3,2025-09-30T06:05:29.844716988Z
ADIV,SmartETFs Asia Pacific Dividend Builder ETF,stocks,us,ARCX,ETF,True,usd,BBG00ZV17TH6,BBG00ZV17VD5,2025-09-30T06:05:29.844717068Z
ADM,Archer Daniels Midland Company,stocks,us,XNYS,CS,True,usd,0000007084,BBG000BB6WG8,BBG001S5ND74,2025-09-30T06:05:29.844717158Z
ADMA,"ADMA Biologics, Inc.",stocks,us,XNAS,CS,True,usd,0001368514,BBG002NCK5M5,BBG002NCK5N4,2025-09-30T06:05:29.844717238Z
ADME,Aptus Behavioral Momentum ETF,stocks,us,BATS,ETF,True,usd,0001539639,BBG00D20HG22,BBG00D20HG31,2025-09-30T06:05:29.844717318Z
ADN,"Advent Technologies Holdings, Inc. Class A Common Stock",stocks,us,XNAS,CS,True,usd,0001744494,BBG00MDV8X34,BBG00MDV8XV3,2025-09-30T06:05:29.844717399Z
ADNT,Adient plc Ordinary Shares,stocks,us,XNYS,CS,True,usd,0001670541,2025-09-30T06:05:29.844717479Z
ADNWW,"Advent Technologies Holdings, Inc. Warrant",stocks,us,XNAS,WARRANT,True,usd,0001744494,BBG00MVVPD93,2025-09-30T06:05:29.844717559Z
ADP,Automatic Data Processing,stocks,us,XNAS,CS,True,usd,0000008670,BBG000JG0547,BBG001S82KF6,2025-09-30T06:05:29.844717639Z
ADPT,Adaptive Biotechnologies Corporation Common Stock,stocks,us,XNAS,CS,True,usd,0001478320,BBG001J2PFF5,BBG001V0GG18,2025-09-30T06:05:29.844717729Z
ADPV,Adaptiv Select ETF,stocks,us,ARCX,ETF,True,usd,BBG01BBJQ2C4,BBG01BBJQ3B3,2025-09-30T06:05:29.844717809Z
ADSE,ADS-TEC ENERGY PLC Ordinary Shares,stocks,us,XNAS,CS,True,usd,0001879248,2025-09-30T06:05:29.84471802Z
ADSEW,ADS-TEC ENERGY PLC Warrant,stocks,us,XNAS,WARRANT,True,usd,0001879248,2025-09-30T06:05:29.84471811Z
ADSK,Autodesk Inc,stocks,us,XNAS,CS,True,usd,0000769397,BBG000BM7HL0,BBG001S5SCD4,2025-09-30T06:05:29.84471821Z
ADT,ADT Inc.,stocks,us,XNYS,CS,True,usd,0001703056,BBG000BP9WJ1,BBG001S6VGG6,2025-09-30T06:05:29.84471829Z
ADTN,"ADTRAN Holdings, Inc. Common Stock",stocks,us,XNAS,CS,True,usd,0000926282,BBG0169CH7X9,BBG0169CH7Y8,2025-09-30T06:05:29.84471837Z
ADTX,"Aditxt, Inc. Common Stock",stocks,us,XNAS,CS,True,usd,0001726711,BBG00RDV1WS5,BBG00RDV1WT4,2025-09-30T06:05:29.844718451Z
ADUR,Aduro Clean Technologies Inc. Common Stock,stocks,us,XNAS,CS,True,usd,0001863934,BBG011F62496,BBG00N9ZZX01,2025-09-30T06:05:29.844718541Z
ADUS,Addus HomeCare Corp.,stocks,us,XNAS,CS,True,usd,0001468328,BBG000NJGX84,BBG001T56D18,2025-09-30T06:05:29.844718621Z
ADV,Advantage Solutions Inc. Class A Common Stock,stocks,us,XNAS,CS,True,usd,0001776661,BBG00PPWZ8C7,BBG00PPWZ8G3,2025-09-30T06:05:29.844718701Z
ADVB,Advanced Biomed Inc. Common Stock,stocks,us,XNAS,CS,True,usd,0001941029,BBG01HW4B3M4,BBG01HW4B3N3,2025-09-30T06:05:29.844718781Z
ADVE,Matthews Asia Dividend Active ETF,stocks,us,ARCX,ETF,True,usd,BBG01JFHH825,BBG01JFHH923,2025-09-30T06:05:29.844718861Z
ADVM,"Adverum Biotechnologies, Inc. Common Stock",stocks,us,XNAS,CS,True,usd,0001501756,BBG006D9MR17,BBG006D9MR26,2025-09-30T06:05:29.844718942Z
ADVWW,Advantage Solutions Inc. Warrant,stocks,us,XNAS,WARRANT,True,usd,0001776661,BBG00Q6CTMG2,2025-09-30T06:05:29.844719022Z
ADX,"Adams Diversified Equity Fund, Inc",stocks,us,XNYS,FUND,True,usd,0000002230,BBG000BB8MR6,BBG001S5NDV7,2025-09-30T06:05:29.844719102Z
ADXN,Addex Therapeutics Ltd American Depositary Shares,stocks,us,XNAS,ADRC,True,usd,0001574232,BBG00R48ST95,BBG00R48SV18,2025-09-30T06:05:29.844719182Z
AEBI,Aebi Schmidt Holding AG Common Stock,stocks,us,XNAS,CS,True,usd,0002048519,2025-09-30T06:05:29.844719272Z
AEC,Anfield Energy Inc. Common Shares,stocks,us,XNAS,CS,True,usd,0001519469,BBG002PL1DW6,BBG001V114Z2,2025-09-30T06:05:29.844719513Z
AEE,Ameren Corporation,stocks,us,XNYS,CS,True,usd,0001002910,BBG000B9X8C0,BBG001S5NF24,2025-09-30T06:05:29.844719593Z
AEF,"abrdn Emerging Markets ex-China Fund, Inc.",stocks,us,XASE,FUND,True,usd,0000846676,BBG000BGWCV5,BBG001S5QCR1,2025-09-30T06:05:29.844719693Z
AEFC,Aegon Funding Company LLC 5.10% Subordinated Notes due 2049,stocks,us,XNYS,SP,True,usd,0000769218,2025-09-30T06:05:29.844719783Z
AEG,Aegon Ltd.,stocks,us,XNYS,CS,True,usd,0000769218,BBG000CKQSN6,BBG001S6Y6M8,2025-09-30T06:05:29.844719863Z
AEHL,Antelope Enterprise Holdings Limited Class A Ordinary Shares,stocks,us,XNAS,CS,True,usd,0001470683,2025-09-30T06:05:29.844719943Z
AEHR,Aehr Test Systems,stocks,us,XNAS,CS,True,usd,0001040470,BBG000BWM083,BBG001SB1CS4,2025-09-30T06:05:29.844720024Z
AEI,Alset Inc. Common Stock (TX),stocks,us,XNAS,CS,True,usd,0001750106,BBG000PZLNH2,BBG001SRKK73,2025-09-30T06:05:29.844720104Z
AEIS,Advanced Energy Industries Inc,stocks,us,XNAS,CS,True,usd,0000927003,BBG000FKMP26,BBG001S8L5Z6,2025-09-30T06:05:29.844720184Z
AEM,Agnico Eagle Mines Ltd.,stocks,us,XNYS,CS,True,usd,0000002809,BBG000DLVDK3,BBG001S77MK3,2025-09-30T06:05:29.844720274Z
AEMD,AETHLON MEDICAL INC,stocks,us,XNAS,CS,True,usd,0000882291,BBG000L78XT8,BBG001SDDHJ6,2025-09-30T06:05:29.844720354Z
AEMS,Anfield Enhanced Market ETF,stocks,us,BATS,ETF,True,usd,0001552947,BBG01VRP0J30,BBG01VRP0K28,2025-09-30T06:05:29.844720434Z
AENT,Alliance Entertainment Holding Corporation Class A Common Stock,stocks,us,XNAS,CS,True,usd,0001823584,BBG00YB0X2R2,BBG00YB0X2S1,2025-09-30T06:05:29.844720515Z
AENTW,Alliance Entertainment Holding Corporation Warrants,stocks,us,XNAS,WARRANT,True,usd,0001823584,BBG00ZS05J95,2025-09-30T06:05:29.844720595Z
AEO,American Eagle Outfitters,stocks,us,XNYS,CS,True,usd,0000919012,BBG000BGXZB5,BBG001S7Q949,2025-09-30T06:05:29.844720675Z
AEON,"AEON Biopharma, Inc.",stocks,us,XASE,CS,True,usd,0001837607,BBG00Z17HDW3,BBG00Z17HFQ5,2025-09-30T06:05:29.844720755Z
AEP,"American Electric Power Company, Inc.",stocks,us,XNAS,CS,True,usd,0000004904,BBG000BB9KF2,BBG001S5NFD2,2025-09-30T06:05:29.844720995Z
AER,Aercap Holdings N.V.,stocks,us,XNYS,CS,True,usd,0001378789,2025-09-30T06:05:29.844721076Z
AERT,"Aeries Technology, Inc. Class A Ordinary Share",stocks,us,XNAS,CS,True,usd,0001853044,2025-09-30T06:05:29.844721196Z
AERTW,"Aeries Technology, Inc. Warrant",stocks,us,XNAS,WARRANT,True,usd,0001853044,2025-09-30T06:05:29.844721276Z
AES,AES Corporation,stocks,us,XNYS,CS,True,usd,0000874761,BBG000C23KJ3,BBG001S6B1L5,2025-09-30T06:05:29.844721366Z
AESI,Atlas Energy Solutions Inc.,stocks,us,XNYS,CS,True,usd,0001984060,BBG01JFZ96X4,BBG01JFZ96Y3,2025-09-30T06:05:29.844721456Z
AESR,Anfield U.S. Equity Sector Rotation ETF,stocks,us,BATS,ETF,True,usd,0001552947,BBG00R4084K6,BBG00R408596,2025-09-30T06:05:29.844721536Z
AETH,Bitwise Trendwise Ether and Treasuries Rotation Strategy ETF,stocks,us,ARCX,ETF,True,usd,BBG01JLGS0C4,BBG01JLGS178,2025-09-30T06:05:29.844721617Z
AEVA,"Aeva Technologies, Inc.",stocks,us,XNAS,CS,True,usd,0001789029,BBG00RK5L2N3,BBG00RK5L2P1,2025-09-30T06:05:29.844721697Z
AEVAW,"Aeva Technologies, Inc. Warrants",stocks,us,XNAS,WARRANT,True,usd,0001789029,BBG00RYQY3V7,2025-09-30T06:05:29.844721777Z
AEXA,American Exceptionalism Acquisition Corp. A,stocks,us,XNYS,CS,True,usd,0002079173,2025-09-30T06:05:29.844721867Z
AEYE,"AudioEye, Inc. Common Stock",stocks,us,XNAS,CS,True,usd,0001362190,BBG002ZQLQB6,BBG002ZQLQC5,2025-09-30T06:05:29.844721947Z
AFB,"Alliance National Municipal Income Fund, Inc.",stocks,us,XNYS,FUND,True,usd,0001162027,BBG000DTM676,BBG001SK6452,2025-09-30T06:05:29.844722027Z
AFBI,"Affinity Bancshares, Inc. Common Stock (MD)",stocks,us,XNAS,CS,True,usd,0001823406,BBG00XH58W17,BBG00XH58WY1,2025-09-30T06:05:29.844722108Z
AFCG,Advanced Flower Capital Inc. Common Stock,stocks,us,XNAS,CS,True,usd,0001822523,BBG00YPSX4X5,BBG00YPSX5R9,2025-09-30T06:05:29.844722258Z
AFG,"American Financial Group, Inc.",stocks,us,XNYS,CS,True,usd,0001042046,BBG000DPKKK0,BBG001S8JK86,2025-09-30T06:05:29.844722338Z
AFGB,"American Financial Group, Inc. 5.875% Subordinated Debentures due 2059",stocks,us,XNYS,SP,True,usd,0001042046,2025-09-30T06:05:29.844722709Z
AFGC,"American Financial Group, Inc. 5.125% Subordinated Debentures due 2059",stocks,us,XNYS,SP,True,usd,0001042046,2025-09-30T06:05:29.844722789Z
AFGD,"American Financial Group, Inc. 5.625% Subordinated Debentures due 2060",stocks,us,XNYS,SP,True,usd,0001042046,2025-09-30T06:05:29.844722909Z
AFGE,"American Financial Group, Inc. 4.500% Subordinated Debentures due 2060",stocks,us,XNYS,SP,True,usd,0001042046,2025-09-30T06:05:29.844722989Z
AFIF,Anfield Universal Fixed Income ETF,stocks,us,BATS,ETF,True,usd,0001552947,BBG00LZQ9356,BBG00LZQ93Z3,2025-09-30T06:05:29.844723079Z
AFIX,Allspring Broad Market Core Bond ETF,stocks,us,ARCX,ETF,True,usd,BBG01QVK6KB9,BBG01QVK6L54,2025-09-30T06:05:29.84472316Z
AFJK,"Aimei Health Technology Co., Ltd Ordinary Share",stocks,us,XNAS,CS,True,usd,0001979005,2025-09-30T06:05:29.84472324Z
AFJKR,"Aimei Health Technology Co., Ltd Right",stocks,us,XNAS,RIGHT,True,usd,0001979005,2025-09-30T06:05:29.84472333Z
AFJKU,"Aimei Health Technology Co., Ltd Unit",stocks,us,XNAS,UNIT,True,usd,0001979005,2025-09-30T06:05:29.84472341Z
AFK,VanEck Africa Index ETF,stocks,us,ARCX,ETF,True,usd,0001137360,BBG000H0B9J8,BBG001T33P37,2025-09-30T06:05:29.84472349Z
AFL,Aflac Inc.,stocks,us,XNYS,CS,True,usd,0000004977,BBG000BBBNC6,BBG001S5NGJ4,2025-09-30T06:05:29.84472357Z
AFLG,First Trust Active Factor Large Cap ETF,stocks,us,ARCX,ETF,True,usd,0001667919,BBG00QZ0DQB9,BBG00QZ0DR27,2025-09-30T06:05:29.84472365Z
AFMC,First Trust Active Factor Mid Cap ETF,stocks,us,ARCX,ETF,True,usd,0001667919,BBG00QZ0GVP0,BBG00QZ0GWH7,2025-09-30T06:05:29.844723731Z
AFOS,ARS Focused Opportunity Strategy ETF,stocks,us,XNAS,ETF,True,usd,BBG01VPTD7B7,BBG01VPTD898,2025-09-30T06:05:29.844723811Z
AFRI,Forafric Global PLC Ordinary Shares,stocks,us,XNAS,CS,True,usd,0001903870,2025-09-30T06:05:29.844723891Z
AFRIW,Forafric Global PLC Warrants,stocks,us,XNAS,WARRANT,True,usd,0001903870,2025-09-30T06:05:29.844723981Z
AFRM,"Affirm Holdings, Inc. Class A Common Stock",stocks,us,XNAS,CS,True,usd,0001820953,BBG00Y7BP8Y1,BBG00Y7BP8Z0,2025-09-30T06:05:29.844724332Z
AFRU,T-REX 2X Long AFRM Daily Target ETF,stocks,us,BATS,ETF,True,usd,BBG01WW9WYK1,BBG01WW9WZK8,2025-09-30T06:05:29.844724412Z
AFSC,abrdn Focused U.S. Small Cap Active ETF,stocks,us,XNAS,ETF,True,usd,BBG01S68Z424,BBG01S68Z5J3,2025-09-30T06:05:29.844724572Z
AFSM,First Trust Active Factor Small Cap ETF,stocks,us,ARCX,ETF,True,usd,0001667919,BBG00QZ0H932,BBG00QZ0H9W0,2025-09-30T06:05:29.844724652Z
AFYA,Afya Limited Class A Common Shares,stocks,us,XNAS,CS,True,usd,0001771007,2025-09-30T06:05:29.844724733Z
AG,FIRST MAJESTIC SILVER CORP,stocks,us,XNYS,CS,True,usd,0001308648,BBG000CH7WB8,BBG001SGV444,2025-09-30T06:05:29.844724813Z
AGAE,Allied Gaming & Entertainment Inc. Common Stock,stocks,us,XNAS,CS,True,usd,0001708341,BBG00J2442Y1,BBG00J2443N1,2025-09-30T06:05:29.844724903Z
AGCO,AGCO Corporation,stocks,us,XNYS,CS,True,usd,0000880266,BBG000DCCZW2,BBG001S7WHW3,2025-09-30T06:05:29.844724983Z
AGD,abrdn Global Dynamic Dividend Fund,stocks,us,XNYS,FUND,True,usd,0001362481,BBG000DJLNL6,BBG001SMLZ16,2025-09-30T06:05:29.844725063Z
AGEM,abrdn Emerging Markets Dividend Active ETF,stocks,us,XNAS,ETF,True,usd,BBG01S68DQN6,BBG01S68DRK7,2025-09-30T06:05:29.844725143Z
AGEN,Agenus Inc.,stocks,us,XNAS,CS,True,usd,0001098972,BBG000C8SWQ9,BBG001SDV370,2025-09-30T06:05:29.844725234Z
AGG,iShares Core U.S. Aggregate Bond ETF,stocks,us,ARCX,ETF,True,usd,0001100663,BBG000Q123R0,BBG001SM1QT8,2025-09-30T06:05:29.844725314Z
AGGA,EA Series Trust EA Astoria Dynamic Core US Fixed Income ETF,stocks,us,XNAS,ETF,True,usd,BBG01TS490J6,BBG01TS491J4,2025-09-30T06:05:29.844725394Z
AGGH,Simplify Aggregate Bond ETF,stocks,us,ARCX,ETF,True,usd,0001810747,BBG015BC7V75,BBG015BC7WS0,2025-09-30T06:05:29.844725474Z
AGGS,Harbor Disciplined Bond ETF,stocks,us,ARCX,ETF,True,usd,0001860434,BBG01MCGX1X6,BBG01MCGX2S0,2025-09-30T06:05:29.844725554Z
AGGY,WisdomTree Yield Enhanced U.S. Aggregate Bond Fund,stocks,us,ARCX,ETF,True,usd,0001350487,BBG009KCY2B7,BBG009KCY2C6,2025-09-30T06:05:29.844725634Z
AGH,Aureus Greenway Holdings Inc. Common Stock,stocks,us,XNAS,CS,True,usd,0002009312,BBG01NG4Q1P4,BBG01NG4Q2J9,2025-09-30T06:05:29.844726005Z
AGI,Alamos Gold Inc. Class A Common Shares,stocks,us,XNYS,CS,True,usd,0001178819,BBG009HT6BL4,BBG009HT65S0,2025-09-30T06:05:29.844726085Z
AGIO,"Agios Pharmaceuticals, Inc.",stocks,us,XNAS,CS,True,usd,0001439222,BBG000QY4ZD0,BBG001T8R687,2025-09-30T06:05:29.844726205Z
AGIQ,SoFi Agentic AI ETF,stocks,us,ARCX,ETF,True,usd,BBG01WV67GC4,BBG01WV67HD1,2025-09-30T06:05:29.844726286Z
AGIX,KraneShares Artificial Intelligence ETF,stocks,us,XNAS,ETF,True,usd,0001536592,BBG01NT1RH61,BBG01NT1RJ21,2025-09-30T06:05:29.844726366Z
AGL,"agilon health, inc.",stocks,us,XNYS,CS,True,usd,0001831097,BBG00HCYVQQ4,BBG00HCYVQR3,2025-09-30T06:05:29.844726446Z
AGM,Federal Agricultural Mortgage Corporation,stocks,us,XNYS,CS,True,usd,0000845877,BBG000G8ZKY4,BBG001SCWNB2,2025-09-30T06:05:29.844726526Z
AGM.A,Federal Agricultural Mortgage Corporation Class A Voting,stocks,us,XNYS,CS,True,usd,0000845877,BBG000G8Y1Z6,BBG001SCWN95,2025-09-30T06:05:29.844726606Z
AGMH,AGM Group Holdings Inc. Class A Ordinary Shares,stocks,us,XNAS,CS,True,usd,0001705402,2025-09-30T06:05:29.844726987Z
AGMI,Themes Silver Miners ETF,stocks,us,XNAS,ETF,True,usd,0001976322,BBG01MQSFLS7,BBG01MQSFMM1,2025-09-30T06:05:29.844727177Z
AGMpD,"Federal Agricultural Mortgage Corporation 5.700% Non-Cumulative Preferred Stock, Series D",stocks,us,XNYS,PFD,True,usd,0000845877,2025-09-30T06:05:29.844727257Z
AGMpE,"Federal Agricultural Mortgage Corporation 5.750% Non-Cumulative Preferred Stock, Series E",stocks,us,XNYS,PFD,True,usd,0000845877,2025-09-30T06:05:29.844727348Z
AGMpF,"Federal Agricultural Mortgage Corporation 5.250% Non-Cumulative Preferred Stock, Series F",stocks,us,XNYS,PFD,True,usd,0000845877,2025-09-30T06:05:29.844727428Z
AGMpG,"Federal Agricultural Mortgage Corporation 4.875% Non-Cumulative Preferred Stock, Series G",stocks,us,XNYS,PFD,True,usd,0000845877,2025-09-30T06:05:29.844727508Z
AGMpH,"Federal Agricultural Mortgage Corporation 6.500% Non-Cumulative Preferred Stock, Series H",stocks,us,XNYS,PFD,True,usd,0000845877,2025-09-30T06:05:29.844727588Z
AGNC,AGNC Investment Corp. Common Stock,stocks,us,XNAS,CS,True,usd,0001423689,BBG000TJ8XZ7,BBG001T074G2,2025-09-30T06:05:29.844727678Z
AGNCL,"AGNC Investment Corp. Depositary Shares Each Representing a 1/1,000th Interest in a Share of 7.75% Series G Fixed-Rate Reset Cumulative Redeemable Preferred Stock",stocks,us,XNAS,CS,True,usd,0001423689,2025-09-30T06:05:29.844728029Z
AGNCM,AGNC Investment Corp. Depositary Shares rep 6.875% Series D Fixed-to-Floating Cumulative Redeemable Preferred Stock,stocks,us,XNAS,PFD,True,usd,0001423689,2025-09-30T06:05:29.844728119Z
AGNCN,"AGNC Investment Corp. Depositary Shares Each Representing a 1/1,000th Interest in a Share of 7 percent Series C Fixed-To-Floating Rate Cumulative Redeemable Preferred Stock",stocks,us,XNAS,PFD,True,usd,0001423689,2025-09-30T06:05:29.844728219Z
AGNCO,"AGNC Investment Corp. Depositary Shares, each representing a 1/1,000th interest in a share of 6.50% Series E Fixed-to-Floating Cumulative Redeemable Preferred Stock",stocks,us,XNAS,CS,True,usd,0001423689,2025-09-30T06:05:29.844728299Z
AGNCP,"AGNC Investment Corp. Depositary Shares Each Representing a 1/1,000th Interest in a Share of 6.125% Series F Fixed-to-Floating Rate Cumulative Redeemable Preferred Stock",stocks,us,XNAS,PFD,True,usd,0001423689,2025-09-30T06:05:29.84472838Z
AGNCZ,AGNC Investment Corp. 8.75% Series H Fixed-Rate Cumulative Redeemable Preferred Stock,stocks,us,XNAS,PFD,True,usd,0001423689,2025-09-30T06:05:29.84472847Z
AGNG,Global X Funds Global X Aging Population ETF,stocks,us,XNAS,ETF,True,usd,0001432353,BBG00CVW2JC1,BBG00CVW2JD0,2025-09-30T06:05:29.84472855Z
AGO,"Assured Guaranty, LTD",stocks,us,XNYS,CS,True,usd,0001273813,2025-09-30T06:05:29.84472863Z
AGOX,Adaptive Alpha Opportunities ETF,stocks,us,ARCX,ETF,True,usd,BBG010WX25M2,BBG010WX26H6,2025-09-30T06:05:29.844728961Z
AGQ,ProShares Ultra Silver,stocks,us,ARCX,ETV,True,usd,0001415311,BBG000F7KQG0,BBG001T2GCT6,2025-09-30T06:05:29.844729041Z
AGQI,First Trust Active Global Quality Income ETF,stocks,us,ARCX,ETF,True,usd,0001667919,BBG01K8H7QZ5,BBG01K8H7RT0,2025-09-30T06:05:29.844729131Z
AGRH,iShares Interest Rate Hedged U.S. Aggregate Bond ETF,stocks,us,ARCX,ETF,True,usd,0001524513,BBG01858ZD01,BBG01858ZF15,2025-09-30T06:05:29.844729211Z
AGRI,AgriFORCE Growing Systems Ltd. Common Shares,stocks,us,XNAS,CS,True,usd,0001826397,2025-09-30T06:05:29.844729301Z
AGRO,ADECOAGRO S.A.,stocks,us,XNYS,CS,True,usd,0001499505,2025-09-30T06:05:29.844729381Z
AGRW,Allspring LT Large Growth ETF,stocks,us,ARCX,ETF,True,usd,BBG01SXPDTR8,BBG01SXPDVQ4,2025-09-30T06:05:29.844729472Z
AGX,"Argan, Inc",stocks,us,XNYS,CS,True,usd,0000100591,BBG000K4J3T0,BBG001SJP7D8,2025-09-30T06:05:29.844729552Z
AGYS,"Agilysys, Inc. Common Stock (DE)",stocks,us,XNAS,CS,True,usd,0000078749,BBG000BR74W6,BBG001S5V6V3,2025-09-30T06:05:29.844729822Z
AGZ,iShares Agency Bond ETF,stocks,us,ARCX,ETF,True,usd,0001100663,BBG000G03TV0,BBG001T2RRQ4,2025-09-30T06:05:29.844729912Z
AGZD,WisdomTree Trust WisdomTree Interest Rate Hedged U.S. Aggregate Bond Fund,stocks,us,XNAS,ETF,True,usd,0001350487,BBG005Q26B40,BBG005Q26B59,2025-09-30T06:05:29.844730033Z
AHCO,AdaptHealth Corp. Common Stock,stocks,us,XNAS,CS,True,usd,0001725255,BBG00KJQVGV3,BBG00KJQVGW2,2025-09-30T06:05:29.844730113Z
AHG,Akso Health Group ADS,stocks,us,XNAS,ADRC,True,usd,0001702318,BBG00HVQFMZ7,BBG00HVQFN03,2025-09-30T06:05:29.844730203Z
AHH,"Armada Hoffler Properties, Inc.",stocks,us,XNYS,CS,True,usd,0001569187,BBG004CYX1M0,BBG004CYX1N9,2025-09-30T06:05:29.844730283Z
AHHpA,"Armada Hoffler Properties, Inc. 6.75% Series A Cumulative Redeemable Perpetual Preferred Stock",stocks,us,XNYS,PFD,True,usd,0001569187,2025-09-30T06:05:29.844730423Z
AHL,Aspen Insurance Holdings Limited,stocks,us,XNYS,CS,True,usd,0001267395,2025-09-30T06:05:29.844730504Z
AHLT,American Beacon AHL Trend ETF,stocks,us,ARCX,ETF,True,usd,BBG01J3YK8D5,BBG01J3YK989,2025-09-30T06:05:29.844730584Z
AHLpD,Aspen Insurance Holdings Limited 5.625% Perpetual Non-Cumulative Preference Shares,stocks,us,XNYS,PFD,True,usd,0001267395,2025-09-30T06:05:29.844730824Z
AHLpE,"Aspen Insurance Holdings Limited Depositary Shares, each representing a 1/1000th interest in a share of 5.625% Perpetual Non-Cumulative Preference Shares",stocks,us,XNYS,PFD,True,usd,0001267395,2025-09-30T06:05:29.844730904Z
AHLpF,"Aspen Insurance Holdings Limited Depositary Shares, each representing a 1/1,000th Interest in a 7.00% Perpetual Non-Cumulative Preference Share",stocks,us,XNYS,PFD,True,usd,0001267395,2025-09-30T06:05:29.844730994Z
AHR,"American Healthcare REIT, Inc.",stocks,us,XNYS,CS,True,usd,0001632970,BBG01L820CZ4,BBG01L820DT9,2025-09-30T06:05:29.844731075Z
AHT,"Ashford Hospitality Trust, Inc.",stocks,us,XNYS,CS,True,usd,0001232582,BBG000PRZVD1,BBG001SLQ6G1,2025-09-30T06:05:29.844731155Z
AHTpD,"Ashford Hospitality Trust, Inc. 8.45% Series D",stocks,us,XNYS,PFD,True,usd,0001232582,2025-09-30T06:05:29.844731235Z
AHTpF,"Ashford Hospitality Trust, Inc.",stocks,us,XNYS,PFD,True,usd,0001232582,2025-09-30T06:05:29.844731315Z
AHTpG,"Ashford Hospitality Trust, Inc   7.375% Series G Cumulative Preferred Stock",stocks,us,XNYS,PFD,True,usd,0001232582,2025-09-30T06:05:29.844731686Z
AHTpH,"Ashford Hospitality Trust, Inc. 7.50 Percent Series H Cumulative Preferred Stock",stocks,us,XNYS,PFD,True,usd,0001232582,2025-09-30T06:05:29.844731766Z
AHTpI,"Ashford Hospitality Trust, Inc. 7.50% Series I Cumulative Preferred Stock",stocks,us,XNYS,PFD,True,usd,0001232582,2025-09-30T06:05:29.844731886Z
AHYB,American Century Select High Yield ETF,stocks,us,ARCX,ETF,True,usd,0001710607,BBG013HJSPQ8,BBG013HJSQK2,2025-09-30T06:05:29.844731966Z
AI,"C3.ai, Inc.",stocks,us,XNYS,CS,True,usd,0001577526,BBG00Y6G6X31,BBG00Y6G6Y84,2025-09-30T06:05:29.844732046Z
AIA,iShares Asia 50 ETF,stocks,us,XNAS,ETF,True,usd,0001100663,BBG000TVYW56,BBG001T0LKC4,2025-09-30T06:05:29.844732137Z
AIBD,Direxion Daily AI and Big Data Bear 2X Shares,stocks,us,ARCX,ETF,True,usd,BBG01MG5S082,BBG01MG5S153,2025-09-30T06:05:29.844732217Z
AIBU,Direxion Daily AI and Big Data Bull 2X Shares,stocks,us,ARCX,ETF,True,usd,BBG01MG5M122,BBG01MG5M1X8,2025-09-30T06:05:29.844732297Z
AIEQ,Amplify AI Powered Equity ETF,stocks,us,ARCX,ETF,True,usd,0001633061,BBG01L6Y3H73,BBG01L6Y3J42,2025-09-30T06:05:29.844732377Z
AIFD,TCW Artificial Intelligence ETF,stocks,us,XNAS,ETF,True,usd,0001831313,BBG01MQS6C89,BBG01MQS6D50,2025-09-30T06:05:29.844732457Z
AIFF,"Firefly Neuroscience, Inc. Common Stock",stocks,us,XNAS,CS,True,usd,0000803578,BBG000BF6HD5,BBG001S6ZMC3,2025-09-30T06:05:29.844732537Z
AIFU,AIFU Inc. Class A Ordinary Share,stocks,us,XNAS,CS,True,usd,0001413855,2025-09-30T06:05:29.844732618Z
AIG,"American International Group, Inc.",stocks,us,XNYS,CS,True,usd,0000005272,BBG000BBDZG3,BBG001S5NJG1,2025-09-30T06:05:29.844732698Z
AIHS,Senmiao Technology Limited Common Stock,stocks,us,XNAS,CS,True,usd,0001711012,BBG00J3Q25V9,BBG00J3Q26K9,2025-09-30T06:05:29.844732778Z
AII,"American Integrity Insurance Group, Inc.",stocks,us,XNYS,CS,True,usd,0002007587,BBG000BN06C9,BBG001SC1H65,2025-09-30T06:05:29.844732868Z
AIIO,Robo.ai Inc. Class B Ordinary Shares,stocks,us,XNAS,CS,True,usd,0001932737,2025-09-30T06:05:29.844732948Z
AIIOW,Robo.ai Inc. Warrant,stocks,us,XNAS,WARRANT,True,usd,0001932737,2025-09-30T06:05:29.844733169Z
AIM,AIM ImmunoTech Inc.,stocks,us,XASE,CS,True,usd,0000946644,BBG000JL6Z80,BBG001SB9J29,2025-09-30T06:05:29.844733259Z
AIMD,"Ainos, Inc. Common Stock",stocks,us,XNAS,CS,True,usd,0001014763,BBG000H6PLR4,BBG001S965R0,2025-09-30T06:05:29.844733389Z
AIMDW,"Ainos, Inc. Warrants",stocks,us,XNAS,WARRANT,True,usd,0001014763,BBG019232J79,2025-09-30T06:05:29.844733469Z
AIN,Albany International Corp Class A,stocks,us,XNYS,CS,True,usd,0000819793,BBG000BRWWH3,BBG001S5VKN1,2025-09-30T06:05:29.844733549Z
AINP,Allspring Income Plus ETF,stocks,us,ARCX,ETF,True,usd,BBG01QVK6YM7,BBG01QVK6ZK6,2025-09-30T06:05:29.84473363Z
AIO,Virtus Artificial Intelligence & Technology Opportunities Fund,stocks,us,XNYS,FUND,True,usd,0001778114,BBG00Q7474K8,BBG00Q7474L7,2025-09-30T06:05:29.84473371Z
AIOO,AllianzIM U.S. Equity Buffer100 Protection ETF,stocks,us,BATS,ETF,True,usd,0001797318,BBG01V5B7TC6,BBG01V5B7V77,2025-09-30T06:05:29.84473379Z
AIOT,"PowerFleet, Inc. Common Stock",stocks,us,XNAS,CS,True,usd,0001774170,BBG00PG3JNL6,BBG00PG3JNM5,2025-09-30T06:05:29.84473388Z
AIP,"Arteris, Inc. Common Stock",stocks,us,XNAS,CS,True,usd,0001667011,BBG000QMLTK3,BBG001T7VHG1,2025-09-30T06:05:29.84473396Z
AIPI,REX AI Equity Premium Income ETF,stocks,us,XNAS,ETF,True,usd,BBG01N48YNC5,BBG01N48YPF7,2025-09-30T06:05:29.84473404Z
AIPO,Defiance AI & Power Infrastructure ETF,stocks,us,XNAS,ETF,True,usd,BBG01S2RQNR7,BBG01S2RQPN6,2025-09-30T06:05:29.84473412Z
AIQ,Global X Funds Global X Artificial Intelligence & Technology ETF,stocks,us,XNAS,ETF,True,usd,0001432353,BBG00KX8KG94,BBG00KX8KH01,2025-09-30T06:05:29.844734201Z
AIR,AAR Corp.,stocks,us,XNYS,CS,True,usd,0000001750,BBG000BBGQF1,BBG001S5NJX2,2025-09-30T06:05:29.844734281Z
AIRE,reAlpha Tech Corp. Common Stock,stocks,us,XNAS,CS,True,usd,0001859199,BBG015SL9PD1,BBG015SL9PF9,2025-09-30T06:05:29.844734361Z
AIRG,"Airgain, Inc. Common Stock",stocks,us,XNAS,CS,True,usd,0001272842,BBG0026ZDGG4,BBG0026ZDGH3,2025-09-30T06:05:29.844734441Z
AIRI,Air Industries Group,stocks,us,XASE,CS,True,usd,0001009891,BBG000C8XXR0,BBG001SG3M27,2025-09-30T06:05:29.844734842Z
AIRJ,AirJoule Technologies Corporation Class A Common Stock,stocks,us,XNAS,CS,True,usd,0001855474,BBG014FPNGK5,BBG014FPNHD1,2025-09-30T06:05:29.844734922Z
AIRJW,AirJoule Technologies Corporation Warrant,stocks,us,XNAS,WARRANT,True,usd,0001855474,BBG014XDH6X7,2025-09-30T06:05:29.844735032Z
AIRO,"AIRO Group Holdings, Inc. Common Stock",stocks,us,XNAS,CS,True,usd,0001927958,BBG01FRGW2W5,BBG01FRGW2Z2,2025-09-30T06:05:29.844735112Z
AIRR,First Trust RBA American Industrial Renaissance ETF,stocks,us,XNAS,ETF,True,usd,0001552740,BBG0063G4FW4,BBG0063G4FX3,2025-09-30T06:05:29.844735192Z
AIRS,"AirSculpt Technologies, Inc. Common Stock",stocks,us,XNAS,CS,True,usd,0001870940,BBG012V27C29,BBG012V27CX5,2025-09-30T06:05:29.844735273Z
AIRT,Air T Inc,stocks,us,XNAS,CS,True,usd,0000353184,BBG000BBH316,BBG001S5NJZ0,2025-09-30T06:05:29.844735353Z
AIRTP,"Air T, Inc. Air T Funding Alpha Income Trust Preferred Securities",stocks,us,XNAS,PFD,True,usd,0000353184,2025-09-30T06:05:29.844735433Z
AIS,VistaShares Artificial Intelligence Supercycle ETF,stocks,us,ARCX,ETF,True,usd,0001722388,BBG01R2TJN20,BBG01R2TJP25,2025-09-30T06:05:29.844735513Z
AISP,"Airship AI Holdings, Inc. Class A Common Stock",stocks,us,XNAS,CS,True,usd,0001842566,BBG00ZZNS7C4,BBG00ZZNS7D3,2025-09-30T06:05:29.844735603Z
AISPW,"Airship AI Holdings, Inc. Warrants",stocks,us,XNAS,WARRANT,True,usd,0001842566,BBG010W1PNX6,2025-09-30T06:05:29.844735693Z
AIT,"Applied Industrial Technologies, Inc.",stocks,us,XNYS,CS,True,usd,0000109563,BBG000BBHHP9,BBG001S5NK14,2025-09-30T06:05:29.844735774Z
AIV,Apartment Investment and Management Company,stocks,us,XNYS,CS,True,usd,0000922864,BBG000DD3510,BBG001S876N3,2025-09-30T06:05:29.844735854Z
AIVC,Amplify Bloomberg AI Value Chain ETF,stocks,us,ARCX,ETF,True,usd,0001633061,BBG01L6Y1LR4,BBG01L6Y1ML8,2025-09-30T06:05:29.844735934Z
AIVI,WisdomTree International AI Enhanced Value Fund,stocks,us,ARCX,ETF,True,usd,0001350487,BBG000BT3GK2,BBG001SHL7M6,2025-09-30T06:05:29.844736014Z
AIVL,WisdomTree U.S. AI Enhanced Value Fund,stocks,us,ARCX,ETF,True,usd,0001350487,BBG000BT2NX4,BBG001SHL7F4,2025-09-30T06:05:29.844736094Z
AIXI,XIAO-I Corporation American Depositary Shares,stocks,us,XNAS,ADRC,True,usd,0001935172,BBG01C3DTQ83,BBG01C3DTQ92,2025-09-30T06:05:29.844736345Z
AIYY,YieldMax AI Option Income Strategy ETF,stocks,us,ARCX,ETS,True,usd,0001924868,BBG01K8MLVZ7,BBG01K8MLWY6,2025-09-30T06:05:29.844736425Z
AIZ,"Assurant, Inc.",stocks,us,XNYS,CS,True,usd,0001267238,BBG000BZX1N5,BBG001SD9DW5,2025-09-30T06:05:29.844736545Z
AIZN,"Assurant, Inc. 5.25% Subordinated Notes due 2061",stocks,us,XNYS,SP,True,usd,0001267238,2025-09-30T06:05:29.844736625Z
AJAN,Innovator Equity Defined Protection ETF - 2 Yr to January 2026,stocks,us,BATS,ETF,True,usd,0001415726,BBG01KTTT4N4,BBG01KTTT5K4,2025-09-30T06:05:29.844736715Z
AJG,Arthur J. Gallagher & Co.,stocks,us,XNYS,CS,True,usd,0000354190,BBG000BBHXQ3,BBG001S5NKC2,2025-09-30T06:05:29.844736796Z
AJUL,Innovator Equity Defined Protection ETF - 2 Yr to July 2026,stocks,us,BATS,ETF,True,usd,0001415726,BBG01NJ0PGC1,BBG01NJ0PH66,2025-09-30T06:05:29.844736906Z
AKA,a.k.a. Brands Holding Corp.,stocks,us,XNYS,CS,True,usd,0001865107,BBG0129CWQ14,BBG0129CWQ23,2025-09-30T06:05:29.844736986Z
AKAF,The Frontier Economic Fund,stocks,us,XNYS,ETF,True,usd,BBG01VS3BCZ6,BBG01VS3BF70,2025-09-30T06:05:29.844737066Z
AKAM,Akamai Technologies Inc,stocks,us,XNAS,CS,True,usd,0001086222,BBG000BJQWD2,BBG001S7YHX0,2025-09-30T06:05:29.844737146Z
AKAN,Akanda Corp. Common Shares,stocks,us,XNAS,CS,True,usd,0001888014,BBG013GQ5XT8,BBG013GQ5XV5,2025-09-30T06:05:29.844737226Z
AKBA,"Akebia Therapeutics, Inc.",stocks,us,XNAS,CS,True,usd,0001517022,BBG000R33R00,BBG001T922S9,2025-09-30T06:05:29.844737317Z
AKO.A,Embotelladora Andina S.A. Series A,stocks,us,XNYS,ADRC,True,usd,0000925261,BBG000J82W71,BBG001S9ZDD6,2025-09-30T06:05:29.844737397Z
AKO.B,Embotelladora Andina S.A. Series B,stocks,us,XNYS,ADRC,True,usd,0000925261,BBG000DZ2SW8,BBG001S6T4X7,2025-09-30T06:05:29.844737477Z
AKR,Acadia Realty Trust,stocks,us,XNYS,CS,True,usd,0000899629,BBG000BJGD54,BBG001S7KXT5,2025-09-30T06:05:29.844737617Z
AKRO,"Akero Therapeutics, Inc. Common Stock",stocks,us,XNAS,CS,True,usd,0001744659,BBG00L9211Y8,BBG00L9211Z7,2025-09-30T06:05:29.844737697Z
AKTX,Akari Therapeutics plc ADR (0.01 USD),stocks,us,XNAS,ADRC,True,usd,0001541157,BBG003PMV495,BBG003PMV510,2025-09-30T06:05:29.844738008Z
AL,Air Lease Corporation,stocks,us,XNYS,CS,True,usd,0001487712,BBG000R3NPZ4,BBG001T92VD1,2025-09-30T06:05:29.844738088Z
ALAB,"Astera Labs, Inc. Common Stock",stocks,us,XNAS,CS,True,usd,0001736297,BBG00TDKHW99,BBG00TDKHWK6,2025-09-30T06:05:29.844738188Z
ALAI,Alger AI Enablers & Adopters ETF,stocks,us,ARCX,ETF,True,usd,0001807486,BBG01M13SDZ5,BBG01M13SFT7,2025-09-30T06:05:29.844738268Z
ALAR,Alarum Technologies Ltd. American Depositary Share,stocks,us,XNAS,ADRC,True,usd,0001725332,BBG00GVM3KM9,BBG00GVM3LB9,2025-09-30T06:05:29.844738349Z
ALB,Albemarle Corporation,stocks,us,XNYS,CS,True,usd,0000915913,BBG000BJ26K7,BBG001S7SBP9,2025-09-30T06:05:29.844738429Z
ALBT,Avalon GloboCare Corp. Common Stock,stocks,us,XNAS,CS,True,usd,0001630212,BBG008648HM7,BBG008648HN6,2025-09-30T06:05:29.844738529Z
ALBpA,Albemarle Corporation Depositary Shares each representing a 1/20th interest in a share of 7.25% Series A Mandatory Convertible Preferred Stock,stocks,us,XNYS,SP,True,usd,0000915913,2025-09-30T06:05:29.844738649Z
ALC,Alcon Inc. Ordinary Shares,stocks,us,XNYS,CS,True,usd,0001167379,2025-09-30T06:05:29.844738729Z
ALCO,Alico Inc,stocks,us,XNAS,CS,True,usd,0000003545,BBG000BBJR57,BBG001S5NKW0,2025-09-30T06:05:29.844738809Z
ALCY,Alchemy Investments Acquisition Corp 1 Class A Ordinary Shares,stocks,us,XNAS,CS,True,usd,0001901336,2025-09-30T06:05:29.84473889Z
ALCYU,Alchemy Investments Acquisition Corp 1 Units,stocks,us,XNAS,UNIT,True,usd,0001901336,2025-09-30T06:05:29.84473898Z
ALCYW,Alchemy Investments Acquisition Corp 1 Warrants,stocks,us,XNAS,WARRANT,True,usd,0001901336,2025-09-30T06:05:29.84473906Z
ALDF,Aldel Financial II Inc. Class A Ordinary Shares,stocks,us,XNAS,CS,True,usd,0002031561,2025-09-30T06:05:29.84473914Z
ALDFU,Aldel Financial II Inc. Units,stocks,us,XNAS,UNIT,True,usd,0002031561,2025-09-30T06:05:29.84473922Z
ALDFW,Aldel Financial II Inc. Warrants,stocks,us,XNAS,WARRANT,True,usd,0002031561,2025-09-30T06:05:29.8447393Z
ALDX,"Aldeyra Therapeutics, Inc.",stocks,us,XNAS,CS,True,usd,0001341235,BBG0029H8ZF6,BBG0029H8ZG5,2025-09-30T06:05:29.844739511Z
ALE,"ALLETE, Inc.",stocks,us,XNYS,CS,True,usd,0000066756,BBG000CYW7N5,BBG001S77110,2025-09-30T06:05:29.844739591Z
ALEC,"Alector, Inc. Common Stock",stocks,us,XNAS,CS,True,usd,0001653087,BBG00N0PL198,BBG00N0PL214,2025-09-30T06:05:29.844739691Z
ALEX,"Alexander & Baldwin, Inc.",stocks,us,XNYS,CS,True,usd,0001545654,BBG00HS2GVL8,BBG00HS2GVM7,2025-09-30T06:05:29.844739771Z
ALF,Centurion Acquisition Corp. Class A Ordinary Shares,stocks,us,XNAS,CS,True,usd,0002010930,2025-09-30T06:05:29.844739851Z
ALFUU,Centurion Acquisition Corp. Unit,stocks,us,XNAS,UNIT,True,usd,0002010930,2025-09-30T06:05:29.844739932Z
ALFUW,Centurion Acquisition Corp. Warrant,stocks,us,XNAS,WARRANT,True,usd,0002010930,2025-09-30T06:05:29.844740012Z
ALG,"Alamo Group, Inc.",stocks,us,XNYS,CS,True,usd,0000897077,BBG000BJTZX0,BBG001S7YVC2,2025-09-30T06:05:29.844740092Z
ALGM,"Allegro MicroSystems, Inc. Common Stock",stocks,us,XNAS,CS,True,usd,0000866291,BBG00H5S8391,BBG00H5S83B8,2025-09-30T06:05:29.844740182Z
ALGN,Align Technology Inc,stocks,us,XNAS,CS,True,usd,0001097149,BBG000BRNLL2,BBG001SCF1B9,2025-09-30T06:05:29.844740262Z
ALGS,"Aligos Therapeutics, Inc. Common Stock",stocks,us,XNAS,CS,True,usd,0001799448,BBG00QX7QH68,BBG00QX7QH77,2025-09-30T06:05:29.844740342Z
ALGT,Allegiant Travel Company,stocks,us,XNAS,CS,True,usd,0001362468,BBG000LJS6B8,BBG001SQ25S5,2025-09-30T06:05:29.844740422Z
ALHC,"Alignment Healthcare, Inc. Common Stock",stocks,us,XNAS,CS,True,usd,0001832466,BBG00ZJ0DSR6,BBG00ZJ0DSS5,2025-09-30T06:05:29.844740503Z
ALIL,Argent Focused Small Cap ETF,stocks,us,XNAS,ETF,True,usd,BBG01TCJ00K7,BBG01TCJ01G0,2025-09-30T06:05:29.844740583Z
ALIT,"Alight, Inc.",stocks,us,XNYS,CS,True,usd,0001809104,BBG00H00J2N1,BBG00H00J2Q8,2025-09-30T06:05:29.844740663Z
ALK,"Alaska Air Group, Inc.",stocks,us,XNYS,CS,True,usd,0000766421,BBG000BBL0Y1,BBG001S5NLG6,2025-09-30T06:05:29.844740753Z
ALKS,Alkermes Inc. plc,stocks,us,XNAS,CS,True,usd,0001520262,2025-09-30T06:05:29.844741064Z
ALKT,"Alkami Technology, Inc. Common Stock",stocks,us,XNAS,CS,True,usd,0001529274,BBG005HTCT54,BBG005HTCT63,2025-09-30T06:05:29.844741254Z
ALL,The Allstate Corporation,stocks,us,XNYS,CS,True,usd,0000899051,BBG000BVMGF2,BBG001S9BM06,2025-09-30T06:05:29.844741334Z
ALLE,Allegion Public Limited Company,stocks,us,XNYS,CS,True,usd,0001579241,2025-09-30T06:05:29.844741464Z
ALLO,"Allogene Therapeutics, Inc. Common Stock",stocks,us,XNAS,CS,True,usd,0001737287,BBG00KHRRDX3,BBG00KHRRDY2,2025-09-30T06:05:29.844741675Z
ALLR,"Allarity Therapeutics, Inc. Common Stock",stocks,us,XNAS,CS,True,usd,0001860657,BBG012NXCZP8,BBG012NXCZQ7,2025-09-30T06:05:29.844741885Z
A,Agilent Technologies Inc.,stocks,us,XNYS,CS,True,usd,0001090872,BBG000C2V3D6,BBG001SCTQY4,2025-09-30T06:05:29.844698933Z
AA,Alcoa Corporation,stocks,us,XNYS,CS,True,usd,0001675149,BBG00B3T3HD3,BBG00B3T3HF1,2025-09-30T06:05:29.844699555Z
AAA,Alternative Access First Priority CLO Bond ETF,stocks,us,ARCX,ETF,True,usd,0001776878,BBG01B0JRCS6,BBG01B0JRCT5,2025-09-30T06:05:29.844699755Z
AAAA,Amplius Aggressive Asset Allocation ETF,stocks,us,BATS,ETF,True,usd,BBG01W275XX6,BBG01W275ZB5,2025-09-30T06:05:29.844699835Z
AAAU,Goldman Sachs Physical Gold ETF Shares,stocks,us,BATS,ETF,True,usd,0001708646,BBG00LPXX872,BBG00LPXX8Z1,2025-09-30T06:05:29.844699945Z
AACB,Artius II Acquisition Inc. Class A Ordinary Shares,stocks,us,XNAS,CS,True,usd,0002034334,2025-09-30T06:05:29.844700025Z
AACBR,Artius II Acquisition Inc. Rights,stocks,us,XNAS,RIGHT,True,usd,0002034334,2025-09-30T06:05:29.844700106Z
AACBU,Artius II Acquisition Inc. Units,stocks,us,XNAS,UNIT,True,usd,0002034334,2025-09-30T06:05:29.844700186Z
AACG,ATA Creativity Global American Depositary Shares,stocks,us,XNAS,ADRC,True,usd,0001420529,BBG000V2S3P6,BBG001T125S9,2025-09-30T06:05:29.844700366Z
AACI,Armada Acquisition Corp. II Class A Ordinary Shares,stocks,us,XNAS,CS,True,usd,0002044009,2025-09-30T06:05:29.844700456Z
AACIU,Armada Acquisition Corp. II Units,stocks,us,XNAS,UNIT,True,usd,0002044009,2025-09-30T06:05:29.844700807Z
AACIW,Armada Acquisition Corp. II Warrant,stocks,us,XNAS,WARRANT,True,usd,0002044009,2025-09-30T06:05:29.844700897Z
AADR,AdvisorShares Dorsey Wright ADR ETF,stocks,us,XNAS,ETF,True,usd,0001408970,BBG000BDYRW6,BBG001T9B1Y4,2025-09-30T06:05:29.844701017Z
AAL,American Airlines Group Inc.,stocks,us,XNAS,CS,True,usd,0000006201,BBG005P7Q881,BBG005P7Q907,2025-09-30T06:05:29.844701097Z
AALG,Leverage Shares 2X Long AAL Daily ETF,stocks,us,XNAS,ETF,True,usd,0001976322,BBG01VH49P35,BBG01VH49Q06,2025-09-30T06:05:29.844701178Z
AAM,AA Mission Acquisition Corp.,stocks,us,XNYS,CS,True,usd,0002012964,2025-09-30T06:05:29.844701258Z
AAM.U,"AA Mission Acquisition Corp. Units, each consisting of one Class A Ordinary Share and one-half of one redeemable warrant",stocks,us,XNYS,UNIT,True,usd,0002012964,2025-09-30T06:05:29.844701338Z
AAM.WS,"AA Mission Acquisition Corp. Warrants, each whole warrant entitles the holder to purchase one Class A ordinary share at a price of $11.50 per share",stocks,us,XNYS,WARRANT,True,usd,0002012964,2025-09-30T06:05:29.844701418Z
AAME,Atlantic American Corp,stocks,us,XNAS,CS,True,usd,0000008177,BBG000B9XB24,BBG001S5N8T1,2025-09-30T06:05:29.844701508Z
AAMI,Acadian Asset Management Inc.,stocks,us,XNYS,CS,True,usd,0001748824,BBG00P2HLNY3,BBG00P2HLNZ2,2025-09-30T06:05:29.844701588Z
AAOI,"Applied Optoelectronics, Inc.",stocks,us,XNAS,CS,True,usd,0001158114,BBG000D6VW15,BBG001SG47G4,2025-09-30T06:05:29.844701669Z
AAON,Aaon Inc,stocks,us,XNAS,CS,True,usd,0000824142,BBG000C2LZP3,BBG001S6CZK0,2025-09-30T06:05:29.844701749Z
AAP,ADVANCE AUTO PARTS INC,stocks,us,XNYS,CS,True,usd,0001158449,BBG000F7RCJ1,BBG001SD2SB2,2025-09-30T06:05:29.844701829Z
AAPB,GraniteShares ETF Trust GraniteShares 2x Long AAPL Daily ETF,stocks,us,XNAS,ETF,True,usd,0001689873,BBG0193F21N2,BBG0193F22H7,2025-09-30T06:05:29.844701909Z
AAPD,Direxion Daily AAPL Bear 1X Shares,stocks,us,XNAS,ETF,True,usd,BBG0193YGJ57,BBG0193YGK09,2025-09-30T06:05:29.844701989Z
AAPG,Ascentage Pharma Group International American Depository Shares,stocks,us,XNAS,ADRC,True,usd,0002023311,BBG01RJXM9C9,BBG01RJXMB89,2025-09-30T06:05:29.844702079Z
AAPL,Apple Inc.,stocks,us,XNAS,CS,True,usd,0000320193,BBG000B9XRY4,BBG001S5N8V8,2025-09-30T06:05:29.84470244Z
AAPR,Innovator Equity Defined Protection ETF - 2 Yr to April 2026,stocks,us,BATS,ETF,True,usd,0001415726,BBG01M698CQ1,BBG01M698DK5,2025-09-30T06:05:29.84470253Z
AAPU,Direxion Shares ETF Trust Direxion Daily AAPL Bull 2X Shares,stocks,us,XNAS,ETF,True,usd,BBG0193YBZ92,BBG0193YC043,2025-09-30T06:05:29.84470264Z
AAPW,Roundhill AAPL WeeklyPay ETF,stocks,us,BATS,ETF,True,usd,BBG01SCFVRC3,BBG01SCFVS86,2025-09-30T06:05:29.844702721Z
AAPX,T-Rex 2X Long Apple Daily Target ETF,stocks,us,BATS,ETF,True,usd,BBG01KY72SD3,BBG01KY72T78,2025-09-30T06:05:29.844702801Z
AAPY,Kurv Yield Premium Strategy Apple (AAPL) ETF,stocks,us,BATS,ETF,True,usd,0001848758,BBG01QY0GMH9,BBG01QY0GNH7,2025-09-30T06:05:29.844702881Z
AARD,"Aardvark Therapeutics, Inc. Common Stock",stocks,us,XNAS,CS,True,usd,0001774857,BBG01223DLB2,BBG01223DLC1,2025-09-30T06:05:29.844702961Z
AAT,"AMERICAN ASSETS TRUST, INC.",stocks,us,XNYS,CS,True,usd,0001500217,BBG00161BCR0,BBG001TCBJS5,2025-09-30T06:05:29.844703041Z
AAUC,Allied Gold Corporation,stocks,us,XNYS,CS,True,usd,0001993344,BBG01K0WWT59,BBG01J3PPZ58,2025-09-30T06:05:29.844703502Z
AAUS,Alpha Architect US Equity ETF,stocks,us,XNAS,ETF,True,usd,BBG01W26H9C1,BBG01W26HBL6,2025-09-30T06:05:29.844703582Z
AAVM,EA Series Trust Alpha Architect Global Factor Equity ETF,stocks,us,XNAS,ETF,True,usd,BBG00GM1DQV1,BBG00GM1DRK1,2025-09-30T06:05:29.844703672Z
AAXJ,iShares MSCI All Country Asia ex Japan ETF,stocks,us,XNAS,ETF,True,usd,0001100663,BBG000G6GXC5,BBG001T2V2D8,2025-09-30T06:05:29.844703753Z
AB,"AllianceBernstein Holding, L.P.",stocks,us,XNYS,CS,True,usd,0000825313,BBG000B9WM03,BBG001S5N9S0,2025-09-30T06:05:29.844703843Z
ABAT,American Battery Technology Company Common Stock,stocks,us,XNAS,CS,True,usd,0001576873,BBG004M1KJN5,BBG004M1KJP3,2025-09-30T06:05:29.844703923Z
ABBV,ABBVIE INC.,stocks,us,XNYS,CS,True,usd,0001551152,BBG0025Y4RY4,BBG0025Y4RZ3,2025-09-30T06:05:29.844704003Z
ABCB,Ameris Bancorp,stocks,us,XNYS,CS,True,usd,0000351569,BBG000CDY3H5,BBG001S80PX7,2025-09-30T06:05:29.844704083Z
ABCL,AbCellera Biologics Inc. Common Shares,stocks,us,XNAS,CS,True,usd,0001703057,BBG00LLW2MF2,BBG00LLW2MH0,2025-09-30T06:05:29.844704444Z
ABCS,Alpha Blue Capital US Small-Mid Cap Dynamic ETF,stocks,us,XNAS,ETF,True,usd,BBG01KMFQRF2,BBG01KMFQS88,2025-09-30T06:05:29.844704524Z
ABEO,Abeona Therapeutics Inc. Common Stock,stocks,us,XNAS,CS,True,usd,0000318306,BBG000DT5D52,BBG001S8T7K0,2025-09-30T06:05:29.844704664Z
ABEQ,Absolute Select Value ETF,stocks,us,ARCX,ETF,True,usd,0001199046,BBG00RHHGQY2,BBG00RHHGRP0,2025-09-30T06:05:29.844704754Z
ABEV,AMBEV S.A.,stocks,us,XNYS,ADRC,True,usd,0001565025,BBG000BN5VZ4,BBG005KLVT74,2025-09-30T06:05:29.844704835Z
ABFL,Abacus FCF Leaders ETF,stocks,us,BATS,ETF,True,usd,BBG00DW3P010,BBG00DW3P029,2025-09-30T06:05:29.844704915Z
ABG,"Asbury Automotive Group, Inc.",stocks,us,XNYS,CS,True,usd,0001144980,BBG000BKDWB5,BBG001S9B5H5,2025-09-30T06:05:29.844704995Z
ABI,VictoryShares Pioneer Asset-Based Income ETF,stocks,us,XNAS,ETF,True,usd,BBG01VCKWDB6,BBG01VCKWFN8,2025-09-30T06:05:29.844705075Z
ABIG,Argent Large Cap ETF,stocks,us,XNAS,ETF,True,usd,BBG01TCJ3701,BBG01TCJ37Z3,2025-09-30T06:05:29.844705456Z
ABL,"Abacus Global Management, Inc. Class A Common Stock",stocks,us,XNAS,CS,True,usd,0001814287,BBG00VY1KB95,BBG00VY1KBC1,2025-09-30T06:05:29.844705536Z
ABLD,Abacus FCF Real Assets Leaders ETF,stocks,us,BATS,ETF,True,usd,BBG0141PBK24,BBG0141PBL04,2025-09-30T06:05:29.844705616Z
ABLG,Abacus FCF International Leaders ETF,stocks,us,BATS,ETF,True,usd,BBG00H1J5D96,BBG00H1J5FN5,2025-09-30T06:05:29.844705696Z
ABLLL,"Abacus Global Management, Inc. 9.875% Fixed Rate Senior Notes due 2028",stocks,us,XNAS,CS,True,usd,0001814287,2025-09-30T06:05:29.844705776Z
ABLS,Abacus FCF Small Cap Leaders ETF,stocks,us,BATS,ETF,True,usd,BBG01SCGBTV8,BBG01SCGBVT6,2025-09-30T06:05:29.844705867Z
ABLV,Able View Global Inc. Class B Ordinary Shares,stocks,us,XNAS,CS,True,usd,0001957489,2025-09-30T06:05:29.844705947Z
ABLVW,Able View Global Inc. Warrant,stocks,us,XNAS,WARRANT,True,usd,0001957489,2025-09-30T06:05:29.844706027Z
ABM,"ABM Industries, Inc.",stocks,us,XNYS,CS,True,usd,0000771497,BBG000B9YYH7,BBG001S5N9B8,2025-09-30T06:05:29.844706357Z
ABNB,"Airbnb, Inc. Class A Common Stock",stocks,us,XNAS,CS,True,usd,0001559720,BBG001Y2XS07,BBG001Y2XS16,2025-09-30T06:05:29.844706438Z
ABNY,YieldMax ABNB Option Income Strategy ETF,stocks,us,ARCX,ETS,True,usd,BBG01JHFMD75,BBG01JHFMF34,2025-09-30T06:05:29.844706558Z
ABOS,"Acumen Pharmaceuticals, Inc. Common Stock",stocks,us,XNAS,CS,True,usd,0001576885,BBG0058YJ317,BBG0058YJ326,2025-09-30T06:05:29.844706638Z
ABOT,Abacus FCF Innovation Leaders ETF,stocks,us,BATS,ETF,True,usd,BBG00YC69CJ2,BBG00YC69DC7,2025-09-30T06:05:29.844706718Z
ABP,"Abpro Holdings, Inc Common Stock",stocks,us,XNAS,CS,True,usd,0001893219,BBG013X0S7F3,BBG013X0S889,2025-09-30T06:05:29.844706808Z
ABPWW,"Abpro Holdings, Inc. Warrant",stocks,us,XNAS,WARRANT,True,usd,BBG0142NHSW2,2025-09-30T06:05:29.844706889Z
ABR,"Arbor Realty Trust, Inc.",stocks,us,XNYS,CS,True,usd,0001253986,BBG000KMVDV1,BBG001SJP3G4,2025-09-30T06:05:29.844706969Z
ABRpD,"Arbor Realty Trust, Inc. 6.375% Series D Cumulative Redeemable Preferred Stock, Liquidation Preference $25.00 per Share",stocks,us,XNYS,PFD,True,usd,0001253986,2025-09-30T06:05:29.844707049Z
ABRpE,"Arbor Realty Trust, Inc. 6.25% Series E Cumulative Redeemable Preferred Stock",stocks,us,XNYS,PFD,True,usd,0001253986,2025-09-30T06:05:29.844707139Z
ABRpF,"Arbor Realty Trust, Inc. 6.25% Series F Fixed-to-Floating Rate Cumulative Redeemable Preferred Stock, Liquidation Preference $25.00 per share",stocks,us,XNYS,PFD,True,usd,0001253986,2025-09-30T06:05:29.844707219Z
ABSI,Absci Corporation Common Stock,stocks,us,XNAS,CS,True,usd,0001672688,BBG011N54CJ8,BBG011N54DC3,2025-09-30T06:05:29.844707299Z
ABT,Abbott Laboratories,stocks,us,XNYS,CS,True,usd,0000001800,BBG000B9ZXB4,BBG001S5N9M6,2025-09-30T06:05:29.844707379Z
ABTC,American Bitcoin Corp. Class A Common Stock,stocks,us,XNAS,CS,True,usd,0001755953,BBG00MS8GZP1,BBG00MS8GZQ0,2025-09-30T06:05:29.84470746Z
ABTS,Abits Group Inc Ordinary Shares,stocks,us,XNAS,CS,True,usd,0001864055,2025-09-30T06:05:29.84470754Z
ABUS,Arbutus Biopharma Corporation Common Stock,stocks,us,XNAS,CS,True,usd,0001447028,BBG000RR8V85,BBG001S6RSK0,2025-09-30T06:05:29.84470762Z
ABVC,"ABVC BioPharma, Inc. Common Stock",stocks,us,XNAS,CS,True,usd,0001173313,BBG000Q844Z2,BBG001SMCS49,2025-09-30T06:05:29.844707991Z
ABVE,Above Food Ingredients Inc. Common Stock,stocks,us,XNAS,CS,True,usd,0001979484,BBG01NGG37N1,BBG01NGG37P9,2025-09-30T06:05:29.844708071Z
ABVEW,Above Food Ingredients Inc. Warrants,stocks,us,XNAS,WARRANT,True,usd,0001979484,BBG01NKYQFV5,2025-09-30T06:05:29.844708201Z
ABVX,Abivax SA American Depositary Shares,stocks,us,XNAS,ADRC,True,usd,0001956827,BBG01JLQNZ03,BBG01JLQNZV9,2025-09-30T06:05:29.844708281Z
ABXB,Abacus Flexible Bond Leaders ETF,stocks,us,BATS,ETF,True,usd,BBG00YC5ZT62,BBG00YC5ZV49,2025-09-30T06:05:29.844708391Z
ACA,"Arcosa, Inc. Common Stock",stocks,us,XNYS,CS,True,usd,0001739445,BBG00JGMWFM9,BBG00JGMWGB9,2025-09-30T06:05:29.844708482Z
ACAD,Acadia Pharmaceuticals Inc.,stocks,us,XNAS,CS,True,usd,0001070494,BBG000BHG9K0,BBG001SB06N3,2025-09-30T06:05:29.844708562Z
ACB,Aurora Cannabis Inc. Common Shares,stocks,us,XNAS,CS,True,usd,0001683541,BBG006SCSYG7,BBG001SV77D1,2025-09-30T06:05:29.844708652Z
ACCO,Acco Brands Corporation,stocks,us,XNYS,CS,True,usd,0000712034,BBG000J06K07,BBG001SPBTK3,2025-09-30T06:05:29.844708732Z
ACCS,ACCESS Newswire Inc.,stocks,us,XASE,CS,True,usd,0000843006,BBG000C1CK87,BBG001S67C09,2025-09-30T06:05:29.844708812Z
ACDC,ProFrac Holding Corp. Class A Common Stock,stocks,us,XNAS,CS,True,usd,0001881487,BBG013PRYPJ2,BBG013PRYQC7,2025-09-30T06:05:29.844708892Z
ACEI,Innovator Equity Autocallable Income Strategy ETF,stocks,us,ARCX,ETF,True,usd,0001415726,BBG01XK51Q67,BBG01XK51R47,2025-09-30T06:05:29.844708983Z
ACEL,"Accel Entertainment, Inc.",stocks,us,XNYS,CS,True,usd,0001698991,BBG00GX221W3,BBG00GX221Z0,2025-09-30T06:05:29.844709063Z
ACES,ALPS Clean Energy ETF,stocks,us,ARCX,ETF,True,usd,0001414040,BBG00L99FCT0,BBG00L99FDK7,2025-09-30T06:05:29.844709143Z
ACET,"Adicet Bio, Inc. Common Stock",stocks,us,XNAS,CS,True,usd,0001720580,BBG00JCXSJP3,BBG00JCXSJQ2,2025-09-30T06:05:29.844709223Z
ACFN,"Acorn Energy, Inc. Common Stock",stocks,us,XNAS,CS,True,usd,0000880984,BBG000CMY866,BBG001S6ZZ25,2025-09-30T06:05:29.844709303Z
ACGL,Arch Capital Group Ltd,stocks,us,XNAS,CS,True,usd,0000947484,2025-09-30T06:05:29.844709644Z
ACGLN,"Arch Capital Group Ltd. Depositary Shares, each Representing a 1/1,000th Interest in a 4.550% Non-Cumulative Preferred Share, Series G",stocks,us,XNAS,CS,True,usd,0000947484,2025-09-30T06:05:29.844709724Z
ACGLO,"Arch Capital Group Ltd. Depositary Shares Each Representing 1/1,000th Interest in a Share of 5.45% Non-Cumulative Preferred Shares, Series F",stocks,us,XNAS,PFD,True,usd,0000947484,2025-09-30T06:05:29.844709864Z
ACGR,American Century Large Cap Growth ETF,stocks,us,ARCX,ETF,True,usd,0001481714,BBG011MFL031,BBG011MFL0Y7,2025-09-30T06:05:29.844709944Z
ACHC,"Acadia Healthcare Company, Inc.",stocks,us,XNAS,CS,True,usd,0001520697,BBG000FPNN38,BBG001SNNWL7,2025-09-30T06:05:29.844710024Z
ACHR,Archer Aviation Inc.,stocks,us,XNYS,CS,True,usd,0001824502,BBG00XRTC910,BBG00XRTC929,2025-09-30T06:05:29.844710105Z
ACHR.WS,"Archer Aviation Inc. Redeemable Warrants, each whole warrant exercisable for one Class A common stock at an exercise price of $11.50",stocks,us,XNYS,WARRANT,True,usd,0001824502,BBG00YGCV1N9,2025-09-30T06:05:29.844710195Z
ACHV,"Achieve Life Sciences, Inc.",stocks,us,XNAS,CS,True,usd,0000949858,BBG000FB8S62,BBG001S8JF14,2025-09-30T06:05:29.844710275Z
ACI,"Albertsons Companies, Inc.",stocks,us,XNYS,CS,True,usd,0001646972,BBG009KG1750,BBG009KG1741,2025-09-30T06:05:29.844710355Z
ACIC,American Coastal Insurance Corporation Common Stock,stocks,us,XNAS,CS,True,usd,0001401521,BBG000TKFJQ7,BBG001T09W05,2025-09-30T06:05:29.844710445Z
ACII,Innovator Index Autocallable Income Strategy ETF,stocks,us,ARCX,ETF,True,usd,0001838614,BBG01XK52JX2,BBG01XK52KW0,2025-09-30T06:05:29.844710525Z
ACIO,Aptus Collared Investment Opportunity ETF,stocks,us,BATS,ETF,True,usd,0001539639,BBG00PNSDFF3,BBG00PNSDG52,2025-09-30T06:05:29.844710606Z
ACIU,AC Immune SA,stocks,us,XNAS,CS,True,usd,0001651625,2025-09-30T06:05:29.844710686Z
ACIW,"ACI Worldwide, Inc.",stocks,us,XNAS,CS,True,usd,0000935036,BBG000PMBV39,BBG001S9KLL5,2025-09-30T06:05:29.844710766Z
ACKY,VistaShares Target 15 ACKtivist Distribution ETF,stocks,us,ARCX,ETF,True,usd,0001722388,BBG01WHYZLL7,BBG01WHYZMG1,2025-09-30T06:05:29.844710846Z
ACLC,American Century Large Cap Equity ETF,stocks,us,ARCX,ETF,True,usd,0001481714,BBG00W0JV9Q5,BBG00W0JVBH0,2025-09-30T06:05:29.844710936Z
ACLO,TCW AAA CLO ETF,stocks,us,XNYS,ETF,True,usd,0001831313,BBG01QPVFLN7,BBG01QPVFMJ0,2025-09-30T06:05:29.844711237Z
ACLS,Axcelis Technologies Inc,stocks,us,XNAS,CS,True,usd,0001113232,BBG000DW34S2,BBG001SF8W86,2025-09-30T06:05:29.844711317Z
ACLX,"Arcellx, Inc. Common Stock",stocks,us,XNAS,CS,True,usd,0001786205,BBG00QHJM4S9,BBG00QHJM4W4,2025-09-30T06:05:29.844711447Z
ACM,Aecom,stocks,us,XNYS,CS,True,usd,0000868857,BBG000F61RJ8,BBG001SKTTF1,2025-09-30T06:05:29.844711537Z
ACMR,"ACM Research, Inc. Class A Common Stock",stocks,us,XNAS,CS,True,usd,0001680062,BBG00HPSG933,BBG00HPSG942,2025-09-30T06:05:29.844711618Z
ACN,Accenture PLC,stocks,us,XNYS,CS,True,usd,0001467373,2025-09-30T06:05:29.844711698Z
ACNB,ACNB Corp,stocks,us,XNAS,CS,True,usd,0000715579,BBG000BJ2LY9,BBG001S6CVZ3,2025-09-30T06:05:29.844711778Z
ACNT,Ascent Industries Co. Common Stock,stocks,us,XNAS,CS,True,usd,0000095953,BBG000CLRHW7,BBG001S6Z1R3,2025-09-30T06:05:29.844711858Z
ACOG,Alpha Cognition Inc. Common Stock,stocks,us,XNAS,CS,True,usd,0001655923,BBG011CJPRD0,BBG00L7TXNM1,2025-09-30T06:05:29.844711938Z
ACON,"Aclarion, Inc. Common Stock",stocks,us,XNAS,CS,True,usd,0001635077,BBG014FBN4K3,BBG014FBN5N7,2025-09-30T06:05:29.844712018Z
ACONW,"Aclarion, Inc. Warrant",stocks,us,XNAS,WARRANT,True,usd,0001635077,BBG016Z2HS66,2025-09-30T06:05:29.844712108Z
ACP,abrdn Income Credit Strategies Fund,stocks,us,XNYS,FUND,True,usd,0001503290,BBG0017VSC04,BBG001TCSLH4,2025-09-30T06:05:29.844712219Z
ACPpA,abrdn Income Credit Strategies Fund  5.250% Series A Perpetual Preferred Stock,stocks,us,XNYS,PFD,True,usd,0001503290,2025-09-30T06:05:29.844712319Z
ACR,ACRES Commercial Realty Corp.,stocks,us,XNYS,CS,True,usd,0001332551,BBG000HK4RX6,BBG001SP6Y91,2025-09-30T06:05:29.844712419Z
ACRE,Ares Commercial Real Estate Corporation,stocks,us,XNYS,CS,True,usd,0001529377,BBG0022MMQB0,BBG0022MMR46,2025-09-30T06:05:29.844712529Z
ACRS,"Aclaris Therapeutics, Inc.",stocks,us,XNAS,CS,True,usd,0001557746,BBG003LF0QR9,BBG003LF0QS8,2025-09-30T06:05:29.8447129Z
ACRV,"Acrivon Therapeutics, Inc. Common Stock",stocks,us,XNAS,CS,True,usd,0001781174,BBG011RWR2Q4,BBG011RWR2R3,2025-09-30T06:05:29.844713Z
ACRpC,"ACRES Commercial Realty Corp. 8.625% Fixed-to-Floating Series C Cumulative Redeemable Preferred Stock, par value $0.001 per share",stocks,us,XNYS,PFD,True,usd,0001332551,2025-09-30T06:05:29.84471313Z
ACRpD,ACRES Commercial Realty Corp. 7.875% Series D Cumulative Redeemable Preferred Stock,stocks,us,XNYS,PFD,True,usd,0001332551,2025-09-30T06:05:29.844713231Z
ACSI,American Customer Satisfaction ETF,stocks,us,BATS,ETF,True,usd,0001387131,BBG00F40VFY6,BBG00F40VGP4,2025-09-30T06:05:29.844713451Z
ACT,"Enact Holdings, Inc. Common Stock",stocks,us,XNAS,CS,True,usd,0001823529,BBG00WSNP4R3,BBG00WSNP4S2,2025-09-30T06:05:29.844713561Z
ACTG,Acacia Research Corporation,stocks,us,XNAS,CS,True,usd,0000934549,BBG000KF9J02,BBG001SJLJT9,2025-09-30T06:05:29.844713651Z
ACTU,"Actuate Therapeutics, Inc. Common stock",stocks,us,XNAS,CS,True,usd,0001652935,BBG00NK7LK03,BBG00NK7LK12,2025-09-30T06:05:29.844713732Z
ACTV,LeaderShares Activist Leaders ETF,stocks,us,ARCX,ETF,True,usd,0001552947,BBG00Y002P42,BBG00Y002QG7,2025-09-30T06:05:29.844713822Z
ACU,Acme United Corporation,stocks,us,XASE,CS,True,usd,0000002098,BBG000BB3LM8,BBG001S5NCC0,2025-09-30T06:05:29.844714022Z
ACV,Virtus Diversified Income & Convertible Fund,stocks,us,XNYS,FUND,True,usd,0001636289,BBG008HMBD22,BBG008HMBD31,2025-09-30T06:05:29.844714102Z
ACVA,ACV Auctions Inc.,stocks,us,XNYS,CS,True,usd,0001637873,BBG00G5JGQ66,BBG00G5JGQ75,2025-09-30T06:05:29.844714222Z
ACVF,American Conservative Values ETF,stocks,us,ARCX,ETF,True,usd,BBG00Y04Q9T7,BBG00Y04QBN8,2025-09-30T06:05:29.844714303Z
ACVT,Advent Convertible Bond ETF,stocks,us,ARCX,ETF,True,usd,BBG01TQ0YGP6,BBG01TQ0YHK9,2025-09-30T06:05:29.844714383Z
ACWI,iShares MSCI ACWI ETF,stocks,us,XNAS,ETF,True,usd,0001100663,BBG000TH6VB3,BBG001S56QV7,2025-09-30T06:05:29.844714473Z
ACWV,iShares MSCI Global Min Vol Factor ETF,stocks,us,BATS,ETF,True,usd,0001100663,BBG0025X38X0,BBG0025X39Q6,2025-09-30T06:05:29.844714573Z
ACWX,iShares MSCI ACWI ex US ETF,stocks,us,XNAS,ETF,True,usd,0001100663,BBG000TH7DF8,BBG001S56R18,2025-09-30T06:05:29.844714653Z
ACXP,"Acurx Pharmaceuticals, Inc. Common Stock",stocks,us,XNAS,CS,True,usd,0001736243,BBG01184DNJ4,BBG01184DNK2,2025-09-30T06:05:29.844714874Z
AD,"Array Digital Infrastructure, Inc.",stocks,us,XNYS,CS,True,usd,0000821130,BBG000BW6P59,BBG001S5X446,2025-09-30T06:05:29.844714954Z
ADAG,Adagene Inc. American Depositary Shares,stocks,us,XNAS,ADRC,True,usd,0001818838,BBG00YZ6BYJ6,BBG00YZ6BZC0,2025-09-30T06:05:29.844715084Z
ADAM,"Adamas Trust, Inc. Common Stock",stocks,us,XNAS,CS,True,usd,0001273685,BBG000GZ8014,BBG001SHHBR7,2025-09-30T06:05:29.844715164Z
ADAMG,"Adamas Trust, Inc. 9.125% Senior Notes Due 2030",stocks,us,XNAS,CS,True,usd,0001273685,2025-09-30T06:05:29.844715244Z
ADAMH,"Adamas Trust, Inc. 9.875% Senior Notes Due 2030",stocks,us,XNAS,CS,True,usd,0001273685,2025-09-30T06:05:29.844715325Z
ADAMI,"Adamas Trust, Inc. 9.125% Senior Notes Due 2029",stocks,us,XNAS,CS,True,usd,0001273685,2025-09-30T06:05:29.844715515Z
ADAML,"Adamas Trust, Inc. 6.875% Series F Fixed-to-Floating Rate Cumulative Redeemable Preferred Stock, $0.01 par value per share",stocks,us,XNAS,CS,True,usd,0001273685,2025-09-30T06:05:29.844715595Z
ADAMM,"Adamas Trust, Inc. 7.875% Series E Fixed-to-Floating Rate Cumulative Redeemable Preferred Stock",stocks,us,XNAS,PFD,True,usd,0001273685,2025-09-30T06:05:29.844715675Z
ADAMN,"Adamas Trust, Inc. 8.00% Series D Fixed-to-Floating Rate Cumulative Redeemable Preferred Stock",stocks,us,XNAS,PFD,True,usd,0001273685,2025-09-30T06:05:29.844715755Z
ADAMZ,"Adamas Trust, Inc. 7.000% Series G Cumulative Redeemable Preferred Stock, $0.01 par value per share",stocks,us,XNAS,CS,True,usd,0001273685,2025-09-30T06:05:29.844715836Z
ADAP,Adaptimmune Therapeutics plc American Depositary Shares,stocks,us,XNAS,ADRC,True,usd,0001621227,BBG008G65WC2,BBG008G65WD1,2025-09-30T06:05:29.844715916Z
ADBE,Adobe Inc.,stocks,us,XNAS,CS,True,usd,0000796343,BBG000BB5006,BBG001S5NCQ5,2025-09-30T06:05:29.844715996Z
ADBG,Leverage Shares 2X Long ADBE Daily ETF,stocks,us,XNAS,ETF,True,usd,0001976322,BBG01SWP6HM8,BBG01SWP6JH0,2025-09-30T06:05:29.844716076Z
ADC,Agree Realty Corporation,stocks,us,XNYS,CS,True,usd,0000917251,BBG000BC9DK0,BBG001S6RY81,2025-09-30T06:05:29.844716166Z
ADCT,ADC Therapeutics SA,stocks,us,XNYS,CS,True,usd,0001771910,2025-09-30T06:05:29.844716256Z
ADCpA,"Agree Realty Corporation Depositary Shares, each representing 1/1,000th of a 4.250% Series A Cumulative Redeemable Preferred Stock",stocks,us,XNYS,PFD,True,usd,0000917251,2025-09-30T06:05:29.844716457Z
ADEA,Adeia Inc. Common Stock,stocks,us,XNAS,CS,True,usd,0001803696,BBG00RBFBL50,BBG00RBFBL78,2025-09-30T06:05:29.844716637Z
ADFI,Anfield Dynamic Fixed Income ETF,stocks,us,BATS,ETF,True,usd,0001552947,BBG00WRFGTJ5,BBG00WRFGV91,2025-09-30T06:05:29.844716717Z
ADGM,"Adagio Medical Holdings, Inc Common Stock",stocks,us,XNAS,CS,True,usd,0002006986,BBG01P202S42,BBG01P202S60,2025-09-30T06:05:29.844716827Z
ADI,"Analog Devices, Inc.",stocks,us,XNAS,CS,True,usd,0000006281,BBG000BB6G37,BBG001S5ND38,2025-09-30T06:05:29.844716908Z
ADIL,"Adial Pharmaceuticals, Inc",stocks,us,XNAS,CS,True,usd,0001513525,BBG00HNGDTR4,BBG00HNGDTS3,2025-09-30T06:05:29.844716988Z
ADIV,SmartETFs Asia Pacific Dividend Builder ETF,stocks,us,ARCX,ETF,True,usd,BBG00ZV17TH6,BBG00ZV17VD5,2025-09-30T06:05:29.844717068Z
ADM,Archer Daniels Midland Company,stocks,us,XNYS,CS,True,usd,0000007084,BBG000BB6WG8,BBG001S5ND74,2025-09-30T06:05:29.844717158Z
ADMA,"ADMA Biologics, Inc.",stocks,us,XNAS,CS,True,usd,0001368514,BBG002NCK5M5,BBG002NCK5N4,2025-09-30T06:05:29.844717238Z
ADME,Aptus Behavioral Momentum ETF,stocks,us,BATS,ETF,True,usd,0001539639,BBG00D20HG22,BBG00D20HG31,2025-09-30T06:05:29.844717318Z
ADN,"Advent Technologies Holdings, Inc. Class A Common Stock",stocks,us,XNAS,CS,True,usd,0001744494,BBG00MDV8X34,BBG00MDV8XV3,2025-09-30T06:05:29.844717399Z
ADNT,Adient plc Ordinary Shares,stocks,us,XNYS,CS,True,usd,0001670541,2025-09-30T06:05:29.844717479Z
ADNWW,"Advent Technologies Holdings, Inc. Warrant",stocks,us,XNAS,WARRANT,True,usd,0001744494,BBG00MVVPD93,2025-09-30T06:05:29.844717559Z
ADP,Automatic Data Processing,stocks,us,XNAS,CS,True,usd,0000008670,BBG000JG0547,BBG001S82KF6,2025-09-30T06:05:29.844717639Z
ADPT,Adaptive Biotechnologies Corporation Common Stock,stocks,us,XNAS,CS,True,usd,0001478320,BBG001J2PFF5,BBG001V0GG18,2025-09-30T06:05:29.844717729Z
ADPV,Adaptiv Select ETF,stocks,us,ARCX,ETF,True,usd,BBG01BBJQ2C4,BBG01BBJQ3B3,2025-09-30T06:05:29.844717809Z
ADSE,ADS-TEC ENERGY PLC Ordinary Shares,stocks,us,XNAS,CS,True,usd,0001879248,2025-09-30T06:05:29.84471802Z
ADSEW,ADS-TEC ENERGY PLC Warrant,stocks,us,XNAS,WARRANT,True,usd,0001879248,2025-09-30T06:05:29.84471811Z
ADSK,Autodesk Inc,stocks,us,XNAS,CS,True,usd,0000769397,BBG000BM7HL0,BBG001S5SCD4,2025-09-30T06:05:29.84471821Z
ADT,ADT Inc.,stocks,us,XNYS,CS,True,usd,0001703056,BBG000BP9WJ1,BBG001S6VGG6,2025-09-30T06:05:29.84471829Z
ADTN,"ADTRAN Holdings, Inc. Common Stock",stocks,us,XNAS,CS,True,usd,0000926282,BBG0169CH7X9,BBG0169CH7Y8,2025-09-30T06:05:29.84471837Z
ADTX,"Aditxt, Inc. Common Stock",stocks,us,XNAS,CS,True,usd,0001726711,BBG00RDV1WS5,BBG00RDV1WT4,2025-09-30T06:05:29.844718451Z
ADUR,Aduro Clean Technologies Inc. Common Stock,stocks,us,XNAS,CS,True,usd,0001863934,BBG011F62496,BBG00N9ZZX01,2025-09-30T06:05:29.844718541Z
ADUS,Addus HomeCare Corp.,stocks,us,XNAS,CS,True,usd,0001468328,BBG000NJGX84,BBG001T56D18,2025-09-30T06:05:29.844718621Z
ADV,Advantage Solutions Inc. Class A Common Stock,stocks,us,XNAS,CS,True,usd,0001776661,BBG00PPWZ8C7,BBG00PPWZ8G3,2025-09-30T06:05:29.844718701Z
ADVB,Advanced Biomed Inc. Common Stock,stocks,us,XNAS,CS,True,usd,0001941029,BBG01HW4B3M4,BBG01HW4B3N3,2025-09-30T06:05:29.844718781Z
ADVE,Matthews Asia Dividend Active ETF,stocks,us,ARCX,ETF,True,usd,BBG01JFHH825,BBG01JFHH923,2025-09-30T06:05:29.844718861Z
ADVM,"Adverum Biotechnologies, Inc. Common Stock",stocks,us,XNAS,CS,True,usd,0001501756,BBG006D9MR17,BBG006D9MR26,2025-09-30T06:05:29.844718942Z
ADVWW,Advantage Solutions Inc. Warrant,stocks,us,XNAS,WARRANT,True,usd,0001776661,BBG00Q6CTMG2,2025-09-30T06:05:29.844719022Z
ADX,"Adams Diversified Equity Fund, Inc",stocks,us,XNYS,FUND,True,usd,0000002230,BBG000BB8MR6,BBG001S5NDV7,2025-09-30T06:05:29.844719102Z
ADXN,Addex Therapeutics Ltd American Depositary Shares,stocks,us,XNAS,ADRC,True,usd,0001574232,BBG00R48ST95,BBG00R48SV18,2025-09-30T06:05:29.844719182Z
AEBI,Aebi Schmidt Holding AG Common Stock,stocks,us,XNAS,CS,True,usd,0002048519,2025-09-30T06:05:29.844719272Z
AEC,Anfield Energy Inc. Common Shares,stocks,us,XNAS,CS,True,usd,0001519469,BBG002PL1DW6,BBG001V114Z2,2025-09-30T06:05:29.844719513Z
AEE,Ameren Corporation,stocks,us,XNYS,CS,True,usd,0001002910,BBG000B9X8C0,BBG001S5NF24,2025-09-30T06:05:29.844719593Z
AEF,"abrdn Emerging Markets ex-China Fund, Inc.",stocks,us,XASE,FUND,True,usd,0000846676,BBG000BGWCV5,BBG001S5QCR1,2025-09-30T06:05:29.844719693Z
AEFC,Aegon Funding Company LLC 5.10% Subordinated Notes due 2049,stocks,us,XNYS,SP,True,usd,0000769218,2025-09-30T06:05:29.844719783Z
AEG,Aegon Ltd.,stocks,us,XNYS,CS,True,usd,0000769218,BBG000CKQSN6,BBG001S6Y6M8,2025-09-30T06:05:29.844719863Z
AEHL,Antelope Enterprise Holdings Limited Class A Ordinary Shares,stocks,us,XNAS,CS,True,usd,0001470683,2025-09-30T06:05:29.844719943Z
AEHR,Aehr Test Systems,stocks,us,XNAS,CS,True,usd,0001040470,BBG000BWM083,BBG001SB1CS4,2025-09-30T06:05:29.844720024Z
AEI,Alset Inc. Common Stock (TX),stocks,us,XNAS,CS,True,usd,0001750106,BBG000PZLNH2,BBG001SRKK73,2025-09-30T06:05:29.844720104Z
AEIS,Advanced Energy Industries Inc,stocks,us,XNAS,CS,True,usd,0000927003,BBG000FKMP26,BBG001S8L5Z6,2025-09-30T06:05:29.844720184Z
AEM,Agnico Eagle Mines Ltd.,stocks,us,XNYS,CS,True,usd,0000002809,BBG000DLVDK3,BBG001S77MK3,2025-09-30T06:05:29.844720274Z
AEMD,AETHLON MEDICAL INC,stocks,us,XNAS,CS,True,usd,0000882291,BBG000L78XT8,BBG001SDDHJ6,2025-09-30T06:05:29.844720354Z
AEMS,Anfield Enhanced Market ETF,stocks,us,BATS,ETF,True,usd,0001552947,BBG01VRP0J30,BBG01VRP0K28,2025-09-30T06:05:29.844720434Z
AENT,Alliance Entertainment Holding Corporation Class A Common Stock,stocks,us,XNAS,CS,True,usd,0001823584,BBG00YB0X2R2,BBG00YB0X2S1,2025-09-30T06:05:29.844720515Z
AENTW,Alliance Entertainment Holding Corporation Warrants,stocks,us,XNAS,WARRANT,True,usd,0001823584,BBG00ZS05J95,2025-09-30T06:05:29.844720595Z
AEO,American Eagle Outfitters,stocks,us,XNYS,CS,True,usd,0000919012,BBG000BGXZB5,BBG001S7Q949,2025-09-30T06:05:29.844720675Z
AEON,"AEON Biopharma, Inc.",stocks,us,XASE,CS,True,usd,0001837607,BBG00Z17HDW3,BBG00Z17HFQ5,2025-09-30T06:05:29.844720755Z
AEP,"American Electric Power Company, Inc.",stocks,us,XNAS,CS,True,usd,0000004904,BBG000BB9KF2,BBG001S5NFD2,2025-09-30T06:05:29.844720995Z
AER,Aercap Holdings N.V.,stocks,us,XNYS,CS,True,usd,0001378789,2025-09-30T06:05:29.844721076Z
AERT,"Aeries Technology, Inc. Class A Ordinary Share",stocks,us,XNAS,CS,True,usd,0001853044,2025-09-30T06:05:29.844721196Z
AERTW,"Aeries Technology, Inc. Warrant",stocks,us,XNAS,WARRANT,True,usd,0001853044,2025-09-30T06:05:29.844721276Z
AES,AES Corporation,stocks,us,XNYS,CS,True,usd,0000874761,BBG000C23KJ3,BBG001S6B1L5,2025-09-30T06:05:29.844721366Z
AESI,Atlas Energy Solutions Inc.,stocks,us,XNYS,CS,True,usd,0001984060,BBG01JFZ96X4,BBG01JFZ96Y3,2025-09-30T06:05:29.844721456Z
AESR,Anfield U.S. Equity Sector Rotation ETF,stocks,us,BATS,ETF,True,usd,0001552947,BBG00R4084K6,BBG00R408596,2025-09-30T06:05:29.844721536Z
AETH,Bitwise Trendwise Ether and Treasuries Rotation Strategy ETF,stocks,us,ARCX,ETF,True,usd,BBG01JLGS0C4,BBG01JLGS178,2025-09-30T06:05:29.844721617Z
AEVA,"Aeva Technologies, Inc.",stocks,us,XNAS,CS,True,usd,0001789029,BBG00RK5L2N3,BBG00RK5L2P1,2025-09-30T06:05:29.844721697Z
AEVAW,"Aeva Technologies, Inc. Warrants",stocks,us,XNAS,WARRANT,True,usd,0001789029,BBG00RYQY3V7,2025-09-30T06:05:29.844721777Z
AEXA,American Exceptionalism Acquisition Corp. A,stocks,us,XNYS,CS,True,usd,0002079173,2025-09-30T06:05:29.844721867Z
AEYE,"AudioEye, Inc. Common Stock",stocks,us,XNAS,CS,True,usd,0001362190,BBG002ZQLQB6,BBG002ZQLQC5,2025-09-30T06:05:29.844721947Z
AFB,"Alliance National Municipal Income Fund, Inc.",stocks,us,XNYS,FUND,True,usd,0001162027,BBG000DTM676,BBG001SK6452,2025-09-30T06:05:29.844722027Z
AFBI,"Affinity Bancshares, Inc. Common Stock (MD)",stocks,us,XNAS,CS,True,usd,0001823406,BBG00XH58W17,BBG00XH58WY1,2025-09-30T06:05:29.844722108Z
AFCG,Advanced Flower Capital Inc. Common Stock,stocks,us,XNAS,CS,True,usd,0001822523,BBG00YPSX4X5,BBG00YPSX5R9,2025-09-30T06:05:29.844722258Z
AFG,"American Financial Group, Inc.",stocks,us,XNYS,CS,True,usd,0001042046,BBG000DPKKK0,BBG001S8JK86,2025-09-30T06:05:29.844722338Z
AFGB,"American Financial Group, Inc. 5.875% Subordinated Debentures due 2059",stocks,us,XNYS,SP,True,usd,0001042046,2025-09-30T06:05:29.844722709Z
AFGC,"American Financial Group, Inc. 5.125% Subordinated Debentures due 2059",stocks,us,XNYS,SP,True,usd,0001042046,2025-09-30T06:05:29.844722789Z
AFGD,"American Financial Group, Inc. 5.625% Subordinated Debentures due 2060",stocks,us,XNYS,SP,True,usd,0001042046,2025-09-30T06:05:29.844722909Z
AFGE,"American Financial Group, Inc. 4.500% Subordinated Debentures due 2060",stocks,us,XNYS,SP,True,usd,0001042046,2025-09-30T06:05:29.844722989Z
AFIF,Anfield Universal Fixed Income ETF,stocks,us,BATS,ETF,True,usd,0001552947,BBG00LZQ9356,BBG00LZQ93Z3,2025-09-30T06:05:29.844723079Z
AFIX,Allspring Broad Market Core Bond ETF,stocks,us,ARCX,ETF,True,usd,BBG01QVK6KB9,BBG01QVK6L54,2025-09-30T06:05:29.84472316Z
AFJK,"Aimei Health Technology Co., Ltd Ordinary Share",stocks,us,XNAS,CS,True,usd,0001979005,2025-09-30T06:05:29.84472324Z
AFJKR,"Aimei Health Technology Co., Ltd Right",stocks,us,XNAS,RIGHT,True,usd,0001979005,2025-09-30T06:05:29.84472333Z
AFJKU,"Aimei Health Technology Co., Ltd Unit",stocks,us,XNAS,UNIT,True,usd,0001979005,2025-09-30T06:05:29.84472341Z
AFK,VanEck Africa Index ETF,stocks,us,ARCX,ETF,True,usd,0001137360,BBG000H0B9J8,BBG001T33P37,2025-09-30T06:05:29.84472349Z
AFL,Aflac Inc.,stocks,us,XNYS,CS,True,usd,0000004977,BBG000BBBNC6,BBG001S5NGJ4,2025-09-30T06:05:29.84472357Z
AFLG,First Trust Active Factor Large Cap ETF,stocks,us,ARCX,ETF,True,usd,0001667919,BBG00QZ0DQB9,BBG00QZ0DR27,2025-09-30T06:05:29.84472365Z
AFMC,First Trust Active Factor Mid Cap ETF,stocks,us,ARCX,ETF,True,usd,0001667919,BBG00QZ0GVP0,BBG00QZ0GWH7,2025-09-30T06:05:29.844723731Z
AFOS,ARS Focused Opportunity Strategy ETF,stocks,us,XNAS,ETF,True,usd,BBG01VPTD7B7,BBG01VPTD898,2025-09-30T06:05:29.844723811Z
AFRI,Forafric Global PLC Ordinary Shares,stocks,us,XNAS,CS,True,usd,0001903870,2025-09-30T06:05:29.844723891Z
AFRIW,Forafric Global PLC Warrants,stocks,us,XNAS,WARRANT,True,usd,0001903870,2025-09-30T06:05:29.844723981Z
AFRM,"Affirm Holdings, Inc. Class A Common Stock",stocks,us,XNAS,CS,True,usd,0001820953,BBG00Y7BP8Y1,BBG00Y7BP8Z0,2025-09-30T06:05:29.844724332Z
AFRU,T-REX 2X Long AFRM Daily Target ETF,stocks,us,BATS,ETF,True,usd,BBG01WW9WYK1,BBG01WW9WZK8,2025-09-30T06:05:29.844724412Z
AFSC,abrdn Focused U.S. Small Cap Active ETF,stocks,us,XNAS,ETF,True,usd,BBG01S68Z424,BBG01S68Z5J3,2025-09-30T06:05:29.844724572Z
AFSM,First Trust Active Factor Small Cap ETF,stocks,us,ARCX,ETF,True,usd,0001667919,BBG00QZ0H932,BBG00QZ0H9W0,2025-09-30T06:05:29.844724652Z
AFYA,Afya Limited Class A Common Shares,stocks,us,XNAS,CS,True,usd,0001771007,2025-09-30T06:05:29.844724733Z
AG,FIRST MAJESTIC SILVER CORP,stocks,us,XNYS,CS,True,usd,0001308648,BBG000CH7WB8,BBG001SGV444,2025-09-30T06:05:29.844724813Z
AGAE,Allied Gaming & Entertainment Inc. Common Stock,stocks,us,XNAS,CS,True,usd,0001708341,BBG00J2442Y1,BBG00J2443N1,2025-09-30T06:05:29.844724903Z
AGCO,AGCO Corporation,stocks,us,XNYS,CS,True,usd,0000880266,BBG000DCCZW2,BBG001S7WHW3,2025-09-30T06:05:29.844724983Z
AGD,abrdn Global Dynamic Dividend Fund,stocks,us,XNYS,FUND,True,usd,0001362481,BBG000DJLNL6,BBG001SMLZ16,2025-09-30T06:05:29.844725063Z
AGEM,abrdn Emerging Markets Dividend Active ETF,stocks,us,XNAS,ETF,True,usd,BBG01S68DQN6,BBG01S68DRK7,2025-09-30T06:05:29.844725143Z
AGEN,Agenus Inc.,stocks,us,XNAS,CS,True,usd,0001098972,BBG000C8SWQ9,BBG001SDV370,2025-09-30T06:05:29.844725234Z
AGG,iShares Core U.S. Aggregate Bond ETF,stocks,us,ARCX,ETF,True,usd,0001100663,BBG000Q123R0,BBG001SM1QT8,2025-09-30T06:05:29.844725314Z
AGGA,EA Series Trust EA Astoria Dynamic Core US Fixed Income ETF,stocks,us,XNAS,ETF,True,usd,BBG01TS490J6,BBG01TS491J4,2025-09-30T06:05:29.844725394Z
AGGH,Simplify Aggregate Bond ETF,stocks,us,ARCX,ETF,True,usd,0001810747,BBG015BC7V75,BBG015BC7WS0,2025-09-30T06:05:29.844725474Z
AGGS,Harbor Disciplined Bond ETF,stocks,us,ARCX,ETF,True,usd,0001860434,BBG01MCGX1X6,BBG01MCGX2S0,2025-09-30T06:05:29.844725554Z
AGGY,WisdomTree Yield Enhanced U.S. Aggregate Bond Fund,stocks,us,ARCX,ETF,True,usd,0001350487,BBG009KCY2B7,BBG009KCY2C6,2025-09-30T06:05:29.844725634Z
AGH,Aureus Greenway Holdings Inc. Common Stock,stocks,us,XNAS,CS,True,usd,0002009312,BBG01NG4Q1P4,BBG01NG4Q2J9,2025-09-30T06:05:29.844726005Z
AGI,Alamos Gold Inc. Class A Common Shares,stocks,us,XNYS,CS,True,usd,0001178819,BBG009HT6BL4,BBG009HT65S0,2025-09-30T06:05:29.844726085Z
AGIO,"Agios Pharmaceuticals, Inc.",stocks,us,XNAS,CS,True,usd,0001439222,BBG000QY4ZD0,BBG001T8R687,2025-09-30T06:05:29.844726205Z
AGIQ,SoFi Agentic AI ETF,stocks,us,ARCX,ETF,True,usd,BBG01WV67GC4,BBG01WV67HD1,2025-09-30T06:05:29.844726286Z
AGIX,KraneShares Artificial Intelligence ETF,stocks,us,XNAS,ETF,True,usd,0001536592,BBG01NT1RH61,BBG01NT1RJ21,2025-09-30T06:05:29.844726366Z
AGL,"agilon health, inc.",stocks,us,XNYS,CS,True,usd,0001831097,BBG00HCYVQQ4,BBG00HCYVQR3,2025-09-30T06:05:29.844726446Z
AGM,Federal Agricultural Mortgage Corporation,stocks,us,XNYS,CS,True,usd,0000845877,BBG000G8ZKY4,BBG001SCWNB2,2025-09-30T06:05:29.844726526Z
AGM.A,Federal Agricultural Mortgage Corporation Class A Voting,stocks,us,XNYS,CS,True,usd,0000845877,BBG000G8Y1Z6,BBG001SCWN95,2025-09-30T06:05:29.844726606Z
AGMH,AGM Group Holdings Inc. Class A Ordinary Shares,stocks,us,XNAS,CS,True,usd,0001705402,2025-09-30T06:05:29.844726987Z
AGMI,Themes Silver Miners ETF,stocks,us,XNAS,ETF,True,usd,0001976322,BBG01MQSFLS7,BBG01MQSFMM1,2025-09-30T06:05:29.844727177Z
AGMpD,"Federal Agricultural Mortgage Corporation 5.700% Non-Cumulative Preferred Stock, Series D",stocks,us,XNYS,PFD,True,usd,0000845877,2025-09-30T06:05:29.844727257Z
AGMpE,"Federal Agricultural Mortgage Corporation 5.750% Non-Cumulative Preferred Stock, Series E",stocks,us,XNYS,PFD,True,usd,0000845877,2025-09-30T06:05:29.844727348Z
AGMpF,"Federal Agricultural Mortgage Corporation 5.250% Non-Cumulative Preferred Stock, Series F",stocks,us,XNYS,PFD,True,usd,0000845877,2025-09-30T06:05:29.844727428Z
AGMpG,"Federal Agricultural Mortgage Corporation 4.875% Non-Cumulative Preferred Stock, Series G",stocks,us,XNYS,PFD,True,usd,0000845877,2025-09-30T06:05:29.844727508Z
AGMpH,"Federal Agricultural Mortgage Corporation 6.500% Non-Cumulative Preferred Stock, Series H",stocks,us,XNYS,PFD,True,usd,0000845877,2025-09-30T06:05:29.844727588Z
AGNC,AGNC Investment Corp. Common Stock,stocks,us,XNAS,CS,True,usd,0001423689,BBG000TJ8XZ7,BBG001T074G2,2025-09-30T06:05:29.844727678Z
AGNCL,"AGNC Investment Corp. Depositary Shares Each Representing a 1/1,000th Interest in a Share of 7.75% Series G Fixed-Rate Reset Cumulative Redeemable Preferred Stock",stocks,us,XNAS,CS,True,usd,0001423689,2025-09-30T06:05:29.844728029Z
AGNCM,AGNC Investment Corp. Depositary Shares rep 6.875% Series D Fixed-to-Floating Cumulative Redeemable Preferred Stock,stocks,us,XNAS,PFD,True,usd,0001423689,2025-09-30T06:05:29.844728119Z
AGNCN,"AGNC Investment Corp. Depositary Shares Each Representing a 1/1,000th Interest in a Share of 7 percent Series C Fixed-To-Floating Rate Cumulative Redeemable Preferred Stock",stocks,us,XNAS,PFD,True,usd,0001423689,2025-09-30T06:05:29.844728219Z
AGNCO,"AGNC Investment Corp. Depositary Shares, each representing a 1/1,000th interest in a share of 6.50% Series E Fixed-to-Floating Cumulative Redeemable Preferred Stock",stocks,us,XNAS,CS,True,usd,0001423689,2025-09-30T06:05:29.844728299Z
AGNCP,"AGNC Investment Corp. Depositary Shares Each Representing a 1/1,000th Interest in a Share of 6.125% Series F Fixed-to-Floating Rate Cumulative Redeemable Preferred Stock",stocks,us,XNAS,PFD,True,usd,0001423689,2025-09-30T06:05:29.84472838Z
AGNCZ,AGNC Investment Corp. 8.75% Series H Fixed-Rate Cumulative Redeemable Preferred Stock,stocks,us,XNAS,PFD,True,usd,0001423689,2025-09-30T06:05:29.84472847Z
AGNG,Global X Funds Global X Aging Population ETF,stocks,us,XNAS,ETF,True,usd,0001432353,BBG00CVW2JC1,BBG00CVW2JD0,2025-09-30T06:05:29.84472855Z
AGO,"Assured Guaranty, LTD",stocks,us,XNYS,CS,True,usd,0001273813,2025-09-30T06:05:29.84472863Z
AGOX,Adaptive Alpha Opportunities ETF,stocks,us,ARCX,ETF,True,usd,BBG010WX25M2,BBG010WX26H6,2025-09-30T06:05:29.844728961Z
AGQ,ProShares Ultra Silver,stocks,us,ARCX,ETV,True,usd,0001415311,BBG000F7KQG0,BBG001T2GCT6,2025-09-30T06:05:29.844729041Z
AGQI,First Trust Active Global Quality Income ETF,stocks,us,ARCX,ETF,True,usd,0001667919,BBG01K8H7QZ5,BBG01K8H7RT0,2025-09-30T06:05:29.844729131Z
AGRH,iShares Interest Rate Hedged U.S. Aggregate Bond ETF,stocks,us,ARCX,ETF,True,usd,0001524513,BBG01858ZD01,BBG01858ZF15,2025-09-30T06:05:29.844729211Z
AGRI,AgriFORCE Growing Systems Ltd. Common Shares,stocks,us,XNAS,CS,True,usd,0001826397,2025-09-30T06:05:29.844729301Z
AGRO,ADECOAGRO S.A.,stocks,us,XNYS,CS,True,usd,0001499505,2025-09-30T06:05:29.844729381Z
AGRW,Allspring LT Large Growth ETF,stocks,us,ARCX,ETF,True,usd,BBG01SXPDTR8,BBG01SXPDVQ4,2025-09-30T06:05:29.844729472Z
AGX,"Argan, Inc",stocks,us,XNYS,CS,True,usd,0000100591,BBG000K4J3T0,BBG001SJP7D8,2025-09-30T06:05:29.844729552Z
AGYS,"Agilysys, Inc. Common Stock (DE)",stocks,us,XNAS,CS,True,usd,0000078749,BBG000BR74W6,BBG001S5V6V3,2025-09-30T06:05:29.844729822Z
AGZ,iShares Agency Bond ETF,stocks,us,ARCX,ETF,True,usd,0001100663,BBG000G03TV0,BBG001T2RRQ4,2025-09-30T06:05:29.844729912Z
AGZD,WisdomTree Trust WisdomTree Interest Rate Hedged U.S. Aggregate Bond Fund,stocks,us,XNAS,ETF,True,usd,0001350487,BBG005Q26B40,BBG005Q26B59,2025-09-30T06:05:29.844730033Z
AHCO,AdaptHealth Corp. Common Stock,stocks,us,XNAS,CS,True,usd,0001725255,BBG00KJQVGV3,BBG00KJQVGW2,2025-09-30T06:05:29.844730113Z
AHG,Akso Health Group ADS,stocks,us,XNAS,ADRC,True,usd,0001702318,BBG00HVQFMZ7,BBG00HVQFN03,2025-09-30T06:05:29.844730203Z
AHH,"Armada Hoffler Properties, Inc.",stocks,us,XNYS,CS,True,usd,0001569187,BBG004CYX1M0,BBG004CYX1N9,2025-09-30T06:05:29.844730283Z
AHHpA,"Armada Hoffler Properties, Inc. 6.75% Series A Cumulative Redeemable Perpetual Preferred Stock",stocks,us,XNYS,PFD,True,usd,0001569187,2025-09-30T06:05:29.844730423Z
AHL,Aspen Insurance Holdings Limited,stocks,us,XNYS,CS,True,usd,0001267395,2025-09-30T06:05:29.844730504Z
AHLT,American Beacon AHL Trend ETF,stocks,us,ARCX,ETF,True,usd,BBG01J3YK8D5,BBG01J3YK989,2025-09-30T06:05:29.844730584Z
AHLpD,Aspen Insurance Holdings Limited 5.625% Perpetual Non-Cumulative Preference Shares,stocks,us,XNYS,PFD,True,usd,0001267395,2025-09-30T06:05:29.844730824Z
AHLpE,"Aspen Insurance Holdings Limited Depositary Shares, each representing a 1/1000th interest in a share of 5.625% Perpetual Non-Cumulative Preference Shares",stocks,us,XNYS,PFD,True,usd,0001267395,2025-09-30T06:05:29.844730904Z
AHLpF,"Aspen Insurance Holdings Limited Depositary Shares, each representing a 1/1,000th Interest in a 7.00% Perpetual Non-Cumulative Preference Share",stocks,us,XNYS,PFD,True,usd,0001267395,2025-09-30T06:05:29.844730994Z
AHR,"American Healthcare REIT, Inc.",stocks,us,XNYS,CS,True,usd,0001632970,BBG01L820CZ4,BBG01L820DT9,2025-09-30T06:05:29.844731075Z
AHT,"Ashford Hospitality Trust, Inc.",stocks,us,XNYS,CS,True,usd,0001232582,BBG000PRZVD1,BBG001SLQ6G1,2025-09-30T06:05:29.844731155Z
AHTpD,"Ashford Hospitality Trust, Inc. 8.45% Series D",stocks,us,XNYS,PFD,True,usd,0001232582,2025-09-30T06:05:29.844731235Z
AHTpF,"Ashford Hospitality Trust, Inc.",stocks,us,XNYS,PFD,True,usd,0001232582,2025-09-30T06:05:29.844731315Z
AHTpG,"Ashford Hospitality Trust, Inc   7.375% Series G Cumulative Preferred Stock",stocks,us,XNYS,PFD,True,usd,0001232582,2025-09-30T06:05:29.844731686Z
AHTpH,"Ashford Hospitality Trust, Inc. 7.50 Percent Series H Cumulative Preferred Stock",stocks,us,XNYS,PFD,True,usd,0001232582,2025-09-30T06:05:29.844731766Z
AHTpI,"Ashford Hospitality Trust, Inc. 7.50% Series I Cumulative Preferred Stock",stocks,us,XNYS,PFD,True,usd,0001232582,2025-09-30T06:05:29.844731886Z
AHYB,American Century Select High Yield ETF,stocks,us,ARCX,ETF,True,usd,0001710607,BBG013HJSPQ8,BBG013HJSQK2,2025-09-30T06:05:29.844731966Z
AI,"C3.ai, Inc.",stocks,us,XNYS,CS,True,usd,0001577526,BBG00Y6G6X31,BBG00Y6G6Y84,2025-09-30T06:05:29.844732046Z
AIA,iShares Asia 50 ETF,stocks,us,XNAS,ETF,True,usd,0001100663,BBG000TVYW56,BBG001T0LKC4,2025-09-30T06:05:29.844732137Z
AIBD,Direxion Daily AI and Big Data Bear 2X Shares,stocks,us,ARCX,ETF,True,usd,BBG01MG5S082,BBG01MG5S153,2025-09-30T06:05:29.844732217Z
AIBU,Direxion Daily AI and Big Data Bull 2X Shares,stocks,us,ARCX,ETF,True,usd,BBG01MG5M122,BBG01MG5M1X8,2025-09-30T06:05:29.844732297Z
AIEQ,Amplify AI Powered Equity ETF,stocks,us,ARCX,ETF,True,usd,0001633061,BBG01L6Y3H73,BBG01L6Y3J42,2025-09-30T06:05:29.844732377Z
AIFD,TCW Artificial Intelligence ETF,stocks,us,XNAS,ETF,True,usd,0001831313,BBG01MQS6C89,BBG01MQS6D50,2025-09-30T06:05:29.844732457Z
AIFF,"Firefly Neuroscience, Inc. Common Stock",stocks,us,XNAS,CS,True,usd,0000803578,BBG000BF6HD5,BBG001S6ZMC3,2025-09-30T06:05:29.844732537Z
AIFU,AIFU Inc. Class A Ordinary Share,stocks,us,XNAS,CS,True,usd,0001413855,2025-09-30T06:05:29.844732618Z
AIG,"American International Group, Inc.",stocks,us,XNYS,CS,True,usd,0000005272,BBG000BBDZG3,BBG001S5NJG1,2025-09-30T06:05:29.844732698Z
AIHS,Senmiao Technology Limited Common Stock,stocks,us,XNAS,CS,True,usd,0001711012,BBG00J3Q25V9,BBG00J3Q26K9,2025-09-30T06:05:29.844732778Z
AII,"American Integrity Insurance Group, Inc.",stocks,us,XNYS,CS,True,usd,0002007587,BBG000BN06C9,BBG001SC1H65,2025-09-30T06:05:29.844732868Z
AIIO,Robo.ai Inc. Class B Ordinary Shares,stocks,us,XNAS,CS,True,usd,0001932737,2025-09-30T06:05:29.844732948Z
AIIOW,Robo.ai Inc. Warrant,stocks,us,XNAS,WARRANT,True,usd,0001932737,2025-09-30T06:05:29.844733169Z
AIM,AIM ImmunoTech Inc.,stocks,us,XASE,CS,True,usd,0000946644,BBG000JL6Z80,BBG001SB9J29,2025-09-30T06:05:29.844733259Z
AIMD,"Ainos, Inc. Common Stock",stocks,us,XNAS,CS,True,usd,0001014763,BBG000H6PLR4,BBG001S965R0,2025-09-30T06:05:29.844733389Z
AIMDW,"Ainos, Inc. Warrants",stocks,us,XNAS,WARRANT,True,usd,0001014763,BBG019232J79,2025-09-30T06:05:29.844733469Z
AIN,Albany International Corp Class A,stocks,us,XNYS,CS,True,usd,0000819793,BBG000BRWWH3,BBG001S5VKN1,2025-09-30T06:05:29.844733549Z
AINP,Allspring Income Plus ETF,stocks,us,ARCX,ETF,True,usd,BBG01QVK6YM7,BBG01QVK6ZK6,2025-09-30T06:05:29.84473363Z
AIO,Virtus Artificial Intelligence & Technology Opportunities Fund,stocks,us,XNYS,FUND,True,usd,0001778114,BBG00Q7474K8,BBG00Q7474L7,2025-09-30T06:05:29.84473371Z
AIOO,AllianzIM U.S. Equity Buffer100 Protection ETF,stocks,us,BATS,ETF,True,usd,0001797318,BBG01V5B7TC6,BBG01V5B7V77,2025-09-30T06:05:29.84473379Z
AIOT,"PowerFleet, Inc. Common Stock",stocks,us,XNAS,CS,True,usd,0001774170,BBG00PG3JNL6,BBG00PG3JNM5,2025-09-30T06:05:29.84473388Z
AIP,"Arteris, Inc. Common Stock",stocks,us,XNAS,CS,True,usd,0001667011,BBG000QMLTK3,BBG001T7VHG1,2025-09-30T06:05:29.84473396Z
AIPI,REX AI Equity Premium Income ETF,stocks,us,XNAS,ETF,True,usd,BBG01N48YNC5,BBG01N48YPF7,2025-09-30T06:05:29.84473404Z
AIPO,Defiance AI & Power Infrastructure ETF,stocks,us,XNAS,ETF,True,usd,BBG01S2RQNR7,BBG01S2RQPN6,2025-09-30T06:05:29.84473412Z
AIQ,Global X Funds Global X Artificial Intelligence & Technology ETF,stocks,us,XNAS,ETF,True,usd,0001432353,BBG00KX8KG94,BBG00KX8KH01,2025-09-30T06:05:29.844734201Z
AIR,AAR Corp.,stocks,us,XNYS,CS,True,usd,0000001750,BBG000BBGQF1,BBG001S5NJX2,2025-09-30T06:05:29.844734281Z
AIRE,reAlpha Tech Corp. Common Stock,stocks,us,XNAS,CS,True,usd,0001859199,BBG015SL9PD1,BBG015SL9PF9,2025-09-30T06:05:29.844734361Z
AIRG,"Airgain, Inc. Common Stock",stocks,us,XNAS,CS,True,usd,0001272842,BBG0026ZDGG4,BBG0026ZDGH3,2025-09-30T06:05:29.844734441Z
AIRI,Air Industries Group,stocks,us,XASE,CS,True,usd,0001009891,BBG000C8XXR0,BBG001SG3M27,2025-09-30T06:05:29.844734842Z
AIRJ,AirJoule Technologies Corporation Class A Common Stock,stocks,us,XNAS,CS,True,usd,0001855474,BBG014FPNGK5,BBG014FPNHD1,2025-09-30T06:05:29.844734922Z
AIRJW,AirJoule Technologies Corporation Warrant,stocks,us,XNAS,WARRANT,True,usd,0001855474,BBG014XDH6X7,2025-09-30T06:05:29.844735032Z
AIRO,"AIRO Group Holdings, Inc. Common Stock",stocks,us,XNAS,CS,True,usd,0001927958,BBG01FRGW2W5,BBG01FRGW2Z2,2025-09-30T06:05:29.844735112Z
AIRR,First Trust RBA American Industrial Renaissance ETF,stocks,us,XNAS,ETF,True,usd,0001552740,BBG0063G4FW4,BBG0063G4FX3,2025-09-30T06:05:29.844735192Z
AIRS,"AirSculpt Technologies, Inc. Common Stock",stocks,us,XNAS,CS,True,usd,0001870940,BBG012V27C29,BBG012V27CX5,2025-09-30T06:05:29.844735273Z
AIRT,Air T Inc,stocks,us,XNAS,CS,True,usd,0000353184,BBG000BBH316,BBG001S5NJZ0,2025-09-30T06:05:29.844735353Z
AIRTP,"Air T, Inc. Air T Funding Alpha Income Trust Preferred Securities",stocks,us,XNAS,PFD,True,usd,0000353184,2025-09-30T06:05:29.844735433Z
AIS,VistaShares Artificial Intelligence Supercycle ETF,stocks,us,ARCX,ETF,True,usd,0001722388,BBG01R2TJN20,BBG01R2TJP25,2025-09-30T06:05:29.844735513Z
AISP,"Airship AI Holdings, Inc. Class A Common Stock",stocks,us,XNAS,CS,True,usd,0001842566,BBG00ZZNS7C4,BBG00ZZNS7D3,2025-09-30T06:05:29.844735603Z
AISPW,"Airship AI Holdings, Inc. Warrants",stocks,us,XNAS,WARRANT,True,usd,0001842566,BBG010W1PNX6,2025-09-30T06:05:29.844735693Z
AIT,"Applied Industrial Technologies, Inc.",stocks,us,XNYS,CS,True,usd,0000109563,BBG000BBHHP9,BBG001S5NK14,2025-09-30T06:05:29.844735774Z
AIV,Apartment Investment and Management Company,stocks,us,XNYS,CS,True,usd,0000922864,BBG000DD3510,BBG001S876N3,2025-09-30T06:05:29.844735854Z
AIVC,Amplify Bloomberg AI Value Chain ETF,stocks,us,ARCX,ETF,True,usd,0001633061,BBG01L6Y1LR4,BBG01L6Y1ML8,2025-09-30T06:05:29.844735934Z
AIVI,WisdomTree International AI Enhanced Value Fund,stocks,us,ARCX,ETF,True,usd,0001350487,BBG000BT3GK2,BBG001SHL7M6,2025-09-30T06:05:29.844736014Z
AIVL,WisdomTree U.S. AI Enhanced Value Fund,stocks,us,ARCX,ETF,True,usd,0001350487,BBG000BT2NX4,BBG001SHL7F4,2025-09-30T06:05:29.844736094Z
AIXI,XIAO-I Corporation American Depositary Shares,stocks,us,XNAS,ADRC,True,usd,0001935172,BBG01C3DTQ83,BBG01C3DTQ92,2025-09-30T06:05:29.844736345Z
AIYY,YieldMax AI Option Income Strategy ETF,stocks,us,ARCX,ETS,True,usd,0001924868,BBG01K8MLVZ7,BBG01K8MLWY6,2025-09-30T06:05:29.844736425Z
AIZ,"Assurant, Inc.",stocks,us,XNYS,CS,True,usd,0001267238,BBG000BZX1N5,BBG001SD9DW5,2025-09-30T06:05:29.844736545Z
AIZN,"Assurant, Inc. 5.25% Subordinated Notes due 2061",stocks,us,XNYS,SP,True,usd,0001267238,2025-09-30T06:05:29.844736625Z
AJAN,Innovator Equity Defined Protection ETF - 2 Yr to January 2026,stocks,us,BATS,ETF,True,usd,0001415726,BBG01KTTT4N4,BBG01KTTT5K4,2025-09-30T06:05:29.844736715Z
AJG,Arthur J. Gallagher & Co.,stocks,us,XNYS,CS,True,usd,0000354190,BBG000BBHXQ3,BBG001S5NKC2,2025-09-30T06:05:29.844736796Z
AJUL,Innovator Equity Defined Protection ETF - 2 Yr to July 2026,stocks,us,BATS,ETF,True,usd,0001415726,BBG01NJ0PGC1,BBG01NJ0PH66,2025-09-30T06:05:29.844736906Z
AKA,a.k.a. Brands Holding Corp.,stocks,us,XNYS,CS,True,usd,0001865107,BBG0129CWQ14,BBG0129CWQ23,2025-09-30T06:05:29.844736986Z
AKAF,The Frontier Economic Fund,stocks,us,XNYS,ETF,True,usd,BBG01VS3BCZ6,BBG01VS3BF70,2025-09-30T06:05:29.844737066Z
AKAM,Akamai Technologies Inc,stocks,us,XNAS,CS,True,usd,0001086222,BBG000BJQWD2,BBG001S7YHX0,2025-09-30T06:05:29.844737146Z
AKAN,Akanda Corp. Common Shares,stocks,us,XNAS,CS,True,usd,0001888014,BBG013GQ5XT8,BBG013GQ5XV5,2025-09-30T06:05:29.844737226Z
AKBA,"Akebia Therapeutics, Inc.",stocks,us,XNAS,CS,True,usd,0001517022,BBG000R33R00,BBG001T922S9,2025-09-30T06:05:29.844737317Z
AKO.A,Embotelladora Andina S.A. Series A,stocks,us,XNYS,ADRC,True,usd,0000925261,BBG000J82W71,BBG001S9ZDD6,2025-09-30T06:05:29.844737397Z
AKO.B,Embotelladora Andina S.A. Series B,stocks,us,XNYS,ADRC,True,usd,0000925261,BBG000DZ2SW8,BBG001S6T4X7,2025-09-30T06:05:29.844737477Z
AKR,Acadia Realty Trust,stocks,us,XNYS,CS,True,usd,0000899629,BBG000BJGD54,BBG001S7KXT5,2025-09-30T06:05:29.844737617Z
AKRO,"Akero Therapeutics, Inc. Common Stock",stocks,us,XNAS,CS,True,usd,0001744659,BBG00L9211Y8,BBG00L9211Z7,2025-09-30T06:05:29.844737697Z
AKTX,Akari Therapeutics plc ADR (0.01 USD),stocks,us,XNAS,ADRC,True,usd,0001541157,BBG003PMV495,BBG003PMV510,2025-09-30T06:05:29.844738008Z
AL,Air Lease Corporation,stocks,us,XNYS,CS,True,usd,0001487712,BBG000R3NPZ4,BBG001T92VD1,2025-09-30T06:05:29.844738088Z
ALAB,"Astera Labs, Inc. Common Stock",stocks,us,XNAS,CS,True,usd,0001736297,BBG00TDKHW99,BBG00TDKHWK6,2025-09-30T06:05:29.844738188Z
ALAI,Alger AI Enablers & Adopters ETF,stocks,us,ARCX,ETF,True,usd,0001807486,BBG01M13SDZ5,BBG01M13SFT7,2025-09-30T06:05:29.844738268Z
ALAR,Alarum Technologies Ltd. American Depositary Share,stocks,us,XNAS,ADRC,True,usd,0001725332,BBG00GVM3KM9,BBG00GVM3LB9,2025-09-30T06:05:29.844738349Z
ALB,Albemarle Corporation,stocks,us,XNYS,CS,True,usd,0000915913,BBG000BJ26K7,BBG001S7SBP9,2025-09-30T06:05:29.844738429Z
ALBT,Avalon GloboCare Corp. Common Stock,stocks,us,XNAS,CS,True,usd,0001630212,BBG008648HM7,BBG008648HN6,2025-09-30T06:05:29.844738529Z
ALBpA,Albemarle Corporation Depositary Shares each representing a 1/20th interest in a share of 7.25% Series A Mandatory Convertible Preferred Stock,stocks,us,XNYS,SP,True,usd,0000915913,2025-09-30T06:05:29.844738649Z
ALC,Alcon Inc. Ordinary Shares,stocks,us,XNYS,CS,True,usd,0001167379,2025-09-30T06:05:29.844738729Z
ALCO,Alico Inc,stocks,us,XNAS,CS,True,usd,0000003545,BBG000BBJR57,BBG001S5NKW0,2025-09-30T06:05:29.844738809Z
ALCY,Alchemy Investments Acquisition Corp 1 Class A Ordinary Shares,stocks,us,XNAS,CS,True,usd,0001901336,2025-09-30T06:05:29.84473889Z
ALCYU,Alchemy Investments Acquisition Corp 1 Units,stocks,us,XNAS,UNIT,True,usd,0001901336,2025-09-30T06:05:29.84473898Z
ALCYW,Alchemy Investments Acquisition Corp 1 Warrants,stocks,us,XNAS,WARRANT,True,usd,0001901336,2025-09-30T06:05:29.84473906Z
ALDF,Aldel Financial II Inc. Class A Ordinary Shares,stocks,us,XNAS,CS,True,usd,0002031561,2025-09-30T06:05:29.84473914Z
ALDFU,Aldel Financial II Inc. Units,stocks,us,XNAS,UNIT,True,usd,0002031561,2025-09-30T06:05:29.84473922Z
ALDFW,Aldel Financial II Inc. Warrants,stocks,us,XNAS,WARRANT,True,usd,0002031561,2025-09-30T06:05:29.8447393Z
ALDX,"Aldeyra Therapeutics, Inc.",stocks,us,XNAS,CS,True,usd,0001341235,BBG0029H8ZF6,BBG0029H8ZG5,2025-09-30T06:05:29.844739511Z
ALE,"ALLETE, Inc.",stocks,us,XNYS,CS,True,usd,0000066756,BBG000CYW7N5,BBG001S77110,2025-09-30T06:05:29.844739591Z
ALEC,"Alector, Inc. Common Stock",stocks,us,XNAS,CS,True,usd,0001653087,BBG00N0PL198,BBG00N0PL214,2025-09-30T06:05:29.844739691Z
ALEX,"Alexander & Baldwin, Inc.",stocks,us,XNYS,CS,True,usd,0001545654,BBG00HS2GVL8,BBG00HS2GVM7,2025-09-30T06:05:29.844739771Z
ALF,Centurion Acquisition Corp. Class A Ordinary Shares,stocks,us,XNAS,CS,True,usd,0002010930,2025-09-30T06:05:29.844739851Z
ALFUU,Centurion Acquisition Corp. Unit,stocks,us,XNAS,UNIT,True,usd,0002010930,2025-09-30T06:05:29.844739932Z
ALFUW,Centurion Acquisition Corp. Warrant,stocks,us,XNAS,WARRANT,True,usd,0002010930,2025-09-30T06:05:29.844740012Z
ALG,"Alamo Group, Inc.",stocks,us,XNYS,CS,True,usd,0000897077,BBG000BJTZX0,BBG001S7YVC2,2025-09-30T06:05:29.844740092Z
ALGM,"Allegro MicroSystems, Inc. Common Stock",stocks,us,XNAS,CS,True,usd,0000866291,BBG00H5S8391,BBG00H5S83B8,2025-09-30T06:05:29.844740182Z
ALGN,Align Technology Inc,stocks,us,XNAS,CS,True,usd,0001097149,BBG000BRNLL2,BBG001SCF1B9,2025-09-30T06:05:29.844740262Z
ALGS,"Aligos Therapeutics, Inc. Common Stock",stocks,us,XNAS,CS,True,usd,0001799448,BBG00QX7QH68,BBG00QX7QH77,2025-09-30T06:05:29.844740342Z
ALGT,Allegiant Travel Company,stocks,us,XNAS,CS,True,usd,0001362468,BBG000LJS6B8,BBG001SQ25S5,2025-09-30T06:05:29.844740422Z
ALHC,"Alignment Healthcare, Inc. Common Stock",stocks,us,XNAS,CS,True,usd,0001832466,BBG00ZJ0DSR6,BBG00ZJ0DSS5,2025-09-30T06:05:29.844740503Z
ALIL,Argent Focused Small Cap ETF,stocks,us,XNAS,ETF,True,usd,BBG01TCJ00K7,BBG01TCJ01G0,2025-09-30T06:05:29.844740583Z
ALIT,"Alight, Inc.",stocks,us,XNYS,CS,True,usd,0001809104,BBG00H00J2N1,BBG00H00J2Q8,2025-09-30T06:05:29.844740663Z
ALK,"Alaska Air Group, Inc.",stocks,us,XNYS,CS,True,usd,0000766421,BBG000BBL0Y1,BBG001S5NLG6,2025-09-30T06:05:29.844740753Z
ALKS,Alkermes Inc. plc,stocks,us,XNAS,CS,True,usd,0001520262,2025-09-30T06:05:29.844741064Z
ALKT,"Alkami Technology, Inc. Common Stock",stocks,us,XNAS,CS,True,usd,0001529274,BBG005HTCT54,BBG005HTCT63,2025-09-30T06:05:29.844741254Z
ALL,The Allstate Corporation,stocks,us,XNYS,CS,True,usd,0000899051,BBG000BVMGF2,BBG001S9BM06,2025-09-30T06:05:29.844741334Z
ALLE,Allegion Public Limited Company,stocks,us,XNYS,CS,True,usd,0001579241,2025-09-30T06:05:29.844741464Z
ALLO,"Allogene Therapeutics, Inc. Common Stock",stocks,us,XNAS,CS,True,usd,0001737287,BBG00KHRRDX3,BBG00KHRRDY2,2025-09-30T06:05:29.844741675Z
ALLR,"Allarity Therapeutics, Inc. Common Stock",stocks,us,XNAS,CS,True,usd,0001860657,BBG012NXCZP8,BBG012NXCZQ7,2025-09-30T06:05:29.844741885Z
ALLT,Allot Ltd. Ordinary Shares,stocks,us,XNAS,CS,True,usd,0001365767,2025-09-30T06:05:29.844741975Z
ALLW,SPDR Bridgewater All Weather ETF,stocks,us,XNAS,ETF,True,usd,0001516212,BBG01SN3NWY2,BBG01SN3NXT6,2025-09-30T06:05:29.844742136Z
ALLY,Ally Financial Inc.,stocks,us,XNYS,CS,True,usd,0000040729,BBG000BC2R71,BBG001S5RLN4,2025-09-30T06:05:29.844742206Z
ALLpB,The Allstate Corporation 5.100%  Fixed-To-Floating Rate Subordinated Debentures due 2053,stocks,us,XNYS,PFD,True,usd,0000899051,2025-09-30T06:05:29.844742757Z
ALLpH,The Allstate Corporation,stocks,us,XNYS,PFD,True,usd,0000899051,2025-09-30T06:05:29.844742837Z
ALLpI,The Allstate Corporation,stocks,us,XNYS,PFD,True,usd,0000899051,2025-09-30T06:05:29.844742917Z
ALLpJ,"The Allstate Corporation Depositary Shares each representing a 1/1,000th interest in a share of Fixed Rate Noncumulative Perpetual Preferred Stock, Series J",stocks,us,XNYS,PFD,True,usd,0000899051,2025-09-30T06:05:29.844742997Z
ALM,Almonty Industries Inc. Common Shares,stocks,us,XNAS,CS,True,usd,0001670061,BBG004KGNV81,BBG001T7CS41,2025-09-30T06:05:29.844743078Z
ALMS,Alumis Inc. Common Stock,stocks,us,XNAS,CS,True,usd,0001847367,BBG01J7X4PN2,BBG01J7X4PP0,2025-09-30T06:05:29.844743158Z
ALMU,"Aeluma, Inc. Common Stock",stocks,us,XNAS,CS,True,usd,0001828805,BBG013BHY3G1,BBG013BHY3H0,2025-09-30T06:05:29.844743248Z
ALNT,Allient Inc. Common Stock,stocks,us,XNAS,CS,True,usd,0000046129,BBG000BKVYJ3,BBG001S5RST3,2025-09-30T06:05:29.844743568Z
ALNY,"Alnylam Pharmaceuticals, Inc.",stocks,us,XNAS,CS,True,usd,0001178670,BBG000BFGNJ5,BBG001S7FTC8,2025-09-30T06:05:29.844743659Z
ALOT,"AstroNova, Inc. Common Stock",stocks,us,XNAS,CS,True,usd,0000008146,BBG000BBMCY4,BBG001S5NLS3,2025-09-30T06:05:29.844743769Z
ALRG,Allspring LT Large Core ETF,stocks,us,ARCX,ETF,True,usd,BBG01V9VKGD0,BBG01V9VKHF6,2025-09-30T06:05:29.844743849Z
ALRM,"Alarm.com Holdings, Inc.",stocks,us,XNAS,CS,True,usd,0001459200,BBG007GNPYY7,BBG007GNPYZ6,2025-09-30T06:05:29.844743929Z
ALRS,Alerus Financial Corporation Common Stock,stocks,us,XNAS,CS,True,usd,0000903419,BBG000BTXSH7,BBG001SGGKT8,2025-09-30T06:05:29.844744009Z
ALSN,"ALLISON TRANSMISSION HOLDINGS, INC.",stocks,us,XNYS,CS,True,usd,0001411207,BBG001KY3845,BBG001V0T5F3,2025-09-30T06:05:29.844744089Z
ALT,"Altimmune, Inc. Common Stock",stocks,us,XNAS,CS,True,usd,0001326190,BBG000FXML90,BBG001SNS461,2025-09-30T06:05:29.84474417Z
ALTG,Alta Equipment Group Inc.,stocks,us,XNYS,CS,True,usd,0001759824,BBG00NZ6JVD4,BBG00NZ6JW42,2025-09-30T06:05:29.84474455Z
ALTGpA,Alta Equipment Group Inc. Depositary Shares (each representing 1/1000th in a share of 10% Series A Cumulative Perpetual Preferred Stock),stocks,us,XNYS,PFD,True,usd,0001759824,2025-09-30T06:05:29.844744631Z
ALTI,"AlTi Global, Inc. Class A Common Stock",stocks,us,XNAS,CS,True,usd,0001838615,BBG00Z6F0LQ7,BBG00Z6F0ML0,2025-09-30T06:05:29.844744711Z
ALTL,Pacer Lunt Large Cap Alternator ETF,stocks,us,ARCX,ETF,True,usd,0001616668,BBG00VP22TF7,BBG00VP22V71,2025-09-30T06:05:29.844744791Z
ALTO,"Alto Ingredients, Inc. Common Stock",stocks,us,XNAS,CS,True,usd,0000778164,BBG000K4WSD7,BBG001SCBYZ5,2025-09-30T06:05:29.844744871Z
ALTS,ALT5 Sigma Corporation Common Stock,stocks,us,XNAS,CS,True,usd,0000862861,BBG000CKLRH0,BBG001S6Y4N2,2025-09-30T06:05:29.844744961Z
ALTY,Global X Funds Global X Alternative Income ETF,stocks,us,XNAS,ETF,True,usd,0001432353,BBG009L6H4R7,BBG009L6H4S6,2025-09-30T06:05:29.844745041Z
ALUR,"Allurion Technologies, Inc.",stocks,us,XNYS,CS,True,usd,0001964979,BBG01HPVRLS9,BBG01HPVRLV5,2025-09-30T06:05:29.844745121Z
ALUR.WS,"Allurion Technologies, Inc. Warrants, each whole warrant exercisable to purchase 0.056818 shares of common stock at an exercise price of $202.50 per share of common stock",stocks,us,XNYS,WARRANT,True,usd,0001964979,BBG01HPVZWF0,2025-09-30T06:05:29.844745352Z
ALV,"Autoliv, Inc.",stocks,us,XNYS,CS,True,usd,0001034670,BBG000BVLRY8,BBG001S9YRV6,2025-09-30T06:05:29.844745432Z
ALVO,Alvotech Ordinary Shares,stocks,us,XNAS,CS,True,usd,0001898416,2025-09-30T06:05:29.844745592Z
ALVOW,Alvotech Warrant,stocks,us,XNAS,WARRANT,True,usd,0001898416,2025-09-30T06:05:29.844745672Z
ALX,Alexander's Inc.,stocks,us,XNYS,CS,True,usd,0000003499,BBG000BBNLK8,BBG001S5NM92,2025-09-30T06:05:29.844745783Z
ALXO,ALX Oncology Holdings Inc. Common Stock,stocks,us,XNAS,CS,True,usd,0001810182,BBG00VR8SDG8,BBG00VR8SF73,2025-09-30T06:05:29.844745863Z
ALZN,"Alzamend Neuro, Inc. Common Stock",stocks,us,XNAS,CS,True,usd,0001677077,BBG00ZMXG7M8,BBG00ZMXG7N7,2025-09-30T06:05:29.844745943Z
AM,Antero Midstream Corporation Common Stock,stocks,us,XNYS,CS,True,usd,0001623925,BBG00GBNZ4M0,BBG00GBNZ4N9,2025-09-30T06:05:29.844746023Z
AMAL,Amalgamated Financial Corp. Common Stock (DE),stocks,us,XNAS,CS,True,usd,0001823608,BBG00XRT7YX6,BBG00XRT7YY5,2025-09-30T06:05:29.844746103Z
AMAT,Applied Materials Inc,stocks,us,XNAS,CS,True,usd,0000006951,BBG000BBPFB9,BBG001S5NMM7,2025-09-30T06:05:29.844746183Z
AMAX,Adaptive Hedged Multi-Asset Income ETF,stocks,us,ARCX,ETF,True,usd,BBG0133TN2R6,BBG0133TN3L0,2025-09-30T06:05:29.844746264Z
AMBA,"Ambarella, Inc. Ordinary Shares",stocks,us,XNAS,CS,True,usd,0001280263,2025-09-30T06:05:29.844746344Z
AMBC,"Ambac Financial Group, Inc.",stocks,us,XNYS,CS,True,usd,0000874501,BBG004HQHKK0,BBG004HQHL91,2025-09-30T06:05:29.844746434Z
AMBI,Ambipar Emergency Response,stocks,us,XASE,CS,True,usd,0001937441,2025-09-30T06:05:29.844746514Z
AMBI.WS,"Ambipar Emergency Response Warrants to purchase Class A ordinary shares, each whole warrant exercisable for one Class A ordinary share at an exercise price of $11.50 per share",stocks,us,XASE,WARRANT,True,usd,0001937441,2025-09-30T06:05:29.844746594Z
AMBO,Ambow Education Holding Ltd. American Depository Shares (each representing twenty (20) Class A Ordinary Shares),stocks,us,XASE,ADRC,True,usd,0001494558,BBG000BDCP09,BBG001T99B02,2025-09-30T06:05:29.844746674Z
AMBP,Ardagh Metal Packaging S.A.,stocks,us,XNYS,CS,True,usd,0001845097,2025-09-30T06:05:29.844746905Z
AMBP.WS,"Ardagh Metal Packaging S.A. Warrants, each exercisable for one Share at an exercise price of $11.50 per share",stocks,us,XNYS,WARRANT,True,usd,0001845097,2025-09-30T06:05:29.844746985Z
AMBQ,"Ambiq Micro, Inc.",stocks,us,XNYS,CS,True,usd,0001500412,BBG0026ZDH90,BBG0026ZDHB7,2025-09-30T06:05:29.844747125Z
AMBR,Amber International Holding Limited American Depositary Shares,stocks,us,XNAS,ADRC,True,usd,0001697818,BBG00J0BKBX0,BBG00J0BKBY9,2025-09-30T06:05:29.844747205Z
AMC,"AMC ENTERTAINMENT HOLDINGS, INC.",stocks,us,XNYS,CS,True,usd,0001411579,BBG000TDCVT6,BBG001SZYYL4,2025-09-30T06:05:29.844747286Z
AMCR,Amcor plc Ordinary Shares,stocks,us,XNYS,CS,True,usd,0001748790,2025-09-30T06:05:29.844747366Z
AMCX,AMC Networks Inc. Class A,stocks,us,XNAS,CS,True,usd,0001514991,BBG000H01H92,BBG001SLR8S3,2025-09-30T06:05:29.844747446Z
AMD,Advanced Micro Devices,stocks,us,XNAS,CS,True,usd,0000002488,BBG000BBQCY0,BBG001S5NN36,2025-09-30T06:05:29.844747526Z
AMDD,Direxion Daily AMD Bear 1X Shares,stocks,us,XNAS,ETF,True,usd,BBG01S4RXG10,BBG01S4RXH09,2025-09-30T06:05:29.844747626Z
AMDG,Leverage Shares 2X Long AMD Daily ETF,stocks,us,XNAS,ETF,True,usd,0001976322,BBG01RYZKSJ0,BBG01RYZKTF2,2025-09-30T06:05:29.844747706Z
AMDL,GraniteShares 2x Long AMD Daily ETF,stocks,us,XNAS,ETF,True,usd,0001689873,BBG01LNWKBD5,BBG01LNWKC70,2025-09-30T06:05:29.844747787Z
AMDU,Defiance Leveraged Long + Income AMD ETF,stocks,us,XNAS,ETF,True,usd,BBG01WTSMFD3,BBG01WTSMG96,2025-09-30T06:05:29.844747867Z
AMDW,Roundhill AMD WeeklyPay ETF,stocks,us,BATS,ETF,True,usd,BBG01W6VBTJ7,BBG01W6VBVF6,2025-09-30T06:05:29.844747947Z
AMDY,YieldMax AMD Option Income Strategy ETF,stocks,us,ARCX,ETS,True,usd,BBG01J9TDVT0,BBG01J9TDWP2,2025-09-30T06:05:29.844748027Z
AME,"Ametek, Inc.",stocks,us,XNYS,CS,True,usd,0001037868,BBG000B9XG87,BBG001S5NN54,2025-09-30T06:05:29.844748107Z
AMG,Affiliated Managers Group,stocks,us,XNYS,CS,True,usd,0001004434,BBG000C060M4,BBG001S6DMD6,2025-09-30T06:05:29.844748187Z
AMGN,Amgen Inc,stocks,us,XNAS,CS,True,usd,0000318154,BBG000BBS2Y0,BBG001S5NNL6,2025-09-30T06:05:29.844748398Z
AMH,AMERICAN HOMES 4 RENT,stocks,us,XNYS,CS,True,usd,0001562401,BBG003NXJNH6,BBG003NXJNJ4,2025-09-30T06:05:29.844748478Z
AMHpG,American Homes 4 Rent Series G cumulative redeemable perpetual preferred shares of beneficial interest,stocks,us,XNYS,PFD,True,usd,0001562401,2025-09-30T06:05:29.844748588Z
AMHpH,American Homes 4 Rent Series H cumulative redeemable perpetual Preferred Shares of Beneficial Interest,stocks,us,XNYS,PFD,True,usd,0001562401,2025-09-30T06:05:29.844748668Z
AMID,Argent Mid Cap ETF,stocks,us,XNAS,ETF,True,usd,BBG017Z2L8P2,BBG017Z2L9J7,2025-09-30T06:05:29.844748778Z
AMIX,"Autonomix Medical, Inc. Common Stock",stocks,us,XNAS,CS,True,usd,0001617867,BBG00R28GXW5,BBG00R28GXX4,2025-09-30T06:05:29.844748859Z
AMJB,Alerian MLP Index ETNs due January 28 2044,stocks,us,ARCX,ETN,True,usd,0000019617,BBG01L70PXT3,BBG01L70PZ45,2025-09-30T06:05:29.844748939Z
AMKR,Amkor Technology Inc,stocks,us,XNAS,CS,True,usd,0001047127,BBG000BCKGW7,BBG001S64YF8,2025-09-30T06:05:29.844749029Z
AMLP,Alerian MLP ETF,stocks,us,ARCX,ETF,True,usd,0001414040,BBG0015CS200,BBG001TBMNT5,2025-09-30T06:05:29.844749109Z
AMLX,"Amylyx Pharmaceuticals, Inc. Common Stock",stocks,us,XNAS,CS,True,usd,0001658551,BBG00DP10YT5,BBG00DP10YW1,2025-09-30T06:05:29.844749189Z
AMN,AMN Healthcare Services,stocks,us,XNYS,CS,True,usd,0001142750,BBG000BCT197,BBG001S6Q193,2025-09-30T06:05:29.844749269Z
AMOD,"Alpha Modus Holdings, Inc. Class A Common Stock",stocks,us,XNAS,CS,True,usd,0001862463,BBG0123NSVZ3,BBG0123NSWT8,2025-09-30T06:05:29.84474935Z
AMODW,"Alpha Modus Holdings, Inc. Warrant",stocks,us,XNAS,WARRANT,True,usd,0001862463,BBG0123Q9X74,2025-09-30T06:05:29.84474943Z
AMOM,Qraft AI-Enhanced US Large Cap Momentum ETF,stocks,us,ARCX,ETF,True,usd,0001547950,BBG00P5NRM19,BBG00P5NRMS0,2025-09-30T06:05:29.84474951Z
AMP,"Ameriprise Financial, Inc.",stocks,us,XNYS,CS,True,usd,0000820027,BBG000G3QLY3,BBG001SK6096,2025-09-30T06:05:29.84474961Z
AMPG,AMPLITECH GROUP INC. COM,stocks,us,XNAS,CS,True,usd,0001518461,BBG00394F954,BBG00394F9X3,2025-09-30T06:05:29.84474969Z
AMPGW,"Amplitech Group, Inc. Warrants",stocks,us,XNAS,WARRANT,True,usd,0001518461,BBG00Z9BGRC8,2025-09-30T06:05:29.844749921Z
AMPH,"Amphastar Pharmaceuticals, Inc.",stocks,us,XNAS,CS,True,usd,0001297184,BBG000BW90S6,BBG001SCM4W2,2025-09-30T06:05:29.844750011Z
AMPL,"Amplitude, Inc. Class A Common Stock",stocks,us,XNAS,CS,True,usd,0001866692,BBG012CDTZY6,BBG012CDTZZ5,2025-09-30T06:05:29.844750151Z
AMPX,"Amprius Technologies, Inc.",stocks,us,XNYS,CS,True,usd,0001899287,BBG019MBDC63,BBG019MBDD16,2025-09-30T06:05:29.844750371Z
AMPX.WS,"Amprius Technologies, Inc. Warrants to purchase one share of Common Stock at an exercise price of $11.50 per share",stocks,us,XNYS,WARRANT,True,usd,0001899287,BBG016X0TFF7,2025-09-30T06:05:29.844750472Z
AMPY,Amplify Energy Corp.,stocks,us,XNYS,CS,True,usd,0001533924,BBG00F0YM0Z8,BBG00F0YM1R5,2025-09-30T06:05:29.844750552Z
AMR,"Alpha Metallurgical Resources, Inc.",stocks,us,XNYS,CS,True,usd,0001704715,BBG00DGWV035,BBG00DGWV044,2025-09-30T06:05:29.844750642Z
AMRC,"Ameresco, Inc.",stocks,us,XNYS,CS,True,usd,0001488139,BBG000BD1QL6,BBG001S6P9W1,2025-09-30T06:05:29.844750722Z
AMRK,"A-Mark Precious Metals, Inc.",stocks,us,XNAS,CS,True,usd,0001591588,BBG005ZVDK48,BBG005ZVDK57,2025-09-30T06:05:29.844750802Z
AMRN,Amarin Corp Plc,stocks,us,XNAS,ADRC,True,usd,0000897448,BBG000BPYG99,BBG001SD42R0,2025-09-30T06:05:29.844750882Z
AMRX,"Amneal Pharmaceuticals, Inc. Class A Common Stock",stocks,us,XNAS,CS,True,usd,0001723128,BBG00462PGG0,BBG00462PGH9,2025-09-30T06:05:29.844750963Z
AMRZ,Amrize Ltd,stocks,us,XNYS,CS,True,usd,0002035989,2025-09-30T06:05:29.844751043Z
AMS,American Shared Hospital Services,stocks,us,XASE,CS,True,usd,0000744825,BBG000BBVZ37,BBG001S5NPF8,2025-09-30T06:05:29.844751133Z
AMSC,American Superconductor Corp,stocks,us,XNAS,CS,True,usd,0000880807,BBG000CP3D44,BBG001S70C31,2025-09-30T06:05:29.844751213Z
AMSF,"AMERISAFE, Inc.",stocks,us,XNAS,CS,True,usd,0001018979,BBG000Q0JJQ0,BBG001SDH7B2,2025-09-30T06:05:29.844751293Z
AMST,Amesite Inc.,stocks,us,XNAS,CS,True,usd,0001807166,BBG00KY7FCW4,BBG00KY7FCX3,2025-09-30T06:05:29.844751373Z
AMT,American Tower Corporation,stocks,us,XNYS,CS,True,usd,0001053507,BBG000B9XYV2,BBG001S5NPQ6,2025-09-30T06:05:29.844751564Z
AMTB,Amerant Bancorp Inc.,stocks,us,XNYS,CS,True,usd,0001734342,BBG001KHCXD7,BBG001V0P1S2,2025-09-30T06:05:29.844751644Z
AMTD,"AMTD IDEA Group American Depositary Shares, each representing six (6) Class A Ordinary Shares",stocks,us,XNYS,ADRC,True,usd,0001769731,BBG00PH297Y9,BBG00PH298P7,2025-09-30T06:05:29.844751764Z
AMTM,"Amentum Holdings, Inc.",stocks,us,XNYS,CS,True,usd,0002011286,BBG01NY7B734,BBG01NY7B770,2025-09-30T06:05:29.844751844Z
AMTX,"Aemetis, Inc. (DE) Common Stock",stocks,us,XNAS,CS,True,usd,0000738214,BBG000BWBZY9,BBG001SCST33,2025-09-30T06:05:29.844751934Z
AMUB,"ETRACS Alerian MLP Index ETN Series B due July 18, 2042",stocks,us,ARCX,ETN,True,usd,0001114446,BBG00B59KB85,BBG00B59KB76,2025-09-30T06:05:29.844752025Z
AMUU,Direxion Daily AMD Bull 2X Shares,stocks,us,XNAS,ETF,True,usd,BBG01S4S1M83,BBG01S4S1N63,2025-09-30T06:05:29.844752425Z
AMWD,American Woodmark Corp,stocks,us,XNAS,CS,True,usd,0000794619,BBG000BBX657,BBG001S5NQ57,2025-09-30T06:05:29.844752516Z
AMWL,American Well Corporation,stocks,us,XNYS,CS,True,usd,0001393584,BBG002R1JYY1,BBG002R1JYZ0,2025-09-30T06:05:29.844752606Z
AMX,America Movil S.A.B de C.V American Depositary Shares (each representing the right to receive twenty (20) Series B Shares),stocks,us,XNYS,ADRC,True,usd,0001129137,BBG01FRH5MK2,BBG01FRH5ND8,2025-09-30T06:05:29.844752706Z
AMYY,GraniteShares YieldBOOST AMD ETF,stocks,us,XNAS,ETF,True,usd,0001689873,BBG01X4WY3P0,BBG01X4WY4V1,2025-09-30T06:05:29.844752786Z
AMZA,InfraCap MLP ETF,stocks,us,ARCX,ETF,True,usd,0001559109,BBG0077X4F42,BBG0077X4F33,2025-09-30T06:05:29.844752876Z
AMZD,Direxion Daily AMZN Bear 1X Shares,stocks,us,XNAS,ETF,True,usd,BBG019HFY6V2,BBG019HFY7P7,2025-09-30T06:05:29.844752956Z
AMZE,"Amaze Holdings, Inc.",stocks,us,XASE,CS,True,usd,0001880343,BBG013N9RNG0,BBG013N9RPD8,2025-09-30T06:05:29.844753037Z
AMZN,Amazon.Com Inc,stocks,us,XNAS,CS,True,usd,0001018724,BBG000BVPV84,BBG001S5PQL7,2025-09-30T06:05:29.844753127Z
AMZP,Kurv Yield Premium Strategy Amazon (AMZN) ETF,stocks,us,BATS,ETF,True,usd,0001848758,BBG01QY0H433,BBG01QY0H4Y9,2025-09-30T06:05:29.844753207Z
AMZU,Direxion Shares ETF Trust Direxion Daily AMZN Bull 2X Shares,stocks,us,XNAS,ETF,True,usd,BBG019HFXXC5,BBG019HFXY60,2025-09-30T06:05:29.844753417Z
AMZW,Roundhill AMZN WeeklyPay ETF,stocks,us,BATS,ETF,True,usd,BBG01VKF7GV7,BBG01VKF7HR0,2025-09-30T06:05:29.844753497Z
AMZY,YieldMax AMZN Option Income Strategy ETF,stocks,us,ARCX,ETS,True,usd,BBG01HMFFZL6,BBG01HMFG0L2,2025-09-30T06:05:29.844753628Z
AMZZ,GraniteShares 2x Long AMZN Daily ETF,stocks,us,XNAS,ETF,True,usd,0001689873,BBG01LNX9683,BBG01LNX97G2,2025-09-30T06:05:29.844753708Z
AN,"AutoNation, Inc.",stocks,us,XNYS,CS,True,usd,0000350698,BBG000BBXLW4,BBG001S5NQB0,2025-09-30T06:05:29.844753798Z
ANAB,"AnaptysBio, Inc. Common Stock",stocks,us,XNAS,CS,True,usd,0001370053,BBG0026ZDHR0,BBG0026ZDHT8,2025-09-30T06:05:29.844753878Z
ANDE,Andersons Inc/The,stocks,us,XNAS,CS,True,usd,0000821026,BBG000BF8CN3,BBG001S60FJ9,2025-09-30T06:05:29.844753958Z
ANEB,"Anebulo Pharmaceuticals, Inc. Common Stock",stocks,us,XNAS,CS,True,usd,0001815974,BBG00ZWY5GC8,BBG00ZWY5GD7,2025-09-30T06:05:29.844754038Z
ANEL,Defiance Daily Target 2x Long ANET ETF,stocks,us,XNAS,ETF,True,usd,BBG01X0Z5YK6,BBG01X0Z5ZH7,2025-09-30T06:05:29.844754139Z
ANET,Arista Networks,stocks,us,XNYS,CS,True,usd,0001596532,BBG000N2HDY5,BBG001T51KQ0,2025-09-30T06:05:29.844754219Z
ANEW,ProShares MSCI Transformational Changes ETF,stocks,us,ARCX,ETF,True,usd,0001174610,BBG00XTVWSW5,BBG00XTVWTQ0,2025-09-30T06:05:29.844754299Z
ANF,Abercrombie & Fitch Co.,stocks,us,XNYS,CS,True,usd,0001018840,BBG000H9G7X2,BBG001S97027,2025-09-30T06:05:29.844754379Z
ANGH,Anghami Inc. Ordinary Shares,stocks,us,XNAS,CS,True,usd,0001871983,2025-09-30T06:05:29.844754459Z
ANGHW,Anghami Inc. Warrants,stocks,us,XNAS,WARRANT,True,usd,0001871983,2025-09-30T06:05:29.844754569Z
ANGI,Angi Inc. Class A Common Stock,stocks,us,XNAS,CS,True,usd,0001705110,BBG00HVKH3Q0,BBG00HVKH4F0,2025-09-30T06:05:29.84475481Z
ANGL,VanEck Fallen Angel High Yield Bond ETF,stocks,us,XNAS,ETF,True,usd,0001137360,BBG002VZY764,BBG002VZY7Y3,2025-09-30T06:05:29.84475499Z
ANGO,"AngioDynamics, Inc.",stocks,us,XNAS,CS,True,usd,0001275187,BBG000BB5621,BBG001S5RPY3,2025-09-30T06:05:29.844755171Z
ANGX,"Angel Studios, Inc.",stocks,us,XNYS,CS,True,usd,0001865200,BBG013SVSHG8,BBG013SVSJB9,2025-09-30T06:05:29.844755351Z
ANGpB,"American National Group Inc.  Depositary Shares, each representing a 1/1, 000th interest in a share of 6.625% Fixed-Rate Reset Non-Cumulative Preferred Stock, Series B",stocks,us,XNYS,PFD,True,usd,0001039828,2025-09-30T06:05:29.844755581Z
ANGpD,"American National Group Inc. Depositary Shares, each representing a 1/1000th interest in a share of 7.375% Fixed-Rate Non-Cumulative Preferred Stock, Series D",stocks,us,XNYS,PFD,True,usd,0001039828,2025-09-30T06:05:29.844755672Z
ANIK,Anika Therapeutics Inc,stocks,us,XNAS,CS,True,usd,0000898437,BBG000BBKZD8,BBG001S609X7,2025-09-30T06:05:29.844755752Z
ANIP,"ANI Pharmaceuticals, Inc.",stocks,us,XNAS,CS,True,usd,0001023024,BBG000KK1L04,BBG001S9DR85,2025-09-30T06:05:29.844755832Z
ANIX,"Anixa Biosciences, Inc.",stocks,us,XNAS,CS,True,usd,0000715446,BBG000BG3J79,BBG001S5Q1P7,2025-09-30T06:05:29.844755982Z
ANL,Adlai Nortye Ltd. American Depositary Shares,stocks,us,XNAS,ADRC,True,usd,0001944552,BBG01HP11SV4,BBG01HP11TP9,2025-09-30T06:05:29.844756082Z
ANNA,"AleAnna, Inc. Class A Common Stock",stocks,us,XNAS,CS,True,usd,0001845123,BBG01R8ZDT05,BBG01R8ZDT14,2025-09-30T06:05:29.844756162Z
ANNAW,"AleAnna, Inc. Warrant",stocks,us,XNAS,WARRANT,True,usd,0001845123,BBG01R8ZPBY4,2025-09-30T06:05:29.844756243Z
ANNX,"Annexon, Inc. Common Stock",stocks,us,XNAS,CS,True,usd,0001528115,BBG007QVDFG2,BBG007QVDFH1,2025-09-30T06:05:29.844756323Z
ANPA,Rich Sparkle Holdings Limited Ordinary Shares,stocks,us,XNAS,CS,True,usd,0002031688,2025-09-30T06:05:29.844756403Z
ANRO,Alto Neuroscience Inc.,stocks,us,XNYS,CS,True,usd,0001999480,BBG00WYFS6R5,BBG00WYFS6S4,2025-09-30T06:05:29.844756483Z
ANSC,Agriculture & Natural Solutions Acquisition Corporation Class A Ordinary Shares,stocks,us,XNAS,CS,True,usd,0001854149,2025-09-30T06:05:29.844756563Z
ANSCU,Agriculture & Natural Solutions Acquisition Corporation Unit,stocks,us,XNAS,UNIT,True,usd,0001854149,2025-09-30T06:05:29.844756653Z
ANSCW,Agriculture & Natural Solutions Acquisition Corporation Warrant,stocks,us,XNAS,WARRANT,True,usd,0001854149,2025-09-30T06:05:29.844756734Z
ANTA,Antalpha Platform Holding Company Class A Ordinary Shares,stocks,us,XNAS,CS,True,usd,0002044255,2025-09-30T06:05:29.844756954Z
ANTX,"AN2 Therapeutics, Inc. Common Stock",stocks,us,XNAS,CS,True,usd,0001880438,BBG00QYLYBK4,BBG00QYLYBL3,2025-09-30T06:05:29.844757044Z
ANVS,"Annovis Bio, Inc.",stocks,us,XNYS,CS,True,usd,0001477845,BBG00PN9XD40,BBG00PN9XDJ4,2025-09-30T06:05:29.844757154Z
ANY,Sphere 3D Corp. Common Shares,stocks,us,XNAS,CS,True,usd,0001591956,BBG004Z3JRW1,BBG001T8QYM1,2025-09-30T06:05:29.844757245Z
AOA,iShares Core 80/20 Aggressive Allocation ETF,stocks,us,ARCX,ETF,True,usd,0000913414,BBG000KD8RP3,BBG001T3YVL0,2025-09-30T06:05:29.844757325Z
AOCT,Innovator Equity Defined Protection ETF - 2 Yr to October 2026,stocks,us,BATS,ETF,True,usd,0001415726,BBG01Q0RLZ64,BBG01Q0RM015,2025-09-30T06:05:29.844757405Z
AOD,abrdn Total Dynamic Dividend Fund,stocks,us,XNYS,FUND,True,usd,0001379400,BBG000QC34R3,BBG001SS0YX4,2025-09-30T06:05:29.844757485Z
AOHY,Angel Oak High Yield  Opportunities ETF,stocks,us,XNAS,ETF,True,usd,BBG01LCCJ3D1,BBG01LCCJ476,2025-09-30T06:05:29.844757575Z
AOK,iShares Core 30/70 Conservative Allocation ETF,stocks,us,ARCX,ETF,True,usd,0000913414,BBG000KD2X85,BBG001T3YTX2,2025-09-30T06:05:29.844757665Z
AOM,iShares Core 40/60 Moderate Allocation ETF,stocks,us,ARCX,ETF,True,usd,0001100663,BBG000KD5M13,BBG001T3YV21,2025-09-30T06:05:29.844757746Z
AOMD,"Angel Oak Mortgage REIT, Inc. 9.750% Senior Notes due 2030",stocks,us,XNYS,SP,True,usd,0001766478,2025-09-30T06:05:29.844757826Z
AOMN,"Angel Oak Mortgage REIT, Inc. 9.500% Senior Notes due 2029",stocks,us,XNYS,SP,True,usd,0001766478,2025-09-30T06:05:29.844757916Z
AOMR,"Angel Oak Mortgage REIT, Inc.",stocks,us,XNYS,CS,True,usd,0001766478,BBG0113S8MK2,BBG0113S8ND8,2025-09-30T06:05:29.844758287Z
AON,Aon plc Class A,stocks,us,XNYS,CS,True,usd,0000315293,2025-09-30T06:05:29.844758367Z
AOR,iShares Core 60/40 Balanced Allocation ETF,stocks,us,ARCX,ETF,True,usd,0000913414,BBG000KD76D3,BBG001T3YV58,2025-09-30T06:05:29.844758447Z
AORT,"Artivion, Inc.",stocks,us,XNYS,CS,True,usd,0000784199,BBG000BMLVJ6,BBG001SB3CB0,2025-09-30T06:05:29.844758537Z
AOS,A.O. Smith Corporation,stocks,us,XNYS,CS,True,usd,0000091142,BBG000BC1L02,BBG001S5NRY3,2025-09-30T06:05:29.844758747Z
AOSL,Alpha and Omega Semiconductor Limited,stocks,us,XNAS,CS,True,usd,0001387467,2025-09-30T06:05:29.844758838Z
AOTG,AOT Growth and Innovation ETF,stocks,us,XNAS,ETF,True,usd,BBG017PHCW68,BBG017PHCX11,2025-09-30T06:05:29.844758998Z
AOUT,"American Outdoor Brands, Inc. Common Stock",stocks,us,XNAS,CS,True,usd,0001808997,BBG00QV8FS02,BBG00QV8FS11,2025-09-30T06:05:29.844759088Z
AP,Ampco-Pittsburgh Corp.,stocks,us,XNYS,CS,True,usd,0000006176,BBG000BC20T6,BBG001S5NS08,2025-09-30T06:05:29.844759168Z
APA,APA Corporation Common Stock,stocks,us,XNAS,CS,True,usd,0001841666,BBG00YTS96G2,BBG00YTS96H1,2025-09-30T06:05:29.844759248Z
APAD,A Paradise Acquisition Corp. Class A Ordinary Shares,stocks,us,XNAS,CS,True,usd,0001956439,2025-09-30T06:05:29.844759329Z
APADR,A Paradise Acquisition Corp. Rights,stocks,us,XNAS,RIGHT,True,usd,0001956439,2025-09-30T06:05:29.844759409Z
APADU,A Paradise Acquisition Corp. Unit,stocks,us,XNAS,UNIT,True,usd,0001956439,2025-09-30T06:05:29.844759489Z
APAM,ARTISAN PARTNERS ASSET MANAGEMENT INC.,stocks,us,XNYS,CS,True,usd,0001517302,BBG001M6CZY1,BBG001V107T3,2025-09-30T06:05:29.844759569Z
APCB,ActivePassive Core Bond ETF,stocks,us,ARCX,ETF,True,usd,0001141819,BBG01GHCZHB0,BBG01GHCZJ53,2025-09-30T06:05:29.844759649Z
APD,"Air Products & Chemicals, Inc.",stocks,us,XNYS,CS,True,usd,0000002969,BBG000BC4JJ4,BBG001S5NSB6,2025-09-30T06:05:29.844759769Z
APDN,"Applied DNA Sciences, Inc.",stocks,us,XNAS,CS,True,usd,0000744452,BBG000DGRCY6,BBG001SDFYK5,2025-09-30T06:05:29.84475985Z
APED,STKd 100% MSTR & 100% COIN ETF,stocks,us,XNAS,ETF,True,usd,BBG01SJX1GK5,BBG01SJX1J83,2025-09-30T06:05:29.84475993Z
APEI,"American Public Education, Inc.",stocks,us,XNAS,CS,True,usd,0001201792,BBG000RVD346,BBG001SRS4S8,2025-09-30T06:05:29.84476001Z
APG,APi Group Corporation,stocks,us,XNYS,CS,True,usd,0001796209,BBG00HXKRGY9,BBG00HVV7984,2025-09-30T06:05:29.84476009Z
APGE,"Apogee Therapeutics, Inc. Common Stock",stocks,us,XNAS,CS,True,usd,0001974640,BBG01H51WYQ5,BBG01H51WZL7,2025-09-30T06:05:29.8447603Z
APH,Amphenol Corporation,stocks,us,XNYS,CS,True,usd,0000820313,BBG000B9YJ35,BBG001S5NSK6,2025-09-30T06:05:29.844760381Z
API,"Agora, Inc. American Depositary Shares",stocks,us,XNAS,ADRC,True,usd,0001802883,BBG00V9VKFB5,BBG00V9VKG50,2025-09-30T06:05:29.844760501Z
APIE,ActivePassive International Equity ETF,stocks,us,ARCX,ETF,True,usd,0001141819,BBG01GHDT638,BBG01GHDT6Z3,2025-09-30T06:05:29.844760591Z
APLD,Applied Digital Corporation Common Stock,stocks,us,XNAS,CS,True,usd,0001144879,BBG000DSJYS8,BBG001SK4K76,2025-09-30T06:05:29.844760671Z
APLE,"Apple Hospitality REIT, Inc.",stocks,us,XNYS,CS,True,usd,0001418121,BBG006473QX9,BBG006473QY8,2025-09-30T06:05:29.844760791Z
APLM,Apollomics Inc. Class A Ordinary Shares,stocks,us,XNAS,CS,True,usd,0001944885,2025-09-30T06:05:29.844760871Z
APLMW,Apollomics Inc. Warrant,stocks,us,XNAS,WARRANT,True,usd,0001944885,2025-09-30T06:05:29.844760952Z
APLS,"Apellis Pharmaceuticals, Inc. Common Stock",stocks,us,XNAS,CS,True,usd,0001492422,BBG007KGRPY4,BBG007KGRPZ3,2025-09-30T06:05:29.844761032Z
APLT,"Applied Therapeutics, Inc. Common Stock",stocks,us,XNAS,CS,True,usd,0001697532,BBG000DD0489,BBG001SMJMY2,2025-09-30T06:05:29.844761112Z
APLU,Allspring Core Plus ETF,stocks,us,ARCX,ETF,True,usd,BBG01R02P2S2,BBG01R02P3W5,2025-09-30T06:05:29.844761192Z
APLX,Tradr 2X Long APLD Daily ETF,stocks,us,BATS,ETF,True,usd,BBG01X4RKPH6,BBG01X4RKR28,2025-09-30T06:05:29.844761272Z
APLY,YieldMax AAPL Option Income Strategy ETF,stocks,us,ARCX,ETS,True,usd,BBG01FV8K8Y6,BBG01FV8K9V7,2025-09-30T06:05:29.844761352Z
APM,Aptorum Group Limited Class A Ordinary Shares,stocks,us,XNAS,CS,True,usd,0001734005,2025-09-30T06:05:29.844761433Z
APMU,ActivePassive Intermediate Municipal Bond ETF,stocks,us,ARCX,ETF,True,usd,0001141819,BBG01GHD8KY6,BBG01GHD8LS1,2025-09-30T06:05:29.844761513Z
APO,"Apollo Global Management, Inc.",stocks,us,XNYS,CS,True,usd,0001858681,BBG00ZNLTFK3,BBG00ZNLTFL2,2025-09-30T06:05:29.844761613Z
APOC,Innovator Equity Defined Protection ETF - 6mo Apr/Oct,stocks,us,BATS,ETF,True,usd,0001415726,BBG01Q0QS2S8,BBG01Q0QS4L1,2025-09-30T06:05:29.844761833Z
APOG,Apogee Enterprises Inc,stocks,us,XNAS,CS,True,usd,0000006845,BBG000BC6L61,BBG001S5NSY1,2025-09-30T06:05:29.844762024Z
APOS,"Apollo Global Management, Inc. 7.625% Fixed-Rate Resettable Junior Subordinated Notes due 2053",stocks,us,XNYS,SP,True,usd,0001858681,2025-09-30T06:05:29.844762104Z
APOpA,"Apollo Global Management, Inc. 6.75% Series A Mandatory Convertible Preferred Stock",stocks,us,XNYS,SP,True,usd,0001858681,2025-09-30T06:05:29.844762194Z
APP,Applovin Corporation Class A Common Stock,stocks,us,XNAS,CS,True,usd,0001751008,BBG006HFPX77,BBG006HFPX86,2025-09-30T06:05:29.844762274Z
APPF,"AppFolio, Inc. Class A",stocks,us,XNAS,CS,True,usd,0001433195,BBG008GC8CP6,BBG008GC8CS3,2025-09-30T06:05:29.844762354Z
APPN,Appian Corporation Class A Common Stock,stocks,us,XNAS,CS,True,usd,0001441683,BBG001C7PMJ2,BBG001TWHH63,2025-09-30T06:05:29.844762434Z
APPS,"Digital Turbine, Inc.",stocks,us,XNAS,CS,True,usd,0000317788,BBG000HZ3562,BBG001SPBG12,2025-09-30T06:05:29.844762525Z
APPX,Tradr 2X Long APP Daily ETF,stocks,us,XNAS,ETF,True,usd,BBG01TLQ6631,BBG01TLQ66Z6,2025-09-30T06:05:29.844762645Z
APRE,"Aprea Therapeutics, Inc. Common stock",stocks,us,XNAS,CS,True,usd,0001781983,BBG00Q6Q3K37,BBG00Q6Q3KV6,2025-09-30T06:05:29.844762725Z
APRH,Innovator Premium Income 20 Barrier ETF - April,stocks,us,BATS,ETF,True,usd,0001415726,BBG01G42JFZ2,BBG01G42JGW3,2025-09-30T06:05:29.844762805Z
APRJ,Innovator Premium Income 30 Barrier ETF - April,stocks,us,BATS,ETF,True,usd,0001415726,BBG01G42Y382,BBG01G42Y435,2025-09-30T06:05:29.844762885Z
APRP,PGIM S&P 500 Buffer 12 ETF - April,stocks,us,BATS,ETF,True,usd,BBG01M362VH4,BBG01M362WB8,2025-09-30T06:05:29.844762965Z
APRT,AllianzIM U.S. Large Cap Buffer10 Apr ETF,stocks,us,ARCX,ETS,True,usd,0001797318,BBG00V5MP3T2,BBG00V5MP4M7,2025-09-30T06:05:29.844763046Z
APRW,AllianzIM U.S. Large Cap Buffer20 Apr ETF,stocks,us,ARCX,ETS,True,usd,0001797318,BBG00V5MGGY7,BBG00V5MGHR3,2025-09-30T06:05:29.844763126Z
APRZ,TrueShares Structured Outcome (April) ETF,stocks,us,BATS,ETF,True,usd,0001776878,BBG01WJZK5V2,BBG01WJZK6S4,2025-09-30T06:05:29.844763206Z
APT,"Alpha Pro Tech, Ltd.",stocks,us,XASE,CS,True,usd,0000884269,BBG000C1H7Y2,BBG001S67MP0,2025-09-30T06:05:29.844763416Z
APTV,Aptiv PLC,stocks,us,XNYS,CS,True,usd,0001521332,2025-09-30T06:05:29.844763496Z
APUE,ActivePassive U.S. Equity ETF,stocks,us,ARCX,ETF,True,usd,0001141819,BBG01GHDLT90,BBG01GHDLV59,2025-09-30T06:05:29.844763627Z
APUS,"Apimeds Pharmaceuticals US, Inc.",stocks,us,XASE,CS,True,usd,0001894525,BBG01Q0T3D78,BBG01Q0T3FL7,2025-09-30T06:05:29.844763707Z
APVO,Aptevo Therapeutics Inc,stocks,us,XNAS,CS,True,usd,0001671584,BBG009RRZ8C2,BBG009RRZ8D1,2025-09-30T06:05:29.844763787Z
APWC,Asia Pacific Wire & Cable Corp,stocks,us,XNAS,CS,True,usd,0001026980,2025-09-30T06:05:29.844763867Z
APXM,FT Vest U.S. Equity Max Buffer ETF - April,stocks,us,BATS,ETF,True,usd,0001667919,BBG01TG24ZX5,BBG01TG250R8,2025-09-30T06:05:29.844763947Z
APYX,Apyx Medical Corporation Common Stock,stocks,us,XNAS,CS,True,usd,0000719135,BBG000F4B671,BBG001S9F304,2025-09-30T06:05:29.844764028Z
AQB,"AquaBounty Technologies, Inc.",stocks,us,XNAS,CS,True,usd,0001603978,BBG00FQB2FM3,BBG007HWZ845,2025-09-30T06:05:29.844764118Z
AQLT,iShares MSCI Global Quality Factor ETF,stocks,us,BATS,ETF,True,usd,0001100663,BBG01R38HHD8,BBG01R38HJN3,2025-09-30T06:05:29.844764208Z
AQMS,"Aqua Metals, Inc. Common Stock",stocks,us,XNAS,CS,True,usd,0001621832,BBG009CQH0P3,BBG009CQH0Q2,2025-09-30T06:05:29.844764288Z
AQN,Algonquin Power & Utilities Corp,stocks,us,XNYS,CS,True,usd,0001174169,BBG000G28WZ0,BBG001S8LHC5,2025-09-30T06:05:29.844764368Z
AQNB,"Algonquin Power & Utilities Corp. 6.20% Fixed-to-Floating Subordinated Notes Series 2019-A due July 1, 2079",stocks,us,XNYS,SP,True,usd,0001174169,2025-09-30T06:05:29.844764448Z
AQST,"Aquestive Therapeutics, Inc. Common Stock",stocks,us,XNAS,CS,True,usd,0001398733,BBG00L9HP0Z0,BBG00L9HP1R7,2025-09-30T06:05:29.844764528Z
AQWA,Global X Clean Water ETF,stocks,us,XNAS,ETF,True,usd,0001432353,BBG00ZYYP7Z9,BBG00ZYYP8T4,2025-09-30T06:05:29.844764609Z
AR,ANTERO RESOURCES CORPORATION,stocks,us,XNYS,CS,True,usd,0001433270,BBG000PW5VX1,BBG001T61KH8,2025-09-30T06:05:29.844764689Z
ARAI,Arrive AI Inc. Common Stock,stocks,us,XNAS,CS,True,usd,0001818274,BBG01RK67W78,BBG01RK67X21,2025-09-30T06:05:29.844764939Z
ARAY,Accuray Incorporated,stocks,us,XNAS,CS,True,usd,0001138723,BBG000QNRY51,BBG001SFHKJ0,2025-09-30T06:05:29.844765019Z
ARB,AltShares Merger Arbitrage ETF,stocks,us,ARCX,ETF,True,usd,0001779306,BBG00S7NVQL5,BBG00S7NVRB4,2025-09-30T06:05:29.84476516Z
ARBB,ARB IOT Group Limited Ordinary Shares,stocks,us,XNAS,CS,True,usd,0001930179,2025-09-30T06:05:29.84476524Z
ARBE,Arbe Robotics Ltd. Ordinary Shares,stocks,us,XNAS,CS,True,usd,0001861841,2025-09-30T06:05:29.84476532Z
ARBEW,Arbe Robotics Ltd. Warrant,stocks,us,XNAS,WARRANT,True,usd,0001861841,2025-09-30T06:05:29.8447654Z
ARBK,Argo Blockchain plc American Depositary Shares,stocks,us,XNAS,ADRC,True,usd,0001841675,BBG0127RP0J9,BBG0127RP1C4,2025-09-30T06:05:29.84476549Z
ARBKL,Argo Blockchain plc 8.75% Senior Notes due 2026,stocks,us,XNAS,CS,True,usd,0001841675,2025-09-30T06:05:29.84476557Z
ARCB,ArcBest Corporation,stocks,us,XNAS,CS,True,usd,0000894405,BBG000C1PFY5,BBG001S686R2,2025-09-30T06:05:29.844765651Z
ARCC,Ares Capital Corporation,stocks,us,XNAS,CS,True,usd,0001287750,BBG000PD6X77,BBG001SL96Z9,2025-09-30T06:05:29.844765731Z
ARCM,Arrow Reserve Capital Management ETF,stocks,us,BATS,ETF,True,usd,BBG00GBV8NN9,BBG00GBV8PC6,2025-09-30T06:05:29.844766091Z
ARCO,ARCOS DORADOS HOLDINGS INC.,stocks,us,XNYS,CS,True,usd,0001508478,2025-09-30T06:05:29.844766202Z
ARCT,Arcturus Therapeutics Holdings Inc. Common Stock,stocks,us,XNAS,CS,True,usd,0001768224,BBG00NNW8JK1,BBG00NNW8JL0,2025-09-30T06:05:29.844766282Z
ARCX,Tradr 2X Long ACHR Daily ETF,stocks,us,BATS,ETF,True,usd,BBG01VCYLC20,BBG01VCYLD73,2025-09-30T06:05:29.844766362Z
ARDC,"ARES DYNAMIC CREDIT ALLOCATION FUND, INC.",stocks,us,XNYS,FUND,True,usd,0001515324,BBG001LJH325,BBG001V0WD35,2025-09-30T06:05:29.844766442Z
ARDT,"Ardent Health, Inc.",stocks,us,XNYS,CS,True,usd,0001756655,BBG00DM203B3,BBG00DM203C2,2025-09-30T06:05:29.844766522Z
ARDX,"Ardelyx, Inc.",stocks,us,XNAS,CS,True,usd,0001437402,BBG001WH4DQ3,BBG001WH4F33,2025-09-30T06:05:29.844766743Z
ARE,"Alexandria Real Estate Equities, Inc.",stocks,us,XNYS,CS,True,usd,0001035443,BBG000BC33T9,BBG001S6CPH6,2025-09-30T06:05:29.844766943Z
AREA,Harbor AlphaEdge Next Generation REITs ETF,stocks,us,ARCX,ETF,True,usd,0001860434,BBG01PBVL400,BBG01PBVL516,2025-09-30T06:05:29.844767023Z
AREB,"American Rebel Holdings, Inc. Common Stock",stocks,us,XNAS,CS,True,usd,0001648087,BBG009R1VQJ6,BBG009R1VQK4,2025-09-30T06:05:29.844767113Z
AREBW,"American Rebel Holdings, Inc. Warrants",stocks,us,XNAS,WARRANT,True,usd,0001648087,BBG014QZN9T8,2025-09-30T06:05:29.844767204Z
AREC,AMERICAN RESOURCES CORP,stocks,us,XNAS,CS,True,usd,0001590715,BBG005VQ4CM1,BBG005VQ4CN0,2025-09-30T06:05:29.844767284Z
AREN,"The Arena Group Holdings, Inc.",stocks,us,XASE,CS,True,usd,0000894871,BBG000HPKKH0,BBG001S9BDW1,2025-09-30T06:05:29.844767364Z
ARES,Ares Management Corporation Class A Common Stock,stocks,us,XNYS,CS,True,usd,0001176948,BBG0068KVV91,BBG0068KVVC7,2025-09-30T06:05:29.844767444Z
ARESpB,Ares Management Corporation 6.75% Series B Mandatory Convertible Preferred Stock,stocks,us,XNYS,SP,True,usd,0001176948,2025-09-30T06:05:29.844767544Z
ARGT,Global X MSCI Argentina ETF,stocks,us,ARCX,ETF,True,usd,0001432353,BBG001K93GS6,BBG001V0LJT6,2025-09-30T06:05:29.844767634Z
ARGX,argenx SE American Depositary Shares,stocks,us,XNAS,ADRC,True,usd,0001697862,BBG00GHB88X9,BBG00GHB88Y8,2025-09-30T06:05:29.844768015Z
ARHS,"Arhaus, Inc. Class A Common Stock",stocks,us,XNAS,CS,True,usd,0001875444,BBG012TKHZ11,BBG012TKHZW7,2025-09-30T06:05:29.844768105Z
ARI,"APOLLO COMMERCIAL REAL ESTATE FINANCE, INC.",stocks,us,XNYS,CS,True,usd,0001467760,BBG000NFPF36,BBG001T55FJ5,2025-09-30T06:05:29.844768185Z
ARIS,"Aris Water Solutions, Inc.",stocks,us,XNYS,CS,True,usd,0001865187,BBG012PPXMR7,BBG012PPXNM0,2025-09-30T06:05:29.844768276Z
ARKB,ARK 21Shares Bitcoin ETF,stocks,us,BATS,ETF,True,usd,0001869699,BBG01KY6DWQ0,BBG01KY6DXL3,2025-09-30T06:05:29.844768476Z
ARKF,ARK Fintech Innovation ETF,stocks,us,BATS,ETF,True,usd,0001697748,BBG00N7YFK60,BBG00N7YFKY9,2025-09-30T06:05:29.844768596Z
ARKG,ARK Genomic Revolution ETF,stocks,us,BATS,ETF,True,usd,0001697748,BBG007FJPCB0,BBG007FJPCC9,2025-09-30T06:05:29.844768807Z
ARKK,ARK Innovation ETF,stocks,us,BATS,ETF,True,usd,0001697748,BBG007FJMV58,BBG007FJMV49,2025-09-30T06:05:29.844769017Z
ARKO,ARKO Corp. Common Stock,stocks,us,XNAS,CS,True,usd,0001823794,BBG00YD8K411,BBG00YD8K420,2025-09-30T06:05:29.844769097Z
ARKOW,ARKO Corp. Warrant,stocks,us,XNAS,WARRANT,True,usd,0001823794,BBG00YFJ1LY2,2025-09-30T06:05:29.844769177Z
ARKQ,ARK Autonomous Technology & Robotics ETF,stocks,us,BATS,ETF,True,usd,0001697748,BBG0077Q7038,BBG0077Q7047,2025-09-30T06:05:29.844769257Z
ARKR,Ark Restaurants Corp,stocks,us,XNAS,CS,True,usd,0000779544,BBG000DMMH86,BBG001S8F0L9,2025-09-30T06:05:29.844769348Z
ARKW,ARK Next Generation Internet ETF,stocks,us,BATS,ETF,True,usd,0001697748,BBG0077Q7LF9,BBG0077Q7LG8,2025-09-30T06:05:29.844769428Z
ARKX,ARK Space Exploration & Innovation ETF,stocks,us,BATS,ETF,True,usd,0001697748,BBG00ZV1N0C6,BBG00ZV1N161,2025-09-30T06:05:29.844769508Z
ARL,"American Realty Investors, Inc.",stocks,us,XNYS,CS,True,usd,0001102238,BBG000C1RRF8,BBG001SFRR04,2025-09-30T06:05:29.844769598Z
ARLO,"Arlo Technologies, Inc.",stocks,us,XNYS,CS,True,usd,0001736946,BBG00K88DTH3,BBG00K88DTJ1,2025-09-30T06:05:29.844769688Z
ARLP,Alliance Resource Partners LP,stocks,us,XNAS,CS,True,usd,0001086600,BBG000C14X88,BBG001SD52Y1,2025-09-30T06:05:29.844769768Z
ARLU,AllianzIM U.S. Equity Buffer15 Uncapped Apr ETF,stocks,us,BATS,ETF,True,usd,0001797318,BBG01M371GT3,BBG01M371HP5,2025-09-30T06:05:29.844769849Z
ARM,Arm Holdings plc American Depositary Shares,stocks,us,XNAS,ADRC,True,usd,0001973239,BBG01J1GXZF0,BBG01J1GY084,2025-09-30T06:05:29.844769929Z
ARMG,Leverage Shares 2X Long ARM Daily ETF,stocks,us,XNAS,ETF,True,usd,0001976322,BBG01RQ6WKX1,BBG01RQ6WLS5,2025-09-30T06:05:29.844770009Z
ARMH,Arm Holdings PLC ADRhedged,stocks,us,ARCX,ETS,True,usd,BBG01SR0G376,BBG01SR0G429,2025-09-30T06:05:29.844770089Z
ARMK,ARAMARK,stocks,us,XNYS,CS,True,usd,0001584509,BBG001KY4N87,BBG001V0NR70,2025-09-30T06:05:29.844770179Z
ARMN,Aris Mining Corporation,stocks,us,XASE,CS,True,usd,0001964504,BBG000K0VQL1,BBG001S75835,2025-09-30T06:05:29.84477041Z
ARMP,"Armata Pharmaceuticals, Inc. Common Stock",stocks,us,XASE,CS,True,usd,0000921114,BBG000BD7CF8,BBG001S5WNR0,2025-09-30T06:05:29.84477049Z
ARMU,T-REX 2X Long ARM Daily Target ETF,stocks,us,BATS,ETF,True,usd,BBG01SGMKBV0,BBG01SGMKCR3,2025-09-30T06:05:29.84477063Z
AROC,Archrock Inc,stocks,us,XNYS,CS,True,usd,0001389050,BBG000RWH1V4,BBG001SVDK72,2025-09-30T06:05:29.84477071Z
AROW,Arrow Financial Corp,stocks,us,XNAS,CS,True,usd,0000717538,BBG000BCBS51,BBG001S5NV83,2025-09-30T06:05:29.84477079Z
ARP,PMV Adaptive Risk Parity ETF,stocks,us,ARCX,ETF,True,usd,BBG01C17LTH0,BBG01C17LVB1,2025-09-30T06:05:29.844770871Z
ARQ,"Arq, Inc. Common Stock",stocks,us,XNAS,CS,True,usd,0001515156,BBG000JFNL85,BBG001S7XN59,2025-09-30T06:05:29.844770951Z
ARQQ,Arqit Quantum Inc. Ordinary Shares,stocks,us,XNAS,CS,True,usd,0001859690,2025-09-30T06:05:29.844771031Z
ARQQW,Arqit Quantum Inc. Warrants,stocks,us,XNAS,WARRANT,True,usd,0001859690,2025-09-30T06:05:29.844771121Z
ARQT,"Arcutis Biotherapeutics, Inc. Common Stock",stocks,us,XNAS,CS,True,usd,0001787306,BBG00QN8K4M4,BBG00QN8K4P1,2025-09-30T06:05:29.844771201Z
ARR,"ARMOUR Residential REIT, Inc.",stocks,us,XNYS,CS,True,usd,0001428205,BBG000PRZNN8,BBG001SRBTG4,2025-09-30T06:05:29.844771281Z
ARRY,"Array Technologies, Inc. Common Stock",stocks,us,XNAS,CS,True,usd,0001820721,BBG001V4SF46,BBG002MX7TQ9,2025-09-30T06:05:29.844771361Z
ARRpC,"ARMOUR Residential REIT, Inc. 7.00% Series C Cumulative Redeemable Preferred Stock",stocks,us,XNYS,PFD,True,usd,0001428205,2025-09-30T06:05:29.844771442Z
ARTL,"Artelo Biosciences, Inc. Common Stock",stocks,us,XNAS,CS,True,usd,0001621221,BBG00793XCW0,BBG00793XCX9,2025-09-30T06:05:29.844771522Z
ARTNA,Artesian Resources Corp,stocks,us,XNAS,CS,True,usd,0000863110,BBG000BG1811,BBG001S7MLX4,2025-09-30T06:05:29.844771602Z
ARTV,"Artiva Biotherapeutics, Inc. Common Stock",stocks,us,XNAS,CS,True,usd,0001817241,BBG00VPZJ0F9,BBG00VPZJ0G8,2025-09-30T06:05:29.844771692Z
ARTW,Arts-Way Manufacturing Co Inc,stocks,us,XNAS,CS,True,usd,0000007623,BBG000BCCR52,BBG001S5NVL8,2025-09-30T06:05:29.844771933Z
ARTY,iShares Future AI & Tech ETF,stocks,us,ARCX,ETF,True,usd,0001100663,BBG00L9G3TC8,BBG00L9G3V33,2025-09-30T06:05:29.844772023Z
ARVN,"Arvinas, Inc",stocks,us,XNAS,CS,True,usd,0001655759,BBG00LW7YK82,BBG00LW7YL08,2025-09-30T06:05:29.844772133Z
ARVR,First Trust Indxx Metaverse ETF,stocks,us,XNAS,ETF,True,usd,0001125816,BBG015P0XN84,BBG015P0XP34,2025-09-30T06:05:29.844772213Z
ARW,"Arrow Electronics, Inc.",stocks,us,XNYS,CS,True,usd,0000007536,BBG000BCD3D5,BBG001S5NVP4,2025-09-30T06:05:29.844772293Z
ARWR,Arrowhead Research Corporation,stocks,us,XNAS,CS,True,usd,0000879407,BBG000BRVKH0,BBG001SGT8G5,2025-09-30T06:05:29.844772373Z
ARX,Accelerant Holdings,stocks,us,XNYS,CS,True,usd,0001997350,2025-09-30T06:05:29.844772454Z
AS,"Amer Sports, Inc.",stocks,us,XNYS,CS,True,usd,0001988894,2025-09-30T06:05:29.844772544Z
ASA,ASA GOLD AND PRECIOUS METALS LIMITED,stocks,us,XNYS,FUND,True,usd,0001230869,2025-09-30T06:05:29.844772624Z
ASAN,"Asana, Inc. Class A Common Stock",stocks,us,XNYS,CS,True,usd,0001477720,BBG00WYHL732,BBG00WYHL741,2025-09-30T06:05:29.844772704Z
ASB,Associated Banc-Corp,stocks,us,XNYS,CS,True,usd,0000007789,BBG000BCFQC3,BBG001S5NVZ3,2025-09-30T06:05:29.844772784Z
ASBA,Associated Banc-Corp 6.625% Fixed-Rate Reset Subordinated Notes due 2033,stocks,us,XNYS,SP,True,usd,0000007789,2025-09-30T06:05:29.844772864Z
ASBP,"Aspire Biopharma Holdings, Inc. Common Stock",stocks,us,XNAS,CS,True,usd,0001847345,BBG015STV133,BBG015STV142,2025-09-30T06:05:29.844772955Z
ASBPW,"Aspire Biopharma Holdings, Inc. Warrant",stocks,us,XNAS,WARRANT,True,usd,0001847345,BBG016PH81D5,2025-09-30T06:05:29.844773035Z
ASBpE,"Associated Banc-Corp Depositary Shares, each representing a 1/40th interest in a share of 5.875% Non-Cumulative Perpetual Preferred Stock, Series E",stocks,us,XNYS,PFD,True,usd,0000007789,2025-09-30T06:05:29.844773245Z
ASBpF,"Associated Banc-Corp Depositary Shares, each representing a 1/40th interest in a share of Associated Banc-Corp 5. 625% Non-Cumulative Perpetual Preferred Stock, Series F",stocks,us,XNYS,PFD,True,usd,0000007789,2025-09-30T06:05:29.844773325Z
ASC,ARDMORE SHIPPING CORPORATION,stocks,us,XNYS,CS,True,usd,0001577437,2025-09-30T06:05:29.844773405Z
ASCE,Allspring SMID Core ETF,stocks,us,ARCX,ETF,True,usd,BBG01VBLZXD6,BBG01VBLZYD4,2025-09-30T06:05:29.844773486Z
ASEA,Global X FTSE Southeast Asia ETF,stocks,us,ARCX,ETF,True,usd,0001432353,BBG001J4CVC3,BBG001V0GHG0,2025-09-30T06:05:29.844773896Z
ASET,FlexShares Real Assets Allocation Index Fund,stocks,us,XNAS,ETF,True,usd,0001491978,BBG00BH8YN56,BBG00BH8YN65,2025-09-30T06:05:29.844773976Z
ASG,LIBERTY ALL-STAR GROWTH FD,stocks,us,XNYS,FUND,True,usd,0000786035,BBG000DQH311,BBG001S8MP72,2025-09-30T06:05:29.844774067Z
ASGI,abrdn Global Infrastructure Income Fund,stocks,us,XNYS,FUND,True,usd,0001793855,BBG00VQRLFQ8,BBG00VQRLH39,2025-09-30T06:05:29.844774147Z
ASGM,Virtus AlphaSimplex Global Macro ETF,stocks,us,ARCX,ETF,True,usd,0001648403,BBG01W92SSN7,BBG01W92SV23,2025-09-30T06:05:29.844774227Z
ASGN,ASGN Incorporated,stocks,us,XNYS,CS,True,usd,0000890564,BBG000CRN8N8,BBG001S71HP5,2025-09-30T06:05:29.844774307Z
ASH,Ashland Inc.,stocks,us,XNYS,CS,True,usd,0001674862,BBG00D0Y81M1,BBG00D0Y81N0,2025-09-30T06:05:29.844774387Z
ASHR,Xtrackers Harvest CSI 300 China A-Shares ETF,stocks,us,ARCX,ETF,True,usd,0001503123,BBG005HJL923,BBG005HJL932,2025-09-30T06:05:29.844774467Z
ASHS,Xtrackers Harvest CSI 500 China A-Shares Small Cap ETF,stocks,us,ARCX,ETF,True,usd,0001503123,BBG006H1P0Q9,BBG006H1P0P0,2025-09-30T06:05:29.844774548Z
ASIA,Matthews Pacific Tiger Active ETF,stocks,us,ARCX,ETF,True,usd,BBG01JFJDTM7,BBG01JFJDVJ6,2025-09-30T06:05:29.844774628Z
ASIC,Ategrity Specialty Insurance Company Holdings,stocks,us,XNYS,CS,True,usd,0002040491,BBG01T25HLT5,BBG01T25HMP7,2025-09-30T06:05:29.844774708Z
ASIX,AdvanSix Inc.,stocks,us,XNYS,CS,True,usd,0001673985,BBG00CWTTQ41,BBG00CWTTQ32,2025-09-30T06:05:29.844774798Z
ASLE,AerSale Corporation Common Stock,stocks,us,XNAS,CS,True,usd,0001754170,BBG00R28X833,BBG00R28X851,2025-09-30T06:05:29.844774878Z
ASLV,Allspring Special Large Value ETF,stocks,us,ARCX,ETF,True,usd,BBG01SXNZNR2,BBG01SXNZPM2,2025-09-30T06:05:29.844774958Z
ASM,Avino Silver & Gold Mines Ltd. (Canada),stocks,us,XASE,CS,True,usd,0000316888,BBG000BMTLV6,BBG001SB77V5,2025-09-30T06:05:29.844775169Z
ASMB,"Assembly Biosciences, Inc",stocks,us,XNAS,CS,True,usd,0001426800,BBG000R62Q06,BBG001T9BMW0,2025-09-30T06:05:29.844775249Z
ASMF,Virtus AlphaSimplex Managed Futures ETF,stocks,us,ARCX,ETF,True,usd,0001648403,BBG01MT26WQ9,BBG01MT26XM1,2025-09-30T06:05:29.844775369Z
ASMG,Leverage Shares 2X Long ASML Daily ETF,stocks,us,XNAS,ETF,True,usd,0001976322,BBG01RQ6ZBC1,BBG01RQ6ZC75,2025-09-30T06:05:29.844775449Z
ASMH,ASML Holding NV ADRhedged,stocks,us,ARCX,ETS,True,usd,BBG01SR1H0L3,BBG01SR1H257,2025-09-30T06:05:29.844775529Z
ASML,ASML Holding NV,stocks,us,XNAS,ADRC,True,usd,0000937966,2025-09-30T06:05:29.84477582Z
ASND,Ascendis Pharma A/S American Depositary Shares,stocks,us,XNAS,ADRC,True,usd,0001612042,BBG007R7VNC1,BBG007R7VP72,2025-09-30T06:05:29.8447759Z
ASNS,"Actelis Networks, Inc. Common Stock",stocks,us,XNAS,CS,True,usd,0001141284,BBG000RNR4H3,BBG001SV9CJ2,2025-09-30T06:05:29.84477598Z
ASO,"Academy Sports and Outdoors, Inc.",stocks,us,XNAS,CS,True,usd,0001817358,BBG00X7L1C14,BBG00X7L1CW0,2025-09-30T06:05:29.84477607Z
ASPC,A SPAC III Acquisition Corp. Class A Ordinary Shares,stocks,us,XNAS,CS,True,usd,0001890361,2025-09-30T06:05:29.844776151Z
ASPCR,A SPAC III Acquisition Corp. Right,stocks,us,XNAS,RIGHT,True,usd,0001890361,2025-09-30T06:05:29.844776231Z
ASPCU,A SPAC III Acquisition Corp. Unit,stocks,us,XNAS,UNIT,True,usd,0001890361,2025-09-30T06:05:29.844776311Z
ASPI,ASP Isotopes Inc. Common Stock,stocks,us,XNAS,CS,True,usd,0001921865,BBG013Y062J3,BBG013Y062L0,2025-09-30T06:05:29.844776391Z
ASPN,"Aspen Aerogels, Inc.",stocks,us,XNYS,CS,True,usd,0001145986,BBG001S58GW6,BBG001SJZK39,2025-09-30T06:05:29.844776471Z
ASPS,Altisource Portfolio Solutions S.A.,stocks,us,XNAS,CS,True,usd,0001462418,2025-09-30T06:05:29.844776551Z
ASPSW,Altisource Portfolio Solutions S.A. Net Settle Stakeholder Warrants,stocks,us,XNAS,WARRANT,True,usd,0001462418,2025-09-30T06:05:29.844776632Z
ASPSZ,Altisource Portfolio Solutions S.A. Cash Exercise Stakeholder Warrants,stocks,us,XNAS,WARRANT,True,usd,0001462418,2025-09-30T06:05:29.844776852Z
ASR,"Grupo Aeroportuario del Sureste, S.A. de C.V. American Depositary Shares",stocks,us,XNYS,ADRC,True,usd,0001123452,BBG000B9XWX4,BBG001S5NWT8,2025-09-30T06:05:29.844776932Z
ASRT,"Assertio Holdings, Inc. Common Stock",stocks,us,XNAS,CS,True,usd,0001808665,BBG00T442DS2,BBG00T442DT1,2025-09-30T06:05:29.844777042Z
ASRV,AmeriServ Financial Inc,stocks,us,XNAS,CS,True,usd,0000707605,BBG000H0X129,BBG001SD3BP3,2025-09-30T06:05:29.844777122Z
ASST,"Strive, Inc. Class A Common Stock",stocks,us,XNAS,CS,True,usd,0001920406,BBG019HGLML0,BBG019HGLNF5,2025-09-30T06:05:29.844777213Z
ASTC,Astrotech Corporation (DE) Common Stock,stocks,us,XNAS,CS,True,usd,0001001907,BBG000FNC0Z0,BBG001S8LVC4,2025-09-30T06:05:29.844777293Z
ASTE,Astec Industries Inc,stocks,us,XNAS,CS,True,usd,0000792987,BBG000BCHZL1,BBG001S5NWY2,2025-09-30T06:05:29.844777373Z
ASTH,Astrana Health Inc. Common Stock,stocks,us,XNAS,CS,True,usd,0001083446,BBG000H7ZK57,BBG001S96MS2,2025-09-30T06:05:29.844777453Z
ASTI,"Ascent Solar Technologies, Inc. Common Stock",stocks,us,XNAS,CS,True,usd,0001350102,BBG000PT5SS1,BBG001SRD9B1,2025-09-30T06:05:29.844777533Z
ASTL,Algoma Steel Group Inc. Common Shares,stocks,us,XNAS,CS,True,usd,0001860805,BBG012NKXTD0,BBG012NKXV72,2025-09-30T06:05:29.844777613Z
ASTLW,Algoma Steel Group Inc. Warrant,stocks,us,XNAS,WARRANT,True,usd,0001860805,BBG0133BZQ71,2025-09-30T06:05:29.844777694Z
ASTS,"AST SpaceMobile, Inc. Class A Common Stock",stocks,us,XNAS,CS,True,usd,0001780312,BBG00Q402TR2,BBG00Q402TS1,2025-09-30T06:05:29.844777784Z
ASTX,Tradr 2X Long ASTS Daily ETF,stocks,us,BATS,ETF,True,usd,BBG01VXQQFV0,BBG01VXQQH82,2025-09-30T06:05:29.844777864Z
ASUR,"Asure Software, Inc",stocks,us,XNAS,CS,True,usd,0000884144,BBG000JT96H4,BBG001S9KQ61,2025-09-30T06:05:29.844777954Z
ASX,"ASE Technology Holding Co., Ltd.",stocks,us,XNYS,ADRC,True,usd,0001122411,BBG00KLHL9W6,BBG00KLHLBL3,2025-09-30T06:05:29.844778034Z
ASYS,Amtech Systems Inc,stocks,us,XNAS,CS,True,usd,0000720500,BBG000BCJDW6,BBG001S5NX89,2025-09-30T06:05:29.844778114Z
ATAI,ATAI Life Sciences N.V. Common Shares,stocks,us,XNAS,CS,True,usd,0001840904,2025-09-30T06:05:29.844778315Z
ATAT,Atour Lifestyle Holdings Limited American Depositary Shares,stocks,us,XNAS,ADRC,True,usd,0001853717,BBG011C6KJG8,BBG011C6KK93,2025-09-30T06:05:29.844778395Z
ATCH,"AtlasClear Holdings, Inc.",stocks,us,XASE,CS,True,usd,0001963088,BBG01GN7L7Y6,BBG01GN7L7Z5,2025-09-30T06:05:29.844778515Z
ATCOpH,Atlas Corp. 7.875% Cumulative Redeemable Perpetual Preferred Shares - Series H,stocks,us,XNYS,PFD,True,usd,0001794846,2025-09-30T06:05:29.844778595Z
ATEC,"Alphatec Holdings, Inc.",stocks,us,XNAS,CS,True,usd,0001350653,BBG000BBM7Y5,BBG001S64XQ8,2025-09-30T06:05:29.844778675Z
ATEN,A10 NETWORKS INC,stocks,us,XNYS,CS,True,usd,0001580808,BBG0060K22C1,BBG0060K22D0,2025-09-30T06:05:29.844778756Z
ATER,"Aterian, Inc. Common Stock",stocks,us,XNAS,CS,True,usd,0001757715,BBG00P4JBS95,BBG00P4JBT11,2025-09-30T06:05:29.844778846Z
ATEX,Anterix Inc. Common Stock,stocks,us,XNAS,CS,True,usd,0001304492,BBG0081NLHR0,BBG0081NLJH7,2025-09-30T06:05:29.844779577Z
ATFV,Alger 35 ETF,stocks,us,ARCX,ETF,True,usd,0001807486,BBG0106Y4324,BBG0106Y43Y9,2025-09-30T06:05:29.844779798Z
ATGE,Adtalem Global Education Inc. Common Shares,stocks,us,XNYS,CS,True,usd,0000730464,BBG000DQBZJ7,BBG001S8M5S3,2025-09-30T06:05:29.844779878Z
ATGL,Alpha Technology Group Limited Class A Ordinary Shares,stocks,us,XNAS,CS,True,usd,0001967621,2025-09-30T06:05:29.844779988Z
ATHA,"Athira Pharma, Inc. Common Stock",stocks,us,XNAS,CS,True,usd,0001620463,BBG00C77LX40,BBG00C77LXM0,2025-09-30T06:05:29.844780078Z
ATHE,Alterity Therapeutics Limited American Depositary Shares,stocks,us,XNAS,ADRC,True,usd,0001131343,BBG000DK9TP0,BBG001SHP8H6,2025-09-30T06:05:29.844780289Z
ATHM,"Autohome Inc. American Depositary Shares, each representing four Class A Ordinary Shares",stocks,us,XNYS,ADRC,True,usd,0001527636,BBG005JYTDQ5,BBG005JYTDP6,2025-09-30T06:05:29.844780369Z
ATHR,"Aether Holdings, Inc. Common Stock",stocks,us,XNAS,CS,True,usd,0002026353,BBG01RK1GGC8,BBG01RK1GH72,2025-09-30T06:05:29.844780499Z
ATHS,Athene Holding Ltd. 7.250% Fixed-Rate Reset Junior Subordinated Debentures due 2064,stocks,us,XNYS,SP,True,usd,0001527469,2025-09-30T06:05:29.844780579Z
ATHpA,"Athene Holding Ltd. Depositary Shares, Each Representing a 1/1,000th Interest in a 6.35% Fixed-to-Floating Rate Perpetual Non-Cumulative Preference Share, Series A",stocks,us,XNYS,PFD,True,usd,0001527469,2025-09-30T06:05:29.844780669Z
ATHpB,"Athene Holding Ltd. Depositary Shares, Each Representing a 1/1,000th Interest in a 5.625% Fixed Rate Perpetual Non- Cumulative Preference Share, Series B, par value $1.00 per share",stocks,us,XNYS,PFD,True,usd,0001527469,2025-09-30T06:05:29.844780749Z
ATHpD,"Athene Holding Ltd. Depositary Shares, Each Representing a 1/1,000th Interest in a 4.875% Fixed-Rate Perpetual Non-Cumulative Preference Share, Series D",stocks,us,XNYS,PFD,True,usd,0001527469,2025-09-30T06:05:29.84478083Z
ATHpE,"Athene Holding Ltd. Depositary Shares, Each Representing a 1/1,000th Interest in a 7.750% Fixed-Rate Reset Perpetual Non-Cumulative Preference Share, Series E",stocks,us,XNYS,PFD,True,usd,0001527469,2025-09-30T06:05:29.84478092Z
ATI,ATI Inc.,stocks,us,XNYS,CS,True,usd,0001018963,BBG000LC1FS4,BBG001S8WY72,2025-09-30T06:05:29.84478101Z
ATII,Archimedes Tech SPAC Partners II Co. Ordinary Shares,stocks,us,XNAS,CS,True,usd,0002028516,2025-09-30T06:05:29.84478109Z
ATIIU,Archimedes Tech SPAC Partners II Co. Unit,stocks,us,XNAS,UNIT,True,usd,0002028516,2025-09-30T06:05:29.84478117Z
ATIIW,Archimedes Tech SPAC Partners II Co. Warrant,stocks,us,XNAS,WARRANT,True,usd,0002028516,2025-09-30T06:05:29.84478125Z
ATKR,Atkore Inc.,stocks,us,XNYS,CS,True,usd,0001666138,BBG000QTFDQ4,BBG001T8LDZ8,2025-09-30T06:05:29.844781471Z
ATLC,Atlanticus Holdings Corporation,stocks,us,XNAS,CS,True,usd,0001464343,BBG000C6TLC1,BBG001SC0HS2,2025-09-30T06:05:29.844781661Z
ATLCL,Atlanticus Holdings Corporation 6.125% Senior Notes due 2026,stocks,us,XNAS,CS,True,usd,0001464343,2025-09-30T06:05:29.844781741Z
ATLCP,"Atlanticus Holdings Corporation 7.625% Series B Cumulative Perpetual Preferred Stock, no par value per share",stocks,us,XNAS,PFD,True,usd,0001464343,2025-09-30T06:05:29.844781872Z
ATLCZ,Atlanticus Holdings Corporation 9.25% Senior Notes due 2029,stocks,us,XNAS,CS,True,usd,0001464343,2025-09-30T06:05:29.844781952Z
ATLN,Atlantic International Corp. Common Stock,stocks,us,XNAS,CS,True,usd,0001605888,BBG0074P1FJ9,BBG0074P1FK7,2025-09-30T06:05:29.844782032Z
ATLO,AMES National Corp,stocks,us,XNAS,CS,True,usd,0001132651,BBG000BHLJW9,BBG001S7RMM9,2025-09-30T06:05:29.844782112Z
ATLX,Atlas Lithium Corporation Common Stock,stocks,us,XNAS,CS,True,usd,0001540684,BBG002VZVSN2,BBG002VZVTD1,2025-09-30T06:05:29.844782192Z
ATMC,AlphaTime Acquisition Corp Ordinary Shares,stocks,us,XNAS,CS,True,usd,0001889106,2025-09-30T06:05:29.844782403Z
ATMCR,AlphaTime Acquisition Corp Right,stocks,us,XNAS,RIGHT,True,usd,0001889106,2025-09-30T06:05:29.844782613Z
ATMCU,AlphaTime Acquisition Corp Unit,stocks,us,XNAS,UNIT,True,usd,0001889106,2025-09-30T06:05:29.844782693Z
ATMCW,AlphaTime Acquisition Corp Warrant,stocks,us,XNAS,WARRANT,True,usd,0001889106,2025-09-30T06:05:29.844782833Z
ATMP,iPath Select MLP ETN,stocks,us,BATS,ETF,True,usd,0000312070,BBG0047C1H17,BBG0047C1HS8,2025-09-30T06:05:29.844782914Z
ATMU,Atmus Filtration Technologies Inc.,stocks,us,XNYS,CS,True,usd,0001921963,BBG01B079Z74,BBG01B079Z92,2025-09-30T06:05:29.844783044Z
ATMV,AlphaVest Acquisition Corp Ordinary Shares,stocks,us,XNAS,CS,True,usd,0001937891,2025-09-30T06:05:29.844783134Z
ATMVR,AlphaVest Acquisition Corp Right,stocks,us,XNAS,RIGHT,True,usd,0001937891,2025-09-30T06:05:29.844783214Z
ATMVU,AlphaVest Acquisition Corp Unit,stocks,us,XNAS,UNIT,True,usd,0001937891,2025-09-30T06:05:29.844783685Z
ATNI,"ATN International, Inc",stocks,us,XNAS,CS,True,usd,0000879585,BBG000F8RCH1,BBG001S9SMF2,2025-09-30T06:05:29.844783885Z
ATNM,"Actinium Pharmaceuticals, Inc",stocks,us,XASE,CS,True,usd,0001388320,BBG000RQZ245,BBG001SV3L17,2025-09-30T06:05:29.844783966Z
ATO,Atmos Energy Corporation,stocks,us,XNYS,CS,True,usd,0000731802,BBG000BRNGM2,BBG001S5VG05,2025-09-30T06:05:29.844784046Z
ATOM,Atomera Incorporated Common Stock,stocks,us,XNAS,CS,True,usd,0001420520,BBG00D88BWP5,BBG00D88BWQ4,2025-09-30T06:05:29.844784136Z
ATON,AlphaTON Capital Corp. Common Stock,stocks,us,XNAS,CS,True,usd,0001095435,2025-09-30T06:05:29.844784216Z
ATOS,"Atossa Therapeutics, Inc. Common Stock",stocks,us,XNAS,CS,True,usd,0001488039,BBG002NCD8C8,BBG002NCD954,2025-09-30T06:05:29.844784316Z
ATPC,Agape ATP Corporation Common Stock,stocks,us,XNAS,CS,True,usd,0001713210,BBG00HKYNJT7,BBG00HKYNJV4,2025-09-30T06:05:29.844784406Z
ATR,"AptarGroup, Inc.",stocks,us,XNYS,CS,True,usd,0000896622,BBG000BGX2S0,BBG001S78MT3,2025-09-30T06:05:29.844784487Z
ATRA,"Atara Biotherapeutics, Inc",stocks,us,XNAS,CS,True,usd,0001604464,BBG005Q3MQY4,BBG005Q3MR36,2025-09-30T06:05:29.844784567Z
ATRC,"AtriCure, Inc.",stocks,us,XNAS,CS,True,usd,0001323885,BBG000BL6CB5,BBG001SD43V3,2025-09-30T06:05:29.844784647Z
ATRO,Astronics Corp,stocks,us,XNAS,CS,True,usd,0000008063,BBG000BCLBY5,BBG001S5NYK3,2025-09-30T06:05:29.844784727Z
ATS,ATS Corporation,stocks,us,XNYS,CS,True,usd,0001394832,BBG000BZ6164,BBG001S5XWC5,2025-09-30T06:05:29.844784807Z
ATUS,"Altice USA, Inc. Class A Common Stock",stocks,us,XNYS,CS,True,usd,0001702780,BBG00GFMPRK0,BBG00GFMPS82,2025-09-30T06:05:29.844784897Z
ATXG,Addentax Group Corp. Common Stock,stocks,us,XNAS,CS,True,usd,0001650101,BBG009R6DP43,BBG009R6DP52,2025-09-30T06:05:29.844784977Z
ATXS,"Astria Therapeutics, Inc. Common Stock",stocks,us,XNAS,CS,True,usd,0001454789,BBG000QSGWX5,BBG001T8KDC4,2025-09-30T06:05:29.844785058Z
ATYR,"aTyr Pharma, Inc. Common Stock",stocks,us,XNAS,CS,True,usd,0001339970,BBG001J2P692,BBG001V0GF01,2025-09-30T06:05:29.844785258Z
AU,AngloGold Ashanti plc,stocks,us,XNYS,CS,True,usd,0001973832,2025-09-30T06:05:29.844785338Z
AUB,Atlantic Union Bankshares Corporation,stocks,us,XNYS,CS,True,usd,0000883948,BBG000BKS4S3,BBG001S7GJV8,2025-09-30T06:05:29.844785478Z
AUBN,Auburn National Bancorporation,stocks,us,XNAS,CS,True,usd,0000750574,BBG000BNFKK3,BBG001S6RJQ4,2025-09-30T06:05:29.844785559Z
AUBpA,"Atlantic Union Bankshares Corporation Depositary Shares, Each Representing a 1/400th Interest in a Share of 6.875% Perpetual Non-Cumulative Preferred Stock, Series A",stocks,us,XNYS,PFD,True,usd,0000883948,2025-09-30T06:05:29.844785659Z
AUDC,AudioCodes Ltd,stocks,us,XNAS,CS,True,usd,0001086434,2025-09-30T06:05:29.844785739Z
AUGM,FT Vest U.S. Equity Max Buffer ETF - August,stocks,us,BATS,ETF,True,usd,0001667919,BBG01P470Z78,BBG01P471083,2025-09-30T06:05:29.844785829Z
AUGO,Aura Minerals Inc. Common Shares,stocks,us,XNAS,CS,True,usd,0001468642,2025-09-30T06:05:29.844785909Z
AUGP,PGIM S&P 500 Buffer 12 ETF - August,stocks,us,BATS,ETF,True,usd,BBG01MQ8J4J5,BBG01MQ8J5D8,2025-09-30T06:05:29.84478611Z
AUGT,AllianzIM U.S. Large Cap Buffer10 Aug ETF,stocks,us,ARCX,ETS,True,usd,0001797318,BBG01HDXBFP1,BBG01HDXBGL3,2025-09-30T06:05:29.84478619Z
AUGU,AllianzIM U.S. Equity Buffer15 Uncapped Aug ETF,stocks,us,BATS,ETF,True,usd,0001797318,BBG01NYJD0Y7,BBG01NYJD200,2025-09-30T06:05:29.84478633Z
AUGW,AllianzIM U.S. Large Cap Buffer20 Aug ETF,stocks,us,ARCX,ETS,True,usd,0001797318,BBG01HDWX4R2,BBG01HDWX5T7,2025-09-30T06:05:29.84478641Z
AUGZ,TrueShares Structured Outcome (August) ETF,stocks,us,BATS,ETF,True,usd,0001776878,BBG01X3LJ8G1,BBG01X3LJ9G9,2025-09-30T06:05:29.84478651Z
AUID,authID Inc. Common Stock,stocks,us,XNAS,CS,True,usd,0001534154,BBG0081VR7H9,BBG0081VR7J7,2025-09-30T06:05:29.844786591Z
AUMI,Themes Gold Miners ETF,stocks,us,XNAS,ETF,True,usd,0001976322,BBG01KJPQ4Y4,BBG01KJPQ660,2025-09-30T06:05:29.844786671Z
AUNA,Auna S.A.,stocks,us,XNYS,CS,True,usd,0001799207,2025-09-30T06:05:29.844786761Z
AUPH,Aurinia Pharmaceuticals Inc,stocks,us,XNAS,CS,True,usd,0001600620,BBG000BCRJM5,BBG001S68013,2025-09-30T06:05:29.844786991Z
AUR,"Aurora Innovation, Inc. Class A Common Stock",stocks,us,XNAS,CS,True,usd,0001828108,BBG00Z92Y6X1,BBG00Z92Y6Y0,2025-09-30T06:05:29.844787081Z
AURA,"Aura Biosciences, Inc. Common Stock",stocks,us,XNAS,CS,True,usd,0001501796,BBG00226DGM5,BBG00226DGP2,2025-09-30T06:05:29.844787192Z
AUROW,"Aurora Innovation, Inc. Warrant",stocks,us,XNAS,WARRANT,True,usd,0001828108,BBG010SBLF79,2025-09-30T06:05:29.844787272Z
AUSF,Global X Adaptive U.S. Factor ETF,stocks,us,ARCX,ETF,True,usd,0001432353,BBG00LSVL368,BBG00LSVL3Y7,2025-09-30T06:05:29.844787352Z
AUSM,Allspring Ultra Short Municipal ETF,stocks,us,ARCX,ETF,True,usd,BBG01V8GCW48,BBG01V8GCX37,2025-09-30T06:05:29.844787432Z
AUST,Austin Gold Corp.,stocks,us,XASE,CS,True,usd,0001817740,BBG00VZQRKP4,BBG00VZQRKT0,2025-09-30T06:05:29.844787522Z
AUTL,Autolus Therapeutics plc American Depositary Share,stocks,us,XNAS,ADRC,True,usd,0001730463,BBG00KVT05R6,BBG00KVT06G6,2025-09-30T06:05:29.844787602Z
AUUD,Auddia Inc. Common Stock,stocks,us,XNAS,CS,True,usd,0001554818,BBG00Y0537N9,BBG00Y0538H4,2025-09-30T06:05:29.844787683Z
AUUDW,Auddia Inc. Warrants,stocks,us,XNAS,WARRANT,True,usd,0001554818,BBG00Y057JS4,2025-09-30T06:05:29.844787763Z
AVA,Avista Corporation,stocks,us,XNYS,CS,True,usd,0000104918,BBG000BCNF74,BBG001S5NZ48,2025-09-30T06:05:29.844787843Z
AVAH,Aveanna Healthcare Holdings Inc. Common Stock,stocks,us,XNAS,CS,True,usd,0001832332,BBG00G6D6H96,BBG00G6D6HB3,2025-09-30T06:05:29.844787923Z
AVAL,GRUPO AVAL ACCIONES Y VALORES S.A.,stocks,us,XNYS,ADRC,True,usd,0001504764,BBG004T0ZMF6,BBG004T0ZN64,2025-09-30T06:05:29.844788003Z
AVAV,"AeroVironment, Inc.",stocks,us,XNAS,CS,True,usd,0001368622,BBG000GX14P2,BBG001SPPWP6,2025-09-30T06:05:29.844788083Z
AVB,"AvalonBay Communities, Inc.",stocks,us,XNYS,CS,True,usd,0000915912,BBG000BLPBL5,BBG001S7J2H8,2025-09-30T06:05:29.844788164Z
AVBC,"Avidia Bancorp, Inc.",stocks,us,XNYS,CS,True,usd,0002058758,BBG01TVWYGZ9,BBG01TVWYHT4,2025-09-30T06:05:29.844788244Z
AVBH,"Avidbank Holdings, Inc. Common stock",stocks,us,XNAS,CS,True,usd,0001443575,BBG000Q24975,BBG001SM30Y7,2025-09-30T06:05:29.844788474Z
AVBP,"ArriVent BioPharma, Inc. Common Stock",stocks,us,XNAS,CS,True,usd,0001868279,BBG011N37VQ0,BBG011N37VW3,2025-09-30T06:05:29.844788554Z
AVD,American Vanguard Corporation,stocks,us,XNYS,CS,True,usd,0000005981,BBG000DPXVW9,BBG001S8KSH7,2025-09-30T06:05:29.844788715Z
AVDE,Avantis International Equity ETF,stocks,us,ARCX,ETF,True,usd,0001710607,BBG00Q9MQ620,BBG00Q9MQ6T1,2025-09-30T06:05:29.844788825Z
AVDL,Avadel Pharmaceuticals plc Ordinary Share,stocks,us,XNAS,CS,True,usd,0001012477,2025-09-30T06:05:29.844788905Z
AVDS,Avantis International Small Cap Equity ETF,stocks,us,ARCX,ETF,True,usd,0001710607,BBG01HDKB223,BBG01HDKB2Y8,2025-09-30T06:05:29.844788985Z
AVDV,Avantis International Small Cap Value ETF,stocks,us,ARCX,ETF,True,usd,0001710607,BBG00Q9MR772,BBG00Q9MR7Z1,2025-09-30T06:05:29.844789075Z
AVDX,"AvidXchange Holdings, Inc. Common Stock",stocks,us,XNAS,CS,True,usd,0001858257,BBG012MBDFZ9,BBG012MBDGV1,2025-09-30T06:05:29.844789155Z
AVEE,Avantis Emerging Markets Small Cap Equity ETF,stocks,us,ARCX,ETF,True,usd,0001710607,BBG01JY8SVC0,BBG01JY8SW65,2025-09-30T06:05:29.844789516Z
AVEM,Avantis Emerging Markets Equity ETF,stocks,us,ARCX,ETF,True,usd,0001710607,BBG00Q6ZDX29,BBG00Q6ZDXT0,2025-09-30T06:05:29.844789596Z
AVES,Avantis Emerging Markets Value ETF,stocks,us,ARCX,ETF,True,usd,0001710607,BBG012NXXFT5,BBG012NXXGN9,2025-09-30T06:05:29.844789676Z
AVGB,Avantis Credit ETF,stocks,us,XNAS,ETF,True,usd,BBG01TB5RVG6,BBG01TB5RWB9,2025-09-30T06:05:29.844789777Z
AVGE,Avantis All Equity Markets ETF,stocks,us,ARCX,ETF,True,usd,0001710607,BBG019T9Z9T9,BBG019T9ZBN0,2025-09-30T06:05:29.844789857Z
AVGG,Leverage Shares 2X Long AVGO Daily ETF,stocks,us,XNAS,ETF,True,usd,0001976322,BBG01TYZ1T96,BBG01TYZ1VH2,2025-09-30T06:05:29.844789937Z
AVGO,Broadcom Inc. Common Stock,stocks,us,XNAS,CS,True,usd,0001730168,BBG00KHY5S69,BBG00KHY5SY8,2025-09-30T06:05:29.844790017Z
AVGU,GraniteShares 2x Long AVGO Daily ETF,stocks,us,XNAS,ETF,True,usd,0001689873,BBG01VWNTJN6,BBG01VWNTKK6,2025-09-30T06:05:29.844790097Z
AVGV,Avantis All Equity Markets Value ETF,stocks,us,ARCX,ETF,True,usd,0001710607,BBG01H488JH1,BBG01H488KB4,2025-09-30T06:05:29.844790308Z
AVGW,Roundhill AVGO WeeklyPay ETF,stocks,us,BATS,ETF,True,usd,BBG01W6VNFL1,BBG01W6VNGG5,2025-09-30T06:05:29.844790388Z
AVGX,Defiance Daily Target 2X Long AVGO ETF,stocks,us,XNAS,ETF,True,usd,0001924868,BBG01P7T8FX4,BBG01P7T8GS8,2025-09-30T06:05:29.844790508Z
AVIE,Avantis Inflation Focused Equity ETF,stocks,us,ARCX,ETF,True,usd,0001710607,BBG019TB2NF4,BBG019TB2P87,2025-09-30T06:05:29.844790588Z
AVIG,Avantis Core Fixed Income ETF,stocks,us,ARCX,ETF,True,usd,0001710607,BBG00XTVX0Z2,BBG00XTVX1T7,2025-09-30T06:05:29.844790668Z
AVIR,"Atea Pharmaceuticals, Inc. Common Stock",stocks,us,XNAS,CS,True,usd,0001593899,BBG00TZNCJ75,BBG00TZNCJ84,2025-09-30T06:05:29.844790829Z
AVIV,Avantis International Large Cap Value ETF,stocks,us,ARCX,ETF,True,usd,0001710607,BBG012R45G05,BBG012R45GX9,2025-09-30T06:05:29.844790909Z
AVK,Advent Convertible and Income Fund,stocks,us,XNYS,FUND,True,usd,0001219120,BBG000KDPR38,BBG001SJLCH7,2025-09-30T06:05:29.844790999Z
AVL,Direxion Daily AVGO Bull 2X Shares,stocks,us,XNAS,ETF,True,usd,BBG01Q40B085,BBG01Q40B156,2025-09-30T06:05:29.844791079Z
AVLC,Avantis U.S. Large Cap Equity ETF,stocks,us,ARCX,ETF,True,usd,0001710607,BBG01J9W37C5,BBG01J9W3879,2025-09-30T06:05:29.844791159Z
AVLV,Avantis U.S. Large Cap Value ETF,stocks,us,ARCX,ETF,True,usd,0001710607,BBG012NL45J6,BBG012NL46D0,2025-09-30T06:05:29.84479145Z
AVMA,Avantis Moderate Allocation ETF,stocks,us,ARCX,ETF,True,usd,0001710607,BBG01H4897B2,BBG01H489875,2025-09-30T06:05:29.84479153Z
AVMC,Avantis U.S. Mid Cap Equity ETF,stocks,us,ARCX,ETF,True,usd,0001710607,BBG01JYBR229,BBG01JYBR2Z3,2025-09-30T06:05:29.84479161Z
AVMU,Avantis Core Municipal Fixed Income ETF,stocks,us,ARCX,ETF,True,usd,0001710607,BBG00YFF8NQ8,BBG00YFF8PK9,2025-09-30T06:05:29.84479169Z
AVMV,Avantis U.S. Mid Cap Value ETF,stocks,us,ARCX,ETF,True,usd,0001710607,BBG01JYVFND0,BBG01JYVFP90,2025-09-30T06:05:29.84479177Z
AVNM,Avantis All International Markets Equity ETF,stocks,us,ARCX,ETF,True,usd,0001710607,BBG01H48B1W9,BBG01H48B2Q4,2025-09-30T06:05:29.844791861Z
AVNS,"Avanos Medical, Inc.",stocks,us,XNYS,CS,True,usd,0001606498,BBG005L86G05,BBG005L86G14,2025-09-30T06:05:29.844792101Z
AVNT,Avient Corporation,stocks,us,XNYS,CS,True,usd,0001122976,BBG000C8NJ10,BBG001S6RCD3,2025-09-30T06:05:29.844792181Z
AVNV,Avantis All International Markets Value ETF,stocks,us,ARCX,ETF,True,usd,0001710607,BBG01H480D55,BBG01H480F14,2025-09-30T06:05:29.844792281Z
AVNW,"Aviat Networks, Inc.",stocks,us,XNAS,CS,True,usd,0001377789,BBG000QX48M2,BBG001SSSZS7,2025-09-30T06:05:29.844792362Z
AVO,"Mission Produce, Inc. Common Stock",stocks,us,XNAS,CS,True,usd,0001802974,BBG005C9W679,BBG005C9W688,2025-09-30T06:05:29.844792442Z
AVPT,"AvePoint, Inc. Class A Common Stock",stocks,us,XNAS,CS,True,usd,0001777921,BBG00Q73LFG4,BBG00Q73LFK9,2025-09-30T06:05:29.844792522Z
AVR,Anteris Technologies Global Corp. Common Stock,stocks,us,XNAS,CS,True,usd,0002011514,BBG01PLXJNR7,BBG01PLXJQ81,2025-09-30T06:05:29.844792602Z
AVRE,Avantis Real Estate ETF,stocks,us,ARCX,ETF,True,usd,0001710607,BBG012R477N8,BBG012R478M7,2025-09-30T06:05:29.844792692Z
AVS,Direxion Daily AVGO Bear 1X Shares,stocks,us,XNAS,ETF,True,usd,BBG01Q419WL1,BBG01Q419XF6,2025-09-30T06:05:29.844792772Z
AVSC,Avantis U.S. Small Cap Equity ETF,stocks,us,ARCX,ETF,True,usd,0001710607,BBG014GDZJ95,BBG014GDZKC8,2025-09-30T06:05:29.844792852Z
AVSD,Avantis Responsible International Equity ETF,stocks,us,ARCX,ETF,True,usd,0001710607,BBG0161JYDX0,BBG0161JYFR2,2025-09-30T06:05:29.844792933Z
AVSE,Avantis Responsible Emerging Markets Equity ETF,stocks,us,ARCX,ETF,True,usd,0001710607,BBG0161JWW79,BBG0161JWX22,2025-09-30T06:05:29.844793013Z
AVSF,Avantis Short-Term Fixed Income ETF,stocks,us,ARCX,ETF,True,usd,0001481714,BBG00XTVX5G2,BBG00XTVX698,2025-09-30T06:05:29.844793093Z
AVSU,Avantis Responsible U.S. Equity ETF,stocks,us,ARCX,ETF,True,usd,0001710607,BBG0161K0614,BBG0161K06W0,2025-09-30T06:05:29.844793173Z
AVT,"Avnet, Inc.",stocks,us,XNAS,CS,True,usd,0000008858,BBG000BCPB71,BBG001S5NZJ2,2025-09-30T06:05:29.844793253Z
AVTR,"Avantor, Inc.",stocks,us,XNYS,CS,True,usd,0001722482,BBG00G2HHYD7,BBG00G2HHYF5,2025-09-30T06:05:29.844793333Z
AVTX,"Avalo Therapeutics, Inc. Common Stock",stocks,us,XNAS,CS,True,usd,0001534120,BBG001QHW0Y8,BBG001V1GPQ9,2025-09-30T06:05:29.844793534Z
AVUQ,Avantis U.S. Quality ETF,stocks,us,XNAS,ETF,True,usd,BBG01SQC3L75,BBG01SQC3M28,2025-09-30T06:05:29.844793734Z
AVUS,Avantis U.S. Equity ETF,stocks,us,ARCX,ETF,True,usd,0001710607,BBG00Q9MPPR2,BBG00Q9MPQH1,2025-09-30T06:05:29.844793814Z
AVUV,Avantis U.S. Small Cap Value ETF,stocks,us,ARCX,ETF,True,usd,0001710607,BBG00Q9MQZ44,BBG00Q9MQZW3,2025-09-30T06:05:29.844793894Z
AVXC,Avantis Emerging Markets ex-China Equity ETF,stocks,us,XNAS,ETF,True,usd,BBG01LV4QP78,BBG01LV4QQ67,2025-09-30T06:05:29.844794035Z
AVXL,Anavex Life Sciences,stocks,us,XNAS,CS,True,usd,0001314052,BBG000C9K8K4,BBG001SLQWW6,2025-09-30T06:05:29.844794115Z
AVY,Avery Dennison Corp.,stocks,us,XNYS,CS,True,usd,0000008818,BBG000BCQ4P6,BBG001S5NZM8,2025-09-30T06:05:29.844794205Z
AWAY,Amplify Travel Tech ETF,stocks,us,ARCX,ETF,True,usd,0001633061,BBG01L6Y34F3,BBG01L6Y3597,2025-09-30T06:05:29.844794285Z
AWEG,Alger Weatherbie Enduring Growth ETF,stocks,us,ARCX,ETF,True,usd,0001807486,BBG01CBP4YL2,BBG01CBP4ZG5,2025-09-30T06:05:29.844794365Z
AWF,"ALLIANCEBERSTEIN GLOBAL HIGH INCOME FUND, INC.",stocks,us,XNYS,FUND,True,usd,0000906013,BBG000BD8L30,BBG001S6LJ53,2025-09-30T06:05:29.844794446Z
AWI,"Armstrong World Industries, Inc.",stocks,us,XNYS,CS,True,usd,0000007431,BBG000DW4LB1,BBG001SGL0H9,2025-09-30T06:05:29.844794526Z
AWK,"American Water Works Company, Inc",stocks,us,XNYS,CS,True,usd,0001410636,BBG000TRJ294,BBG001SPHYW3,2025-09-30T06:05:29.844794606Z
AWP,abrdn Global Premier Properties Fund,stocks,us,XNYS,FUND,True,usd,0001390195,BBG000R204N1,BBG001SSZNJ6,2025-09-30T06:05:29.844794686Z
AWR,American States Water Company,stocks,us,XNYS,CS,True,usd,0001056903,BBG000F964B6,BBG001S9T5Z6,2025-09-30T06:05:29.844794766Z
AWRE,Aware Inc,stocks,us,XNAS,CS,True,usd,0001015739,BBG000H56MZ6,BBG001S95Q04,2025-09-30T06:05:29.844794856Z
AWX,Avalon Holdings Corp.,stocks,us,XASE,CS,True,usd,0001061069,BBG000BPSQJ3,BBG001S9D084,2025-09-30T06:05:29.844794936Z
AX,"Axos Financial, Inc. Common Stock",stocks,us,XNYS,CS,True,usd,0001299709,BBG000QPHD08,BBG001SLZ724,2025-09-30T06:05:29.844795287Z
AXGN,"Axogen, Inc. Common Stock",stocks,us,XNAS,CS,True,usd,0000805928,BBG000BN46R9,BBG001S5SRD1,2025-09-30T06:05:29.844795367Z
AXIL,"AXIL Brands, Inc.",stocks,us,XASE,CS,True,usd,0001718500,BBG00HXXP3F3,BBG00HXXP3G2,2025-09-30T06:05:29.844795477Z
AXIN,Axiom Intelligence Acquisition Corp 1 Class A Ordinary Shares,stocks,us,XNAS,CS,True,usd,0002057030,2025-09-30T06:05:29.844795588Z
AXINR,Axiom Intelligence Acquisition Corp 1 Right,stocks,us,XNAS,RIGHT,True,usd,0002057030,2025-09-30T06:05:29.844795668Z
AXINU,Axiom Intelligence Acquisition Corp 1 Units,stocks,us,XNAS,UNIT,True,usd,0002057030,2025-09-30T06:05:29.844795748Z
AXL,"American Axle & Manufacturing Holdings, Inc.",stocks,us,XNYS,CS,True,usd,0001062231,BBG000BPYZV2,BBG001S9DR67,2025-09-30T06:05:29.844795828Z
AXON,"Axon Enterprise, Inc. Common Stock",stocks,us,XNAS,CS,True,usd,0001069183,BBG000BHJWG1,BBG001SB2HG5,2025-09-30T06:05:29.844795908Z
AXP,American Express Company,stocks,us,XNYS,CS,True,usd,0000004962,BBG000BCQZS4,BBG001S5P034,2025-09-30T06:05:29.844795988Z
AXR,AMREP Corporation,stocks,us,XNYS,CS,True,usd,0000006207,BBG000BCRB60,BBG001S5P052,2025-09-30T06:05:29.844796069Z
AXS,Axis Capital Holders Limited,stocks,us,XNYS,CS,True,usd,0001214816,2025-09-30T06:05:29.844796159Z
AXSM,"Axsome Therapeutics, Inc",stocks,us,XNAS,CS,True,usd,0001579428,BBG00B6G7GL7,BBG00B6G7GM6,2025-09-30T06:05:29.844796239Z
AXSpE,"AXIS Capital Holdings Limited Depositary Shares, each representing 1/100th interest in a share of the Issuers 5.50% Series E Preferred Shares",stocks,us,XNYS,PFD,True,usd,0001214816,2025-09-30T06:05:29.844796319Z
AXTA,Axalta Coating Systems Ltd.,stocks,us,XNYS,CS,True,usd,0001616862,2025-09-30T06:05:29.844796399Z
AXTI,AXT Inc,stocks,us,XNAS,CS,True,usd,0001051627,BBG000BHZ0N5,BBG001S7SPZ7,2025-09-30T06:05:29.844796479Z
AXUP,T-REX 2X Long AXON Daily Target ETF,stocks,us,BATS,ETF,True,usd,BBG01WW9ZMX0,BBG01WW9ZP90,2025-09-30T06:05:29.84479656Z
AYI,Acuity Inc.,stocks,us,XNYS,CS,True,usd,0001144215,BBG000BJ5HK0,BBG001SBG656,2025-09-30T06:05:29.84479678Z
AYTU,"AYTU BioPharma, Inc. Common Stock",stocks,us,XNAS,CS,True,usd,0001385818,BBG000VC2PT9,BBG001T21Q11,2025-09-30T06:05:29.84479686Z
AZ,A2Z Cust2Mate Solutions Corp. Common Shares,stocks,us,XNAS,CS,True,usd,0001866030,BBG00TM0F0B2,BBG00JXQRF10,2025-09-30T06:05:29.84479699Z
AZI,Autozi Internet Technology (Global) Ltd. Class A Ordinary Shares,stocks,us,XNAS,CS,True,usd,0001959726,2025-09-30T06:05:29.844797071Z
AZN,AstraZeneca PLC,stocks,us,XNAS,ADRC,True,usd,0000901832,BBG000BZ0DK8,BBG001SB80N8,2025-09-30T06:05:29.844797151Z
AZNH,AstraZeneca PLC ADRhedged,stocks,us,ARCX,ETS,True,usd,BBG01Q37F602,BBG01Q37F6X6,2025-09-30T06:05:29.844797231Z
AZO,"AutoZone, Inc.",stocks,us,XNYS,CS,True,usd,0000866787,BBG000C7LMS8,BBG001S6Q5D9,2025-09-30T06:05:29.844797311Z
AZTA,"Azenta, Inc.",stocks,us,XNAS,CS,True,usd,0000933974,BBG000DX9JV7,BBG001S8F1B8,2025-09-30T06:05:29.844797391Z
AZTD,Aztlan Global Stock Selection DM SMID ETF,stocks,us,ARCX,ETF,True,usd,0001387131,BBG0196FNNX7,BBG0196FNPT7,2025-09-30T06:05:29.844797481Z
AZTR,Azitra Inc,stocks,us,XASE,CS,True,usd,0001701478,BBG00GDC73T8,BBG00GDC73V5,2025-09-30T06:05:29.844797561Z
AZYY,GraniteShares YieldBoost AMZN ETF,stocks,us,XNAS,ETF,True,usd,0001689873,BBG01X4WYRY7,BBG01X4WYSY5,2025-09-30T06:05:29.844797642Z
AZZ,AZZ Inc.,stocks,us,XNYS,CS,True,usd,0000008947,BBG000F83JZ2,BBG001S9QNK6,2025-09-30T06:05:29.844797722Z
B,Barrick Mining Corporation,stocks,us,XNYS,CS,True,usd,0000756894,BBG000BB07P9,BBG001S5N9P3,2025-09-30T06:05:29.844797802Z
BA,Boeing Company,stocks,us,XNYS,CS,True,usd,0000012927,BBG000BCSST7,BBG001S5P0V3,2025-09-30T06:05:29.844797912Z
BAB,Invesco Taxable Municipal Bond ETF,stocks,us,ARCX,ETF,True,usd,0001378872,BBG000C00736,BBG001STKGB3,2025-09-30T06:05:29.844797992Z
BABA,"Alibaba Group Holding Limited American Depositary Shares, each represents eight Ordinary Shares",stocks,us,XNYS,ADRC,True,usd,0001577552,BBG006G2JVL2,BBG006G2JWB1,2025-09-30T06:05:29.844798323Z
BABO,YieldMax BABA Option Income Strategy ETF,stocks,us,ARCX,ETS,True,usd,BBG01P50CN21,BBG01P50CNX7,2025-09-30T06:05:29.844798403Z
BABX,GraniteShares ETF Trust GraniteShares 2x Long BABA Daily ETF,stocks,us,XNAS,ETF,True,usd,0001689873,BBG01BWDFNB1,BBG01BWDFP53,2025-09-30T06:05:29.844798523Z
BAC,Bank of America Corporation,stocks,us,XNYS,CS,True,usd,0000070858,BBG000BCTLF6,BBG001S5P0Y0,2025-09-30T06:05:29.844798603Z
BACC,Blue Acquisition Corp. Class A Ordinary Shares,stocks,us,XNAS,CS,True,usd,0002059654,2025-09-30T06:05:29.844798684Z
BACCR,Blue Acquisition Corp. Right,stocks,us,XNAS,RIGHT,True,usd,0002059654,2025-09-30T06:05:29.844799275Z
BACCU,Blue Acquisition Corp. Unit,stocks,us,XNAS,UNIT,True,usd,0002059654,2025-09-30T06:05:29.844799495Z
BACQ,Bleichroeder Acquisition Corp. I Class A Ordinary Shares,stocks,us,XNAS,CS,True,usd,0002028707,2025-09-30T06:05:29.844799575Z
BACQR,Bleichroeder Acquisition Corp. I Right,stocks,us,XNAS,RIGHT,True,usd,0002028707,2025-09-30T06:05:29.844799706Z
BACQU,Bleichroeder Acquisition Corp. I Unit,stocks,us,XNAS,UNIT,True,usd,0002028707,2025-09-30T06:05:29.844799786Z
BACpB,"Bank of America Corporation Depositary Shares, each representing a 1/1,000th interest in a share of 6.000% Non-Cumulative Preferred Stock, Series GG",stocks,us,XNYS,PFD,True,usd,0000070858,2025-09-30T06:05:29.844799876Z
BACpE,"Bank of America Corporation Depositary Shares (representing 1/1,000th of a share of Floating Rate Non-Cumalative Preferred Stock, Series E)",stocks,us,XNYS,PFD,True,usd,0000070858,2025-09-30T06:05:29.844799956Z
BACpK,"Bank of America Corporation Depositary Shares, each representing a 1/1,000th interest in a share of 5.875% Non- Cumulative Preferred Stock, Series HH",stocks,us,XNYS,PFD,True,usd,0000070858,2025-09-30T06:05:29.844800036Z
BACpL,"Bank Of America Corporation 7.25% Non-Cumulative Perpetual Convertible Preferred Stock, Series L",stocks,us,XNYS,PFD,True,usd,0000070858,2025-09-30T06:05:29.844800116Z
BACpM,"Bank of America Corporation Depositary Shares, each representing a 1/1,000th interest in a share of 5.375% Non-Cumulative Preferred Stock, Series KK",stocks,us,XNYS,PFD,True,usd,0000070858,2025-09-30T06:05:29.844800196Z
BACpN,"Bank of America Corporation Depositary shares, each representing 1/1,000th interest in a share of 5.000% Non-Cumulative Preferred Stock, Series LL",stocks,us,XNYS,PFD,True,usd,0000070858,2025-09-30T06:05:29.844800277Z
BACpO,"Bank of America Corporation Depositary shares, each representing 1/1,000th interest in a share of 4.375% Non-Cumulative Preferred Stock, Series NN",stocks,us,XNYS,PFD,True,usd,0000070858,2025-09-30T06:05:29.844800387Z
BACpP,"Bank of America Corporation Depositary Shares, each representing a 1/1,000th interest in a share of 4.125% Non- Cumulative Preferred Stock, Series PP",stocks,us,XNYS,PFD,True,usd,0000070858,2025-09-30T06:05:29.844800527Z
BACpQ,"Bank of America Corporation Depositary shares, each representing 1/1,000th interest in a share of 4.250% Non-Cumulative Preferred Stock, Series QQ",stocks,us,XNYS,PFD,True,usd,0000070858,2025-09-30T06:05:29.844800607Z
BACpS,"Bank of America Corporation Depositary shares, each representing 1/1,000th interest in a share of 4.750% Non-Cumulative Preferred Stock, Series SS",stocks,us,XNYS,PFD,True,usd,0000070858,2025-09-30T06:05:29.844800707Z
BAER,"Bridger Aerospace Group Holdings, Inc. Common Stock",stocks,us,XNAS,CS,True,usd,0001941536,BBG019M64MD4,BBG019M64MF2,2025-09-30T06:05:29.844800788Z
BAERW,"Bridger Aerospace Group Holdings, Inc. Warrant",stocks,us,XNAS,WARRANT,True,usd,0001941536,BBG01BBJSP77,2025-09-30T06:05:29.844800868Z
BAFE,Brown Advisory Flexible Equity ETF,stocks,us,XNAS,ETF,True,usd,0001593547,BBG01QVCT4K8,BBG01QVCTTJ5,2025-09-30T06:05:29.844800948Z
BAFN,BayFirst Financial Corp. Common Stock,stocks,us,XNAS,CS,True,usd,0001649739,BBG000QK3NY5,BBG001SN12G3,2025-09-30T06:05:29.844801028Z
BAGY,Amplify Bitcoin Max Income Covered Call ETF,stocks,us,BATS,ETF,True,usd,0001633061,BBG01THF8MT5,BBG01THF8NP7,2025-09-30T06:05:29.844801108Z
BAH,Booz Allen Hamilton Holding Corporation,stocks,us,XNYS,CS,True,usd,0001443646,BBG000R2YFG7,BBG001T91S76,2025-09-30T06:05:29.844801188Z
BAI,iShares A.I. Innovation and Tech Active ETF,stocks,us,ARCX,ETF,True,usd,0001761055,BBG01Q9L3CL2,BBG01Q9L3DJ3,2025-09-30T06:05:29.844801269Z
BAIG,Leverage Shares 2X Long BBAI Daily ETF,stocks,us,XNAS,ETF,True,usd,0001976322,BBG01WRVB212,BBG01WRVB2Z5,2025-09-30T06:05:29.844801349Z
BAK,Braskem S.A. American Depositary Shares (Each representing Two Class A  Preferred Shares),stocks,us,XNYS,ADRC,True,usd,0001071438,BBG000BDJYK1,BBG001S5XRM5,2025-09-30T06:05:29.844801439Z
BALI,iShares Advantage Large Cap Income ETF,stocks,us,BATS,ETF,True,usd,0001761055,BBG01JJ8XLW1,BBG01JJ8XMV0,2025-09-30T06:05:29.844801519Z
BALL,Ball Corporation,stocks,us,XNYS,CS,True,usd,0000009389,BBG000BDDNH5,BBG001S5P7Q4,2025-09-30T06:05:29.844801599Z
BALT,Innovator Defined Wealth Shield ETF,stocks,us,BATS,ETF,True,usd,0001415726,BBG011MFV0P6,BBG011MFV1P4,2025-09-30T06:05:29.844801679Z
BALY,Bally's Corporation,stocks,us,XNYS,CS,True,usd,0001747079,BBG01QPXB2Q6,BBG01QPXB3P5,2025-09-30T06:05:29.84480189Z
BAM,Brookfield Asset Management Ltd.,stocks,us,XNYS,CS,True,usd,0001937926,BBG01BPHNXZ3,BBG019Z17GF9,2025-09-30T06:05:29.844802Z
BAMA,Brookstone Active ETF,stocks,us,BATS,ETF,True,usd,BBG01JG50KL0,BBG01JG50LG4,2025-09-30T06:05:29.84480209Z
BAMB,Brookstone Intermediate Bond ETF,stocks,us,BATS,ETF,True,usd,BBG01JG4ZQ50,BBG01JG4ZR03,2025-09-30T06:05:29.84480219Z
BAMD,Brookstone Dividend Stock ETF,stocks,us,BATS,ETF,True,usd,BBG01JG50QK8,BBG01JG50RG1,2025-09-30T06:05:29.84480227Z
BAMG,Brookstone Growth Stock ETF,stocks,us,BATS,ETF,True,usd,BBG01JG4JRS1,BBG01JG4JSN4,2025-09-30T06:05:29.844802351Z
BAMO,Brookstone Opportunities ETF,stocks,us,BATS,ETF,True,usd,BBG01JG4H5X5,BBG01JG4H6R0,2025-09-30T06:05:29.844802431Z
BAMU,Brookstone Ultra-Short Bond ETF,stocks,us,BATS,ETF,True,usd,BBG01JG4D4D4,BBG01JG4D578,2025-09-30T06:05:29.844802511Z
BAMV,Brookstone Value Stock ETF,stocks,us,BATS,ETF,True,usd,BBG01JG4GBQ1,BBG01JG4GCK5,2025-09-30T06:05:29.844802601Z
BAMY,Brookstone Yield ETF,stocks,us,BATS,ETF,True,usd,BBG01JG4XT65,BBG01JG4XV33,2025-09-30T06:05:29.844802681Z
BANC,"Banc of California, Inc.",stocks,us,XNYS,CS,True,usd,0001169770,BBG000F7VG25,BBG001SKZX56,2025-09-30T06:05:29.844802761Z
BANCpF,"Banc of California, Inc. Depositary Shares, each representing a 1/40th interest in a share of 7.75% non- cumulative perpetual preferred stock, Series F",stocks,us,XNYS,PFD,True,usd,0001169770,2025-09-30T06:05:29.844802852Z
BAND,Bandwidth Inc. Class A Common Stock,stocks,us,XNAS,CS,True,usd,0001514416,BBG001K003W2,BBG001TFDMP2,2025-09-30T06:05:29.844802932Z
BANF,Bancfirst Corp,stocks,us,XNAS,CS,True,usd,0000760498,BBG000BGJJX3,BBG001S75RW1,2025-09-30T06:05:29.844803012Z
BANFP,BancFirst Corporation - BFC Capital Trust II Cumulative Trust Pfd Secs,stocks,us,XNAS,PFD,True,usd,0000760498,2025-09-30T06:05:29.844803092Z
BANL,CBL International Limited Ordinary Shares,stocks,us,XNAS,CS,True,usd,0001914805,2025-09-30T06:05:29.844803182Z
BANR,Banner Corp.,stocks,us,XNAS,CS,True,usd,0000946673,BBG000MVZH28,BBG001SD3DZ8,2025-09-30T06:05:29.844803393Z
BANX,ArrowMark Financial Corp. Common Stock,stocks,us,XNAS,CS,True,usd,0001578987,BBG004PP4922,BBG004PP4931,2025-09-30T06:05:29.844803473Z
BAOS,Baosheng Media Group Holdings Limited Ordinary shares,stocks,us,XNAS,CS,True,usd,0001811216,2025-09-30T06:05:29.844803633Z
BAP,Credicorp LTD,stocks,us,XNYS,CS,True,usd,0001001290,2025-09-30T06:05:29.844803713Z
BAPR,Innovator U.S. Equity Buffer ETF - April,stocks,us,BATS,ETF,True,usd,0001482688,BBG00NR9PSK9,BBG00NR9PT90,2025-09-30T06:05:29.844803803Z
BAR,GraniteShares Gold Shares,stocks,us,ARCX,ETV,True,usd,0001690437,BBG00HBPWNN3,BBG00HBPWNP1,2025-09-30T06:05:29.844803884Z
BARK,"BARK, Inc.",stocks,us,XNYS,CS,True,usd,0001819574,BBG00Y9ZTKK0,BBG00Y9ZTKL9,2025-09-30T06:05:29.844803964Z
BARK.WS,"BARK, Inc. Redeemable Warrants, each whole warrant exercisable for shares of Common Stock at an exercise price of $11.50 per share",stocks,us,XNYS,WARRANT,True,usd,0001819574,BBG00YLW5SL1,2025-09-30T06:05:29.844804044Z
BASG,Brown Advisory Sustainable Growth ETF,stocks,us,XNAS,ETF,True,usd,0001593547,BBG01V6DRPS0,BBG01V6DRR60,2025-09-30T06:05:29.844804124Z
BASV,Brown Advisory Sustainable Value ETF,stocks,us,XNAS,ETF,True,usd,0001593547,BBG01V5C2JW9,BBG01V5C2KS1,2025-09-30T06:05:29.844804204Z
BATL,Battalion Oil Corporation,stocks,us,XASE,CS,True,usd,0001282648,BBG00R4SMLR4,BBG00R4SR3J8,2025-09-30T06:05:29.844804284Z
BATRA,"Atlanta Braves Holdings, Inc. Series A Common Stock",stocks,us,XNAS,CS,True,usd,0001958140,BBG01HCDRG86,BBG01HCDRG95,2025-09-30T06:05:29.844804364Z
BATRK,"Atlanta Braves Holdings, Inc. Series C Common Stock",stocks,us,XNAS,CS,True,usd,0001958140,BBG01HCX3Y34,BBG01HCX3Z22,2025-09-30T06:05:29.844804445Z
BATT,Amplify Lithium & Battery Technology ETF,stocks,us,ARCX,ETF,True,usd,0001633061,BBG00L322ZG8,BBG00L323065,2025-09-30T06:05:29.844804525Z
BAUG,Innovator U.S. Equity Buffer ETF - August,stocks,us,BATS,ETF,True,usd,0001482688,BBG00PVP2Q68,BBG00PVP2QY7,2025-09-30T06:05:29.844804605Z
BAX,Baxter International Inc.,stocks,us,XNYS,CS,True,usd,0000010456,BBG000BCVJ77,BBG001S5P1K3,2025-09-30T06:05:29.844804685Z
BAYA,Bayview Acquisition Corp Class A Ordinary Shares,stocks,us,XNAS,CS,True,usd,0001969475,BBG01KT6FX00,BBG01KT6FXV6,2025-09-30T06:05:29.844805096Z
BAYAR,Bayview Acquisition Corp Right,stocks,us,XNAS,RIGHT,True,usd,0001969475,BBG01KT6G6L5,BBG01KT6G7L3,2025-09-30T06:05:29.844805286Z
BAYAU,Bayview Acquisition Corp Unit,stocks,us,XNAS,UNIT,True,usd,0001969475,BBG01K7N3468,BBG01K7N3510,2025-09-30T06:05:29.844805366Z
BApA,"The Boeing Company Depositary Shares, each representing a 1/20th interest in a share of 6.00% Series A Mandatory Convertible Preferred Stock, par value $1.00",stocks,us,XNYS,SP,True,usd,0000012927,2025-09-30T06:05:29.844805507Z
BB,BlackBerry Limited,stocks,us,XNYS,CS,True,usd,0001070235,BBG000CR90K4,BBG001S60618,2025-09-30T06:05:29.844805667Z
BBAG,JPMorgan BetaBuilders U.S. Aggregate Bond ETF,stocks,us,ARCX,ETF,True,usd,0001485894,BBG00MSHTGF0,BBG00MSHTH59,2025-09-30T06:05:29.844805747Z
BBAI,"BigBear.ai Holdings, Inc.",stocks,us,XNYS,CS,True,usd,0001836981,BBG00Z4HKRV4,BBG00Z4HKRY1,2025-09-30T06:05:29.844805827Z
BBAI.WS,"BigBear.ai Holdings, Inc. Redeemable warrants, each full warrant exercisable for one share of common stock at an exercise price of $11.50 per share",stocks,us,XNYS,WARRANT,True,usd,0001836981,BBG00ZVNPL58,2025-09-30T06:05:29.844805917Z
BBAR,Banco BBVA Argentina S.A.,stocks,us,XNYS,ADRC,True,usd,0000913059,BBG000BLLR07,BBG001S62B15,2025-09-30T06:05:29.844805998Z
BBAX,JPMorgan BetaBuilders Developed Asia Pacific-ex Japan ETF,stocks,us,BATS,ETF,True,usd,0001485894,BBG00LN4D2G3,BBG00LN4D399,2025-09-30T06:05:29.844806198Z
BBB,ONEFUND Trust CYBER HORNET S&P 500 and Bitcoin 75/25 Strategy ETF75/25 Strategy ETF,stocks,us,XNAS,ETF,True,usd,BBG01KS90D05,BBG01KS90DV1,2025-09-30T06:05:29.844806288Z
BBBI,BondBloxx BBB Rated 5-10 Year Corporate Bond ETF,stocks,us,ARCX,ETF,True,usd,BBG01L55SHT6,BBG01L55SJN8,2025-09-30T06:05:29.844806408Z
BBBL,BondBloxx BBB Rated 10+ Year Corporate Bond ETF,stocks,us,ARCX,ETF,True,usd,BBG01L53QR02,BBG01L53QRV8,2025-09-30T06:05:29.844806488Z
BBBS,BondBloxx BBB Rated 1-5 Year Corporate Bond ETF,stocks,us,ARCX,ETF,True,usd,BBG01L53Z9K0,BBG01L53ZBF1,2025-09-30T06:05:29.844806569Z
BBBY,"Bed Bath & Beyond, Inc.",stocks,us,XNYS,CS,True,usd,0001130713,BBG000BF7BV7,BBG001S64TS5,2025-09-30T06:05:29.844806649Z
BBC,Virtus LifeSci Biotech Clinical Trials ETF,stocks,us,ARCX,ETF,True,usd,0001559109,BBG007QVCGG1,BBG007QVCGH0,2025-09-30T06:05:29.844806729Z
BBCA,JPMorgan BetaBuilders Canada ETF,stocks,us,BATS,ETF,True,usd,0001485894,BBG00LN4CVW2,BBG00LN4CWM1,2025-09-30T06:05:29.844806819Z
BBCB,JPMorgan BetaBuilders USD Investment Grade Corporate Bond ETF,stocks,us,ARCX,ETF,True,usd,0001485894,BBG00MSHT6G1,BBG00MSHT760,2025-09-30T06:05:29.84480722Z
BBCP,"Concrete Pumping Holdings, Inc. Common Stock",stocks,us,XNAS,CS,True,usd,0001703956,BBG00M8BB0W0,BBG00M8BB1P6,2025-09-30T06:05:29.84480743Z
BBD,Banco Bradesco S.A. American Depositary Shares (Each representing one Preferred Shares),stocks,us,XNYS,ADRC,True,usd,0001160330,BBG000BS6WW3,BBG001SF7657,2025-09-30T06:05:29.844807611Z
BBDC,"Barings BDC, Inc.",stocks,us,XNYS,CS,True,usd,0001379785,BBG000F54FK1,BBG001S9DQ05,2025-09-30T06:05:29.844807791Z
BBDO,"Banco Bradesco S.A. American Depositary Shares (Each representing one  Common Share, no par value)",stocks,us,XNYS,ADRC,True,usd,0001160330,BBG002QK59T6,BBG002QK5CB8,2025-09-30T06:05:29.844807981Z
BBEM,JPMorgan BetaBuilders Emerging Markets Equity ETF,stocks,us,BATS,ETF,True,usd,0001485894,BBG01FY5GRT8,BBG01FY5GSN2,2025-09-30T06:05:29.844808061Z
BBEU,JPMorgan BetaBuilders Europe ETF,stocks,us,BATS,ETF,True,usd,0001485894,BBG00L52KWW5,BBG00L52KXM4,2025-09-30T06:05:29.844808182Z
BBGI,Beasley Broadcasting Group Inc,stocks,us,XNAS,CS,True,usd,0001099160,BBG000CB07H7,BBG001SDTSJ5,2025-09-30T06:05:29.844808282Z
BBH,VanEck Biotech ETF,stocks,us,XNAS,ETF,True,usd,0001137360,BBG000C1FW33,BBG002DP3D21,2025-09-30T06:05:29.844808402Z
BBHY,JPMorgan BetaBuilders USD High Yield Corporate Bond ETF,stocks,us,BATS,ETF,True,usd,0001485894,BBG00DRLJ353,BBG00DRLJ399,2025-09-30T06:05:29.844808482Z
BBIB,JPMorgan BetaBuilders U.S. Treasury Bond 3-10 Year ETF,stocks,us,BATS,ETF,True,usd,0001485894,BBG01G1SB1M1,BBG01G26DD59,2025-09-30T06:05:29.844808562Z
BBIN,JPMorgan BetaBuilders International Equity ETF,stocks,us,BATS,ETF,True,usd,0001485894,BBG00QRCN8M9,BBG00QRCN9C8,2025-09-30T06:05:29.844808643Z
BBIO,"BridgeBio Pharma, Inc. Common Stock",stocks,us,XNAS,CS,True,usd,0001743881,BBG00P9KDZK6,BBG00P9KDZL5,2025-09-30T06:05:29.844808723Z
BBJP,JPMorgan BetaBuilders Japan ETF,stocks,us,BATS,ETF,True,usd,0001485894,BBG00L52MGS3,BBG00L52MHJ1,2025-09-30T06:05:29.844808803Z
BBLB,JPMorgan BetaBuilders U.S. Treasury Bond 20+ Year ETF,stocks,us,BATS,ETF,True,usd,0001485894,BBG01G1S4Q99,BBG01G1S4R42,2025-09-30T06:05:29.844808883Z
BBLG,Bone Biologics Corp Common Stock,stocks,us,XNAS,CS,True,usd,0001419554,BBG007GF2K51,BBG007GF2K79,2025-09-30T06:05:29.844808973Z
BBLGW,Bone Biologics Corp Warrants,stocks,us,XNAS,WARRANT,True,usd,0001419554,BBG012Y6Z4L3,2025-09-30T06:05:29.844809194Z
BBLU,EA Bridgeway Blue Chip ETF,stocks,us,ARCX,ETF,True,usd,BBG01B089DY1,BBG01B089FS3,2025-09-30T06:05:29.844809274Z
BBMC,JPMorgan BetaBuilders U.S. Mid Cap Equity ETF,stocks,us,ARCX,ETF,True,usd,0001485894,BBG00S7NJMQ3,BBG00S7NJNG2,2025-09-30T06:05:29.844809384Z
BBN,BlackRock Taxable Municipal Bond Trust,stocks,us,XNYS,FUND,True,usd,0001493683,BBG000BGFM15,BBG001T9DW47,2025-09-30T06:05:29.844809464Z
BBNX,"Beta Bionics, Inc. Common Stock",stocks,us,XNAS,CS,True,usd,0001674632,BBG00JNGG9Q2,BBG00JNGG9R1,2025-09-30T06:05:29.844809544Z
BBOT,"BridgeBio Oncology Therapeutics, Inc. Common Stock",stocks,us,XNAS,CS,True,usd,0001869105,BBG01L3GYF02,BBG01L3GYF11,2025-09-30T06:05:29.844809624Z
BBP,Virtus LifeSci Biotech Products ETF,stocks,us,ARCX,ETF,True,usd,0001559109,BBG007QVCC25,BBG007QVCC34,2025-09-30T06:05:29.844809705Z
BBRE,JPMorgan BetaBuilders MSCI U.S. REIT ETF,stocks,us,BATS,ETF,True,usd,0001485894,BBG00L53HBD4,BBG00L53HC42,2025-09-30T06:05:29.844809785Z
BBSB,JPMorgan BetaBuilders U.S. Treasury Bond 1-3 Year ETF,stocks,us,BATS,ETF,True,usd,0001485894,BBG01G1S8XD5,BBG01G1S8Y70,2025-09-30T06:05:29.844809865Z
BBSC,JPMorgan BetaBuilders U.S. Small Cap Equity ETF,stocks,us,ARCX,ETF,True,usd,0001485894,BBG00X0VP3B2,BBG00X0VP439,2025-09-30T06:05:29.844809985Z
BBSI,Barrett Business Services,stocks,us,XNAS,CS,True,usd,0000902791,BBG000BHJSC4,BBG001S7CX50,2025-09-30T06:05:29.844810065Z
BBT,Beacon Financial Corporation,stocks,us,XNYS,CS,True,usd,0001108134,BBG000BB00D7,BBG001S5PSK4,2025-09-30T06:05:29.844810145Z
BBU,Brookfield Business Partners L.P.Limited Partnership Units,stocks,us,XNYS,CS,True,usd,0001654795,2025-09-30T06:05:29.844810226Z
BBUC,Brookfield Business Corporation Class A Exchangeable Subordinate Voting Shares,stocks,us,XNYS,CS,True,usd,0001871130,BBG015MRS011,BBG015P1Z2Y7,2025-09-30T06:05:29.844810306Z
BBUS,JPMorgan BetaBuilders U.S. Equity ETF,stocks,us,BATS,ETF,True,usd,0001485894,BBG00NKWFB96,BBG00NKWFC12,2025-09-30T06:05:29.844810396Z
BBVA,"Banco Bilbao Vizcaya Argentaria, S.A.",stocks,us,XNYS,ADRC,True,usd,0000842180,BBG000BXD232,BBG001S5XP76,2025-09-30T06:05:29.844810476Z
BBW,"Build-A-Bear Workshop, Inc.",stocks,us,XNYS,CS,True,usd,0001113809,BBG000H8XPS1,BBG001SMC9T4,2025-09-30T06:05:29.844810676Z
BBWI,"Bath & Body Works, Inc.",stocks,us,XNYS,CS,True,usd,0000701985,BBG000BNGTQ7,BBG001S5SWL1,2025-09-30T06:05:29.844810767Z
BBY,"Best Buy Company, Inc.",stocks,us,XNYS,CS,True,usd,0000764478,BBG000BCWCG1,BBG001S5P285,2025-09-30T06:05:29.844810877Z
BC,Brunswick Corporation,stocks,us,XNYS,CS,True,usd,0000014930,BBG000BCWSS3,BBG001S5P294,2025-09-30T06:05:29.844810957Z
BCAB,"BioAtla, Inc. Common Stock",stocks,us,XNAS,CS,True,usd,0001826892,BBG00Y6GBT61,BBG00Y6GBV39,2025-09-30T06:05:29.844811057Z
BCAL,California BanCorp Common Stock,stocks,us,XNAS,CS,True,usd,0001795815,BBG000QJ8KD2,BBG001SMZ5M4,2025-09-30T06:05:29.844811167Z
BCAR,D. Boral ARC Acquisition I Corp. Class A Ordinary Shares,stocks,us,XNAS,CS,True,usd,0002065779,2025-09-30T06:05:29.844811358Z
BCARU,D. Boral ARC Acquisition I Corp. Units,stocks,us,XNAS,UNIT,True,usd,0002065779,2025-09-30T06:05:29.844811438Z
BCARW,D. Boral ARC Acquisition I Corp. Warrant,stocks,us,XNAS,WARRANT,True,usd,0002065779,2025-09-30T06:05:29.844811598Z
BCAT,BlackRock Capital Allocation Term Trust,stocks,us,XNYS,FUND,True,usd,0001809541,BBG00WRC2FN2,BBG00WRC2HF7,2025-09-30T06:05:29.844811678Z
BCAX,Bicara Therapeutics Inc. Common Stock,stocks,us,XNAS,CS,True,usd,0002023658,BBG00Z15DGK7,BBG00Z15DGL6,2025-09-30T06:05:29.844811759Z
BCBP,BCB Bancorp Inc (NJ),stocks,us,XNAS,CS,True,usd,0001228454,BBG000M7H7J5,BBG001SK9NQ4,2025-09-30T06:05:29.844811889Z
BCC,Boise Cascade Company,stocks,us,XNYS,CS,True,usd,0001328581,BBG000RQKCR4,BBG001SZX397,2025-09-30T06:05:29.844811969Z
BCCC,Global X Bitcoin Covered Call ETF,stocks,us,BATS,ETF,True,usd,BBG01VCHMVT5,BBG01VCHMWZ6,2025-09-30T06:05:29.844812069Z
BCD,abrdn Bloomberg All Commodity Longer Dated Strategy K-1 Free ETF,stocks,us,ARCX,ETF,True,usd,BBG00G9CGWP3,BBG00G9CGXD4,2025-09-30T06:05:29.8448123Z
BCDA,"BioCardia, Inc. Common Stock",stocks,us,XNAS,CS,True,usd,0000925741,BBG000BTJTF3,BBG001S72MS0,2025-09-30T06:05:29.84481238Z
BCDF,Horizon Kinetics Blockchain Development ETF,stocks,us,ARCX,ETF,True,usd,0001683471,BBG0191G6DC4,BBG0191G6FC9,2025-09-30T06:05:29.84481257Z
BCE,"BCE, Inc.",stocks,us,XNYS,CS,True,usd,0000718940,BBG000BCXNS3,BBG001S5P2C0,2025-09-30T06:05:29.84481265Z
BCG,"Binah Capital Group, Inc. Common Stock",stocks,us,XNAS,CS,True,usd,0001953984,BBG01G023166,BBG01G023175,2025-09-30T06:05:29.84481273Z
BCGWW,"Binah Capital Group, Inc. Warrants",stocks,us,XNAS,WARRANT,True,usd,0001953984,BBG01GY518Z7,2025-09-30T06:05:29.844812981Z
BCH,Banco de ChileAmerican Depositary Shares (Each representing 200 shares of Common Stock),stocks,us,XNYS,ADRC,True,usd,0001161125,BBG000D5HVG9,BBG001SF8LP1,2025-09-30T06:05:29.844813061Z
BCHI,GMO Beyond China ETF,stocks,us,ARCX,ETF,True,usd,BBG01S548VL3,BBG01S548WG7,2025-09-30T06:05:29.844813171Z
BCHP,Principal Focused Blue Chip ETF,stocks,us,BATS,ETF,True,usd,0001572661,BBG01H8T1L01,BBG01H8T1LV7,2025-09-30T06:05:29.844813281Z
BCI,abrdn Bloomberg All Commodity Strategy K-1 Free ETF,stocks,us,ARCX,ETF,True,usd,BBG00G9CFD03,BBG00G9CFDS3,2025-09-30T06:05:29.844813362Z
BCIC,BCP Investment Corporation Common Stock,stocks,us,XNAS,CS,True,usd,0001372807,BBG000BMSWV3,BBG001SDR8W6,2025-09-30T06:05:29.844813452Z
BCIL,Bancreek International Large Cap ETF,stocks,us,ARCX,ETF,True,usd,0001547950,BBG01LYFDH45,BBG01LYFDHZ1,2025-09-30T06:05:29.844813532Z
BCIM,abrdn Bloomberg Industrial Metals Strategy K-1 Free ETF,stocks,us,ARCX,ETF,True,usd,BBG012GMQ5R9,BBG012GMQ6L3,2025-09-30T06:05:29.844813612Z
BCKT,LifeX 2030 Income Bucket ETF,stocks,us,BATS,ETF,True,usd,BBG01XHJ4B25,BBG01XHJ4BZ9,2025-09-30T06:05:29.844813692Z
BCLO,iShares BBB-B CLO Active ETF,stocks,us,XNAS,ETF,True,usd,0001804196,BBG01RZP7ZG3,BBG01RZP80D2,2025-09-30T06:05:29.844813772Z
BCML,BayCom Corp Common Stock,stocks,us,XNAS,CS,True,usd,0001730984,BBG00FWKRBS2,BBG00FWKRCJ0,2025-09-30T06:05:29.844813893Z
BCO,The Brink's Company,stocks,us,XNYS,CS,True,usd,0000078890,BBG000DR5QP5,BBG001S8PZK2,2025-09-30T06:05:29.844814113Z
BCOR,Grayscale Bitcoin Adopters ETF,stocks,us,ARCX,ETF,True,usd,0001068875,BBG01TQ373F0,BBG01TQ37495,2025-09-30T06:05:29.844814203Z
BCPC,Balchem Corporation,stocks,us,XNAS,CS,True,usd,0000009326,BBG000BCY878,BBG001S5P2R4,2025-09-30T06:05:29.844814343Z
BCRX,BioCryst Pharmaceuticals Inc,stocks,us,XNAS,CS,True,usd,0000882796,BBG000BLYWX6,BBG001S7K151,2025-09-30T06:05:29.844814434Z
BCS,Barclays PLC,stocks,us,XNYS,ADRC,True,usd,0000312069,BBG000BCZ341,BBG001S5P2T2,2025-09-30T06:05:29.844814514Z
BCSF,"Bain Capital Specialty Finance, Inc.",stocks,us,XNYS,CS,True,usd,0001655050,BBG00JDV0M15,BBG00JDV0M33,2025-09-30T06:05:29.844814594Z
BCSS.U,"Bain Capital GSS Investment Corp. Units, each consisting of one Class A Ordinary Share and one-fifth of one redeemable warrant",stocks,us,XNYS,UNIT,True,usd,0002064355,2025-09-30T06:05:29.844814684Z
BCTX,Briacell Therapeutics Corp. Common Shares,stocks,us,XNAS,CS,True,usd,0001610820,BBG0018783B6,BBG001SMHR46,2025-09-30T06:05:29.844814774Z
BCTXW,BriaCell Therapeutics Corp. Warrant,stocks,us,XNAS,WARRANT,True,usd,0001610820,BBG00ZF3B328,2025-09-30T06:05:29.844815005Z
BCTXZ,BriaCell Therapeutics Corp. Warrant,stocks,us,XNAS,WARRANT,True,usd,0001610820,BBG01TNZDL47,2025-09-30T06:05:29.844815105Z
BCUS,Bancreek U.S. Large Cap ETF,stocks,us,ARCX,ETF,True,usd,0001547950,BBG01KM4QLW1,BBG01KM4QMR5,2025-09-30T06:05:29.844815195Z
BCV,Bancroft Fund Ltd.,stocks,us,XASE,FUND,True,usd,0000009521,BBG000BB76H3,BBG001S5P2V9,2025-09-30T06:05:29.844815285Z
BCVpA,Bancroft Fund Ltd 5.375% Series A Cumulative Preferred Shares,stocks,us,XASE,PFD,True,usd,0000009521,2025-09-30T06:05:29.844815365Z
BCX,BLACKROCK RESOURCES & COMMODITIES STRATEGY TRUST,stocks,us,XNYS,FUND,True,usd,0001506289,BBG0019VQB06,BBG001TG5XN7,2025-09-30T06:05:29.844815446Z
BCYC,Bicycle Therapeutics plc American Depositary Shares,stocks,us,XNAS,ADRC,True,usd,0001761612,BBG00P0YWPK6,BBG00P0YWQ97,2025-09-30T06:05:29.844815526Z
BCpA,Brunswick Corporation 6.500% Senior Notes due 2048,stocks,us,XNYS,SP,True,usd,0000014930,2025-09-30T06:05:29.844815606Z
BCpC,Brunswick Corporation 6.375% Notes due 2049,stocks,us,XNYS,SP,True,usd,0000014930,2025-09-30T06:05:29.844815686Z
BDBT,Bluemonte Core Bond ETF,stocks,us,ARCX,ETF,True,usd,0001452937,BBG01VD0Y9P1,BBG01VD0YBM9,2025-09-30T06:05:29.844815786Z
BDC,Belden Inc.,stocks,us,XNYS,CS,True,usd,0000913142,BBG000Q4XNV1,BBG001SM6Z59,2025-09-30T06:05:29.844816077Z
BDCX,"ETRACS Quarterly Pay 1.5x Leveraged MarketVector BDC Liquid Index ETN due June 10, 2050",stocks,us,ARCX,ETN,True,usd,0001114446,BBG00V775ND8,BBG00V775P52,2025-09-30T06:05:29.844816157Z
BDCZ,"ETRACS MarketVector Business Development Companies Liquid Index ETN due April 26, 2041",stocks,us,ARCX,ETN,True,usd,0001114446,BBG00B59K6J4,BBG00B59K6H6,2025-09-30T06:05:29.844816267Z
BDEC,Innovator U.S. Equity Buffer ETF - December,stocks,us,BATS,ETF,True,usd,0001415726,BBG00QYNBZ22,BBG00QYNBZV0,2025-09-30T06:05:29.844816347Z
BDGS,Bridges Capital Tactical ETF,stocks,us,XNAS,ETF,True,usd,BBG01GKHKY33,BBG01GKHKYY9,2025-09-30T06:05:29.844816427Z
BDIV,AAM Brentview Dividend Growth ETF,stocks,us,ARCX,ETF,True,usd,0001539639,BBG01P17DWD7,BBG01P17DXJ9,2025-09-30T06:05:29.844816508Z
BDJ,BlackRock Enhanced Equity Dividend Trust,stocks,us,XNYS,FUND,True,usd,0001332283,BBG000BZQ7P8,BBG001SK5462,2025-09-30T06:05:29.844816588Z
BDL,Flanigan's Enterprises Inc,stocks,us,XASE,CS,True,usd,0000012040,BBG000BCZHJ4,BBG001S5P347,2025-09-30T06:05:29.844816678Z
BDMD,Baird Medical Investment Holdings Ltd Ordinary Share,stocks,us,XNAS,CS,True,usd,0001982444,2025-09-30T06:05:29.844816768Z
BDMDW,Baird Medical Investment Holdings Ltd Warrant,stocks,us,XNAS,WARRANT,True,usd,0001982444,2025-09-30T06:05:29.844816868Z
BDN,Brandywine Realty Trust,stocks,us,XNYS,CS,True,usd,0000790816,BBG000CL6RJ3,BBG001S6YGF4,2025-09-30T06:05:29.844816948Z
BDRX,Biodexa Pharmaceuticals plc American Depositary Shs,stocks,us,XNAS,ADRC,True,usd,0001643918,BBG00BLVW2R4,BBG00BLVW3G4,2025-09-30T06:05:29.844817029Z
BDRY,Breakwave Dry Bulk Shipping ETF,stocks,us,ARCX,ETV,True,usd,0001610940,BBG00KDXJCX5,BBG00KDXJDM5,2025-09-30T06:05:29.844817109Z
BDSX,"Biodesix, Inc. Common Stock",stocks,us,XNAS,CS,True,usd,0001439725,BBG001J2LMV6,BBG001V0G914,2025-09-30T06:05:29.844817189Z
BDTX,"Black Diamond Therapeutics, Inc. Common Stock",stocks,us,XNAS,CS,True,usd,0001701541,BBG00MS4Y0W9,BBG00MS4Y0X8,2025-09-30T06:05:29.844817269Z
BDVG,IMGP Berkshire Dividend Growth ETF,stocks,us,ARCX,ETF,True,usd,0001020425,BBG01H8T9X70,BBG01H8T9Y50,2025-09-30T06:05:29.844817349Z
BDVL,iShares Disciplined Volatility Equity Active ETF,stocks,us,XNAS,ETF,True,usd,0001761055,BBG01X70V6B8,BBG01X70V7D4,2025-09-30T06:05:29.84481757Z
BDX,"Becton, Dickinson and Co.",stocks,us,XNYS,CS,True,usd,0000010795,BBG000BCZYD3,BBG001S5P374,2025-09-30T06:05:29.84481765Z
BDYN,iShares Dynamic Equity Active ETF,stocks,us,XNAS,ETF,True,usd,0001761055,BBG01X70TSM1,BBG01X70TTQ5,2025-09-30T06:05:29.84481777Z
BE,Bloom Energy Corporation,stocks,us,XNYS,CS,True,usd,0001664703,BBG000N7KBZ3,BBG001T53509,2025-09-30T06:05:29.84481785Z
BEAG,Bold Eagle Acquisition Corp. Class A Ordinary Shares,stocks,us,XNAS,CS,True,usd,0001852207,2025-09-30T06:05:29.84481793Z
BEAGR,Bold Eagle Acquisition Corp. Right,stocks,us,XNAS,RIGHT,True,usd,0001852207,2025-09-30T06:05:29.84481801Z
BEAGU,Bold Eagle Acquisition Corp. Units,stocks,us,XNAS,UNIT,True,usd,0001852207,2025-09-30T06:05:29.844818091Z
BEAM,Beam Therapeutics Inc. Common Stock,stocks,us,XNAS,CS,True,usd,0001745999,BBG00KXC8646,BBG00KXC8655,2025-09-30T06:05:29.844818171Z
BEAT,"Heartbeam, Inc. Common Stock",stocks,us,XNAS,CS,True,usd,0001779372,BBG012F6HZX2,BBG012F6HZY1,2025-09-30T06:05:29.844818271Z
BEATW,"Heartbeam, Inc. Warrant",stocks,us,XNAS,WARRANT,True,usd,0001779372,BBG012XPRXX4,2025-09-30T06:05:29.844818351Z
BEDU,"Bright Scholar Education Holdings Limited American Depositary Shares, each representing four (4) Class A Ordinary Shares",stocks,us,XNYS,ADRC,True,usd,0001696355,BBG00GGXGNN1,BBG00GGXGNP9,2025-09-30T06:05:29.844818441Z
BEDZ,AdvisorShares Hotel ETF,stocks,us,ARCX,ETF,True,usd,0001408970,BBG0106XYDN8,BBG0106XYFH0,2025-09-30T06:05:29.844818602Z
BEEM,Beam Global Common Stock,stocks,us,XNAS,CS,True,usd,0001398805,BBG000BBJG06,BBG001S7JC04,2025-09-30T06:05:29.844818682Z
BEEP,Mobile Infrastructure Corporation Common Stock,stocks,us,XNAS,CS,True,usd,0001847874,BBG0104PDLN2,BBG0104PDMH7,2025-09-30T06:05:29.844818762Z
BEEX,The Beehive ETF,stocks,us,XNAS,ETF,True,usd,0001722388,BBG01R71KKD8,BBG01R71KLC7,2025-09-30T06:05:29.844818842Z
BEEZ,Honeytree U.S. Equity ETF,stocks,us,XNAS,ETF,True,usd,BBG01K0VKY08,BBG01K0VKYW3,2025-09-30T06:05:29.844818922Z
BEGS,Rareview 2x Bull Cryptocurrency & Precious Metals ETF,stocks,us,BATS,ETF,True,usd,BBG01S57TS58,BBG01S57TT47,2025-09-30T06:05:29.844819193Z
BEKE,KE Holdings Inc. American Depositary Shares (each representing three Class A Ordinary Shares),stocks,us,XNYS,ADRC,True,usd,0001809587,BBG00W9L9LX1,BBG00W9L9N03,2025-09-30T06:05:29.844819273Z
BELFA,Bel Fuse Inc,stocks,us,XNAS,CS,True,usd,0000729580,BBG000C28YR9,BBG001S6BRZ3,2025-09-30T06:05:29.844819403Z
BELFB,Bel Fuse Inc,stocks,us,XNAS,CS,True,usd,0000729580,BBG000DYGCS6,BBG001S93K81,2025-09-30T06:05:29.844819513Z
BELT,BlackRock ETF Trust iShares U.S. Select Equity Active ETF,stocks,us,XNAS,ETF,True,usd,0001761055,BBG01NC45LW9,BBG01NC45MS2,2025-09-30T06:05:29.844819593Z
BEMB,iShares J.P. Morgan Broad USD Emerging Markets Bond ETF,stocks,us,BATS,ETF,True,usd,0001100663,BBG01F749Y32,BBG01F749YY8,2025-09-30T06:05:29.844819684Z
BEN,"Franklin Resources, Inc.",stocks,us,XNYS,CS,True,usd,0000038777,BBG000BD0TF8,BBG001S5P3W6,2025-09-30T06:05:29.844819764Z
BENF,Beneficient Class A Common Stock,stocks,us,XNAS,CS,True,usd,0001775734,BBG00KFV0B41,BBG00KFV0B50,2025-09-30T06:05:29.844819844Z
BENFW,Beneficient Warrant,stocks,us,XNAS,WARRANT,True,usd,0001775734,BBG01FVBG8K9,2025-09-30T06:05:29.844819924Z
BENJ,Horizon Landmark ETF,stocks,us,ARCX,ETF,True,usd,BBG01RXYQ4R2,BBG01RXYQ6C3,2025-09-30T06:05:29.844820004Z
BEP,Brookfield Renewable Partners L.P.,stocks,us,XNYS,CS,True,usd,0001533232,2025-09-30T06:05:29.844820084Z
BEPC,Brookfield Renewable Corporation Class A Exchangeable Subordinate Voting Shares,stocks,us,XNYS,CS,True,usd,0001791863,BBG01RJ2V7B2,BBG01RJ2Q8X2,2025-09-30T06:05:29.844820175Z
BEPH,Brookfield BRP Holdings (Canada) Inc. 4.625% Perpetual Subordinated Notes,stocks,us,XNYS,SP,True,usd,0001533232,2025-09-30T06:05:29.844820295Z
BEPI,Brookfield BRP Holdings (Canada) Inc. 4.875% Perpetual Subordinated Notes,stocks,us,XNYS,SP,True,usd,0001533232,2025-09-30T06:05:29.844820796Z
BEPJ,Brookfield BRP Holdings (Canada) Inc. 7.250% Perpetual Subordinated Notes,stocks,us,XNYS,SP,True,usd,0001533232,2025-09-30T06:05:29.844820876Z
BEPpA,"Brookfield Renewable Partners L.P. 5.25% Class A Preferred Limited Partnership Units, Series 17",stocks,us,XNYS,PFD,True,usd,0001533232,2025-09-30T06:05:29.844821156Z
BERZ,MicroSectors FANG & Innovation -3x Inverse Leveraged ETN,stocks,us,ARCX,ETN,True,usd,0000927971,BBG0123138B5,BBG012313969,2025-09-30T06:05:29.844821237Z
BESF,Bastion Energy ETF,stocks,us,BATS,ETF,True,usd,BBG01V8RP111,BBG01V8RP246,2025-09-30T06:05:29.844821317Z
BETE,ProShares Bitcoin & Ether Equal Weight ETF,stocks,us,ARCX,ETF,True,usd,BBG01JLGN2B6,BBG01JLGN351,2025-09-30T06:05:29.844821487Z
BETH,ProShares Bitcoin & Ether Market Cap Weight ETF,stocks,us,ARCX,ETF,True,usd,BBG01JLGNB44,BBG01JLGNC06,2025-09-30T06:05:29.844821577Z
BETR,Better Home & Finance Holding Company Class A Common Stock,stocks,us,XNAS,CS,True,usd,0001835856,BBG0103VG6N0,BBG0103VG6P8,2025-09-30T06:05:29.844821657Z
BETRW,Better Home & Finance Holding Company Warrant,stocks,us,XNAS,WARRANT,True,usd,0001835856,BBG010B6T055,2025-09-30T06:05:29.844821808Z
BETZ,Roundhill Sports Betting & iGaming ETF,stocks,us,ARCX,ETF,True,usd,0001776878,BBG00V7866V2,BBG00V7867P7,2025-09-30T06:05:29.844821928Z
BF.A,Brown-Forman Corporation Class A,stocks,us,XNYS,CS,True,usd,0000014693,BBG000BD2C18,BBG001S5P4G2,2025-09-30T06:05:29.844822018Z
BF.B,Brown-Forman Corporation Class B,stocks,us,XNYS,CS,True,usd,0000014693,BBG000BD2NY8,BBG001S5P4H1,2025-09-30T06:05:29.844822108Z
BFAM,BRIGHT HORIZONS FAMILY SOLUTIONS INC.,stocks,us,XNYS,CS,True,usd,0001437578,BBG003LFWP05,BBG003LFWPT4,2025-09-30T06:05:29.844822188Z
BFAP,FT Vest Bitcoin Strategy Floor15 ETF - April,stocks,us,ARCX,ETF,True,usd,0001329377,BBG01T3YN2T6,BBG01T3YN3R6,2025-09-30T06:05:29.844822269Z
BFC,Bank First Corporation Common Stock,stocks,us,XNAS,CS,True,usd,0001746109,BBG000BG27V9,BBG001S79DP6,2025-09-30T06:05:29.844822349Z
BFEB,Innovator U.S. Equity Buffer ETF - February,stocks,us,BATS,ETF,True,usd,0001482688,BBG00RHZ11C7,BBG00RHZ1235,2025-09-30T06:05:29.844822429Z
BFH,"Bread Financial Holdings, Inc.",stocks,us,XNYS,CS,True,usd,0001101215,BBG000BFNR17,BBG001S78Z50,2025-09-30T06:05:29.84482277Z
BFIN,BankFinancial Corporation,stocks,us,XNAS,CS,True,usd,0001303942,BBG000BCD4H9,BBG001S69N21,2025-09-30T06:05:29.84482286Z
BFIX,Build Bond Innovation ETF,stocks,us,ARCX,ETF,True,usd,BBG01462WN94,BBG01462WP99,2025-09-30T06:05:29.84482295Z
BFJL,FT Vest Bitcoin Strategy Floor15 ETF - July,stocks,us,ARCX,ETF,True,usd,0001125816,BBG01VRRV3L7,BBG01VRRV4Y1,2025-09-30T06:05:29.84482315Z
BFK,BlackRock Municipal Income Trust,stocks,us,XNYS,FUND,True,usd,0001137393,BBG000BZGJ91,BBG001SFL2F9,2025-09-30T06:05:29.84482323Z
BFLY,"Butterfly Network, Inc.",stocks,us,XNYS,CS,True,usd,0001804176,BBG00TN65975,BBG00TN65984,2025-09-30T06:05:29.844823361Z
BFLY.WS,"Butterfly Network, Inc. Redeemable Warrants, each whole warrant exercisable for one share of Class A common stock, each at an exercise price of $11.50 per share",stocks,us,XNYS,WARRANT,True,usd,0001804176,BBG00VXZJCF4,2025-09-30T06:05:29.844823441Z
BFOR,Barron's 400 ETF,stocks,us,ARCX,ETF,True,usd,0001414040,BBG004N1S4Q6,BBG004N1S5G4,2025-09-30T06:05:29.844823531Z
BFRE,Westwood LBRTY Global Equity ETF,stocks,us,ARCX,ETF,True,usd,BBG01SX4YJH5,BBG01SX4YKM6,2025-09-30T06:05:29.844823611Z
BFRG,"Bullfrog AI Holdings, Inc. Common Stock",stocks,us,XNAS,CS,True,usd,0001829247,BBG01BXY7SH6,BBG01BXY7TD8,2025-09-30T06:05:29.844823691Z
BFRGW,"Bullfrog AI Holdings, Inc. Warrants",stocks,us,XNAS,WARRANT,True,usd,0001829247,BBG01CD99CS2,2025-09-30T06:05:29.844823842Z
BFRI,Biofrontera Inc. Common Stock,stocks,us,XNAS,CS,True,usd,0001858685,BBG00HTD0PX0,BBG00HTD0PY9,2025-09-30T06:05:29.844823952Z
BFRIW,Biofrontera Inc. Warrants,stocks,us,XNAS,WARRANT,True,usd,0001858685,BBG013841CP0,2025-09-30T06:05:29.844824042Z
BFRZ,Innovator Equity Managed 100 Buffer ETF,stocks,us,ARCX,ETF,True,usd,0001415726,BBG01TW7DK05,BBG01TW7DKV1,2025-09-30T06:05:29.844824122Z
BFS,"Saul Centers, Inc.",stocks,us,XNYS,CS,True,usd,0000907254,BBG000BJ5G95,BBG001S7F7J9,2025-09-30T06:05:29.844824202Z
BFST,"Business First Bancshares, Inc. Common Stock",stocks,us,XNAS,CS,True,usd,0001624322,BBG000TGZHS6,BBG001T056Q8,2025-09-30T06:05:29.844824292Z
BFSpD,"Saul Centers, Inc. Depositary Shares, each representing 1/100th of a share of 6.125% Series D Cumulative Redeemable Preferred Stock",stocks,us,XNYS,PFD,True,usd,0000907254,2025-09-30T06:05:29.844824373Z
BFSpE,"Saul Centers, Inc. Depositary Shares, each representing 1/100th of a share of 6.000% Series E Cumulative Redeemable Preferred Stock",stocks,us,XNYS,PFD,True,usd,0000907254,2025-09-30T06:05:29.844824453Z
BFZ,BLACKROCK CA MUNICIPAL INC TR,stocks,us,XNYS,FUND,True,usd,0001137391,BBG000BB9W75,BBG001S5WLM9,2025-09-30T06:05:29.844824543Z
BG,Bunge Global SA,stocks,us,XNYS,CS,True,usd,0001996862,2025-09-30T06:05:29.844824844Z
BGB,Blackstone Strategic Credit 2027 Term Fund,stocks,us,XNYS,FUND,True,usd,0001546429,BBG002W5R785,BBG002W5R801,2025-09-30T06:05:29.844824924Z
BGC,"BGC Group, Inc. Class A Common Stock",stocks,us,XNAS,CS,True,usd,0001094831,BBG01H9FTGX5,BBG01H9FTHS9,2025-09-30T06:05:29.844825094Z
BGDV,Bahl & Gaynor Dividend ETF,stocks,us,ARCX,ETF,True,usd,BBG01R77QK76,BBG01R77QL56,2025-09-30T06:05:29.844825174Z
BGFV,Big 5 Sporting Goods Corp,stocks,us,XNAS,CS,True,usd,0001156388,BBG000NF3BG5,BBG001SD30D0,2025-09-30T06:05:29.844825324Z
BGH,Barings Global Short Duration High Yield Fund,stocks,us,XNYS,FUND,True,usd,0001521404,BBG0034WH483,BBG0034WH517,2025-09-30T06:05:29.844825405Z
BGI,Birks Group Inc,stocks,us,XASE,CS,True,usd,0001179821,BBG000BCPBN3,BBG001S6PN78,2025-09-30T06:05:29.844825495Z
BGIG,Bahl & Gaynor Income Growth ETF,stocks,us,ARCX,ETF,True,usd,0001539639,BBG01J9TNBB2,BBG01J9TNC66,2025-09-30T06:05:29.844825575Z
BGL,Blue Gold Limited Class A Ordinary Shares,stocks,us,XNAS,CS,True,usd,0002019435,2025-09-30T06:05:29.844825655Z
BGLC,BioNexus Gene Lab Corp Common stock,stocks,us,XNAS,CS,True,usd,0001737523,BBG00N70PLY0,BBG00N70PLZ9,2025-09-30T06:05:29.844825805Z
BGLD,FT Vest Gold Strategy Quarterly Buffer ETF,stocks,us,BATS,ETF,True,usd,0001329377,BBG00YXMR9N6,BBG00YXMRBJ6,2025-09-30T06:05:29.844825885Z
BGLWW,Blue Gold Limited Warrant,stocks,us,XNAS,WARRANT,True,usd,0002019435,2025-09-30T06:05:29.844825986Z
BGM,BGM Group Ltd. Class A Ordinary Shares,stocks,us,XNAS,CS,True,usd,0001779578,2025-09-30T06:05:29.844826066Z
BGMS,"Bio Green Med Solution, Inc. Common Stock",stocks,us,XNAS,CS,True,usd,0001130166,BBG000CT3XM2,BBG001SGNL18,2025-09-30T06:05:29.844826146Z
BGMSP,"Bio Green Med Solution, Inc. 6% Convertible Preferred Stock",stocks,us,XNAS,PFD,True,usd,0001130166,2025-09-30T06:05:29.844826226Z
BGR,Blackrock Energy and Resources Trust,stocks,us,XNYS,FUND,True,usd,0001306550,BBG000QD1Q85,BBG001SMMW12,2025-09-30T06:05:29.844826316Z
BGRN,iShares Trust iShares USD Green Bond ETF,stocks,us,XNAS,ETF,True,usd,0001100663,BBG00MK1NPJ5,BBG00MK1NQ85,2025-09-30T06:05:29.844826537Z
BGRO,BlackRock ETF Trust iShares Large Cap Growth Active ETF,stocks,us,XNAS,ETF,True,usd,0001761055,BBG01N4ZX8Z4,BBG01N4ZX9W5,2025-09-30T06:05:29.844826627Z
BGS,"B&G Foods, Inc.",stocks,us,XNYS,CS,True,usd,0001278027,BBG000RKXRQ1,BBG001SQD861,2025-09-30T06:05:29.844826817Z
BGSF,"BGSF, Inc.",stocks,us,XNYS,CS,True,usd,0001474903,BBG005DLS9N2,BBG005DLS9P0,2025-09-30T06:05:29.844826897Z
BGT,BlackRock Floating Rate Income Trust,stocks,us,XNYS,FUND,True,usd,0001287480,BBG000BWND57,BBG001SCPXR1,2025-09-30T06:05:29.844826998Z
BGX,Blackstone Long-Short Credit Income Fund,stocks,us,XNYS,FUND,True,usd,0001504234,BBG001855699,BBG001TCJG67,2025-09-30T06:05:29.844827078Z
BGY,BlackRock Enhanced International Dividend Trust,stocks,us,XNYS,FUND,True,usd,0001393299,BBG000QY41Y2,BBG001SSV2L3,2025-09-30T06:05:29.844827158Z
BH,Biglari Holdings Inc. Class B Common Stock,stocks,us,XNYS,CS,True,usd,0001726173,BBG00JPRDQH1,BBG00JPRDQJ9,2025-09-30T06:05:29.844827238Z
BH.A,Biglari Holdings Inc. Class A Common Stock,stocks,us,XNYS,CS,True,usd,0001726173,BBG00KK2W379,BBG00KK2W3Y9,2025-09-30T06:05:29.844827408Z
BHAT,Blue Hat Interactive Entertainment Technology Ordinary Shares,stocks,us,XNAS,CS,True,usd,0001759136,2025-09-30T06:05:29.844827489Z
BHB,Bar Harbor Bankshares,stocks,us,XASE,CS,True,usd,0000743367,BBG000JKM045,BBG001SB8Q79,2025-09-30T06:05:29.844827569Z
BHC,Bausch Health Companies Inc,stocks,us,XNYS,CS,True,usd,0000885590,BBG000DLFM21,BBG001S7WDP0,2025-09-30T06:05:29.844827699Z
BHE,Benchmark Electronics,stocks,us,XNYS,CS,True,usd,0000863436,BBG000C4JX31,BBG001S6LXL4,2025-09-30T06:05:29.844827779Z
BHF,"Brighthouse Financial, Inc.",stocks,us,XNAS,CS,True,usd,0001685040,BBG00DYPZ4T0,BBG00DYPZ4V7,2025-09-30T06:05:29.844827859Z
BHFAL,"Brighthouse Financial, Inc. 6.25% Junior Subordinated Debentures due 2058",stocks,us,XNAS,CS,True,usd,0001685040,2025-09-30T06:05:29.844827949Z
BHFAM,"Brighthouse Financial, Inc. Depositary shares each representing a 1/1,000th Interest in a Share of 4.625% Non-Cumulative Preferred Stock, Series D",stocks,us,XNAS,CS,True,usd,0001685040,2025-09-30T06:05:29.84482803Z
BHFAN,"Brighthouse Financial, Inc. Depositary shares, each representing a 1/1,000th interest in a share of 5.375% Non-Cumulative Preferred Stock, Series C",stocks,us,XNAS,CS,True,usd,0001685040,2025-09-30T06:05:29.84482823Z
BHFAO,"Brighthouse Financial, Inc. Depositary Shares 6.75% Non-Cum Pfd Series B",stocks,us,XNAS,CS,True,usd,0001685040,2025-09-30T06:05:29.84482831Z
BHFAP,"Brighthouse Financial, Inc. Depositary Shares 6.6% Non-Cumulative Preferred Stock, Series A",stocks,us,XNAS,PFD,True,usd,0001685040,2025-09-30T06:05:29.84482841Z
BHK,BLACKROCK CORE BD TR,stocks,us,XNYS,FUND,True,usd,0001160864,BBG000C09693,BBG001SFNB21,2025-09-30T06:05:29.844828601Z
BHM,"Bluerock Homes Trust, Inc.",stocks,us,XASE,CS,True,usd,0001903382,BBG0146YWXC8,BBG0146YWXD7,2025-09-30T06:05:29.844828691Z
BHP,BHP Group Limited American Depositary Shares (Each representing two Ordinary Shares),stocks,us,XNYS,ADRC,True,usd,0000811809,BBG000BD5NZ4,BBG001S5P5K4,2025-09-30T06:05:29.844828771Z
BHR,Braemar Hotels & Resorts Inc. Common Stock,stocks,us,XNYS,CS,True,usd,0001574085,BBG004PW84G9,BBG004PW8567,2025-09-30T06:05:29.844828901Z
BHRB,Burke & Herbert Financial Services Corp. Common Stock,stocks,us,XNAS,CS,True,usd,0001964333,BBG019X33P07,BBG019X33P61,2025-09-30T06:05:29.844828991Z
BHRpB,Braemar Hotels & Resorts Inc. 5.50% Series B Cumulative Convertible Preferred Stock,stocks,us,XNYS,PFD,True,usd,0001574085,2025-09-30T06:05:29.844829202Z
BHRpD,"Braemar Hotels & Resorts Inc. 8.25% Series D Cumulative Preferred Stock, par value $0.01 per share",stocks,us,XNYS,PFD,True,usd,0001574085,2025-09-30T06:05:29.844829282Z
BHST,BioHarvest Sciences Inc. Common Stock,stocks,us,XNAS,CS,True,usd,0001723464,BBG00NB02NZ5,BBG0086KQ0S2,2025-09-30T06:05:29.844829362Z
BHV,BlackRock Virginia Muni Bond Trust,stocks,us,XNYS,FUND,True,usd,0001169034,BBG000DXJJH2,BBG001SKCDT9,2025-09-30T06:05:29.844829442Z
BHVN,Biohaven Ltd.,stocks,us,XNYS,CS,True,usd,0001935979,2025-09-30T06:05:29.844829653Z
BHYB,Xtrackers USD High Yield BB-B ex Financials ETF,stocks,us,BATS,ETF,True,usd,BBG01JTRL253,BBG01JTRLM68,2025-09-30T06:05:29.844829903Z
BIAF,"bioAffinity Technologies, Inc. Common Stock",stocks,us,XNAS,CS,True,usd,0001712762,BBG00H69JDX1,BBG00H69JDY0,2025-09-30T06:05:29.844830114Z
BIAFW,"bioAffinity Technologies, Inc. Warrant",stocks,us,XNAS,WARRANT,True,usd,0001712762,BBG018DZJPN8,2025-09-30T06:05:29.844830194Z
BIB,ProShares Ultra NASDAQ Biotechnology,stocks,us,XNAS,ETF,True,usd,0001174610,BBG000QMBZX6,BBG001T7V4Q9,2025-09-30T06:05:29.844830584Z
BIBL,Inspire 100 ETF,stocks,us,ARCX,ETF,True,usd,0001733356,BBG00J3H9QW5,BBG00J3H9RL5,2025-09-30T06:05:29.844830665Z
BIDD,iShares International Dividend Active ETF,stocks,us,ARCX,ETF,True,usd,0001761055,BBG01QVVCQY0,BBG01QVVCRV1,2025-09-30T06:05:29.844830825Z
BIDU,"Baidu, Inc.",stocks,us,XNAS,ADRC,True,usd,0001329099,BBG000QXWHD1,BBG001SNBKD5,2025-09-30T06:05:29.844830905Z
BIGY,YieldMax Target 12 Big 50 Option Income ETF,stocks,us,ARCX,ETF,True,usd,BBG01QRKG3V9,BBG01QRKG4Q3,2025-09-30T06:05:29.844830985Z
BIIB,Biogen Inc. Common Stock,stocks,us,XNAS,CS,True,usd,0000875045,BBG000C17X76,BBG001S67826,2025-09-30T06:05:29.844831075Z
BIL,SPDR Bloomberg 1-3 Month T-Bill ETF,stocks,us,ARCX,ETF,True,usd,0001081019,BBG000RFQSH8,BBG001STKCW9,2025-09-30T06:05:29.844831206Z
BILD,Macquarie Global Listed Infrastructure ETF,stocks,us,ARCX,ETF,True,usd,0001969995,BBG01KBR85T1,BBG01KBR86N5,2025-09-30T06:05:29.844831326Z
BILI,Bilibili Inc. American Depositary Shares,stocks,us,XNAS,ADRC,True,usd,0001723690,BBG00K7T3037,BBG00K7T30T9,2025-09-30T06:05:29.844831436Z
BILL,"BILL Holdings, Inc.",stocks,us,XNYS,CS,True,usd,0001786352,BBG00QVJV6V4,BBG00QVJV7L3,2025-09-30T06:05:29.844831516Z
BILS,SPDR Bloomberg 3-12 Month T-Bill ETF,stocks,us,ARCX,ETF,True,usd,0001081019,BBG00X8RXFQ1,BBG00X8RXGK5,2025-09-30T06:05:29.844831596Z
BILT,iShares Infrastructure Active ETF,stocks,us,BATS,ETF,True,usd,0001761055,BBG01W9TSW68,BBG01W9TSX57,2025-09-30T06:05:29.844831677Z
BILZ,PIMCO Ultra Short Government Active ETF,stocks,us,ARCX,ETF,True,usd,0001450011,BBG01GZF4L55,BBG01GZF4M26,2025-09-30T06:05:29.844831757Z
BINC,iShares Flexible Income Active ETF,stocks,us,ARCX,ETF,True,usd,0001804196,BBG01GQYLJ23,BBG01GQYLJY8,2025-09-30T06:05:29.844831837Z
BINI,"Bollinger Innovations, Inc. Common Stock",stocks,us,XNAS,CS,True,usd,0001499961,BBG003GMH2G7,BBG003GMH366,2025-09-30T06:05:29.844832017Z
BINT,Bluemonte Global Equity ETF,stocks,us,ARCX,ETF,True,usd,0001452937,BBG01VD0TS93,BBG01VD0TTS0,2025-09-30T06:05:29.844832097Z
BINV,Brandes International ETF,stocks,us,BATS,ETF,True,usd,0001616265,BBG01JM52LJ2,BBG01JM52MM6,2025-09-30T06:05:29.844832308Z
BIO,"Bio-Rad Laboratories, Inc.Class A",stocks,us,XNYS,CS,True,usd,0000012208,BBG000DY28W5,BBG001S625W4,2025-09-30T06:05:29.844832388Z
BIO.B,"Bio-Rad Laboratories, Inc. Class B",stocks,us,XNYS,CS,True,usd,0000012208,BBG000BD6WM7,BBG001S5P622,2025-09-30T06:05:29.844832538Z
BIOA,"BioAge Labs, Inc. Common Stock",stocks,us,XNAS,CS,True,usd,0001709941,BBG00HBTB0M9,BBG00HBTB0N8,2025-09-30T06:05:29.844832618Z
BIOX,Bioceres Crop Solutions Corp. Ordinary Shares,stocks,us,XNAS,CS,True,usd,0001769484,2025-09-30T06:05:29.844832698Z
BIP,Brookfield Infrastructure Partners L.P. Limited Partnership Units,stocks,us,XNYS,CS,True,usd,0001406234,2025-09-30T06:05:29.844832779Z
BIPC,Brookfield Infrastructure Corporation Class A Exchangeable Subordinate Voting Shares,stocks,us,XNYS,CS,True,usd,0001788348,BBG01RJ2W204,BBG01RJ2TXY3,2025-09-30T06:05:29.844832869Z
BIPH,Brookfield Infrastructure Finance ULC 5.000% Subordinated Notes due 2081,stocks,us,XNYS,SP,True,usd,0001406234,2025-09-30T06:05:29.844833099Z
BIPI,BIP Bermuda Holdings I Limited 5.125% Perpetual Subordinated Notes,stocks,us,XNYS,SP,True,usd,0001406234,2025-09-30T06:05:29.844833179Z
BIPJ,Brookfield Infrastructure Finance ULC 7.250% Subordinated Notes due 2084,stocks,us,XNYS,SP,True,usd,0001406234,2025-09-30T06:05:29.84483326Z
BIPpA,"Brookfield Infrastructure Partners L.P. 5.125% Class A Preferred Limited Partnership Units, Series 13",stocks,us,XNYS,PFD,True,usd,0001406234,2025-09-30T06:05:29.84483337Z
BIPpB,"Brookfield Infrastructure Partners L.P. 5.000% Class A Preferred Limited Partnership Units, Series 14",stocks,us,XNYS,PFD,True,usd,0001406234,2025-09-30T06:05:29.84483345Z
BIRD,"Allbirds, Inc. Class A Common Stock",stocks,us,XNAS,CS,True,usd,0001653909,BBG00CCNTK76,BBG00CCNTK94,2025-09-30T06:05:29.84483353Z
BIRK,Birkenstock Holding plc,stocks,us,XNYS,CS,True,usd,0001977102,2025-09-30T06:05:29.84483363Z
BIS,ProShares UltraShort NASDAQ Biotechnology,stocks,us,XNAS,ETF,True,usd,0001174610,BBG000QMCF87,BBG001T7V4S7,2025-09-30T06:05:29.84483371Z
BIT,BLACKROCK MULTI-SECTOR INCOME TRUST,stocks,us,XNYS,FUND,True,usd,0001562818,BBG003P84BH1,BBG003P84C70,2025-09-30T06:05:29.844833791Z
BITB,Bitwise Bitcoin ETF,stocks,us,ARCX,ETV,True,usd,0001763415,BBG01KY66LW5,BBG01KY66MQ0,2025-09-30T06:05:29.844834021Z
BITC,Bitwise Trendwise Bitcoin and Treasuries Rotation Strategy ETF,stocks,us,ARCX,ETF,True,usd,BBG01FZQP5S0,BBG01FZQP6S8,2025-09-30T06:05:29.844834101Z
BITF,Bitfarms Ltd. Common Stock,stocks,us,XNAS,CS,True,usd,0001812477,BBG00PZTS4J3,BBG00PGMZVM7,2025-09-30T06:05:29.844834241Z
BITI,ProShares Short Bitcoin ETF,stocks,us,ARCX,ETF,True,usd,0001174610,BBG018C3QG43,BBG018C3QH78,2025-09-30T06:05:29.844834322Z
BITK,Tuttle Capital IBIT 0DTE Covered Call ETF,stocks,us,BATS,ETF,True,usd,BBG01XBSGXD8,BBG01XBSGYB8,2025-09-30T06:05:29.844834402Z
BITO,ProShares Bitcoin ETF,stocks,us,ARCX,ETF,True,usd,0001174610,BBG0131STJL3,BBG0131STKH5,2025-09-30T06:05:29.844834482Z
BITQ,Bitwise Crypto Industry Innovators ETF,stocks,us,ARCX,ETF,True,usd,0001452937,BBG01076JF30,BBG01076JFY6,2025-09-30T06:05:29.844834562Z
BITS,Global X Blockchain & Bitcoin Strategy ETF,stocks,us,XNAS,ETF,True,usd,BBG013J592N1,BBG013J593K2,2025-09-30T06:05:29.844834642Z
BITU,ProShares Ultra Bitcoin ETF,stocks,us,ARCX,ETF,True,usd,BBG01M79Z7R0,BBG01M79Z8W2,2025-09-30T06:05:29.844834722Z
BITX,2x Bitcoin Strategy ETF,stocks,us,BATS,ETF,True,usd,BBG01GXLYLP9,BBG01GXLYNB0,2025-09-30T06:05:29.844834923Z
BITY,Amplify Bitcoin 2% Monthly Option Income ETF,stocks,us,BATS,ETF,True,usd,0001633061,BBG01THXH1S3,BBG01THXH2N6,2025-09-30T06:05:29.844835003Z
BIV,Vanguard Intermediate-Term Bond ETF,stocks,us,ARCX,ETF,True,usd,0000794105,BBG000R44SW0,BBG001ST39R1,2025-09-30T06:05:29.844835083Z
BIVI,"BioVie, Inc. Common Stock",stocks,us,XNAS,CS,True,usd,0001580149,BBG00548BTD6,BBG00548BTF4,2025-09-30T06:05:29.844835183Z
BIVIW,BioVie Inc. Warrant,stocks,us,XNAS,WARRANT,True,usd,0001580149,BBG01WJZNKD6,2025-09-30T06:05:29.844835263Z
BIYA,Baiya International Group Inc. Ordinary Shares,stocks,us,XNAS,CS,True,usd,0001944712,2025-09-30T06:05:29.844835344Z
BIZD,VanEck BDC Income ETF,stocks,us,ARCX,ETF,True,usd,0001137360,BBG00440GKJ4,BBG00440GL84,2025-09-30T06:05:29.844835424Z
BJ,"BJs Wholesale Club Holdings, Inc. Common Stock",stocks,us,XNYS,CS,True,usd,0001531152,BBG00FQ8T4G3,BBG00FQ8T4M6,2025-09-30T06:05:29.844835674Z
BJAN,Innovator U.S. Equity Buffer ETF - January,stocks,us,BATS,ETF,True,usd,0001482688,BBG00MYXK749,BBG00MYXK7W8,2025-09-30T06:05:29.844835754Z
BJDX,"Bluejay Diagnostics, Inc. Common Stock",stocks,us,XNAS,CS,True,usd,0001704287,BBG012TKJCJ1,BBG012TKJDC6,2025-09-30T06:05:29.844835945Z
BJK,VanEck Gaming ETF,stocks,us,XNAS,ETF,True,usd,0001137360,BBG000V86Z03,BBG001T1Q9C2,2025-09-30T06:05:29.844836025Z
BJRI,"BJ's Restaurants, Inc.",stocks,us,XNAS,CS,True,usd,0001013488,BBG000H9LNX1,BBG001S970P2,2025-09-30T06:05:29.844836436Z
BJUL,Innovator U.S. Equity Buffer ETF - July,stocks,us,BATS,ETF,True,usd,0001482688,BBG00LNJLC51,BBG00LNJLCX0,2025-09-30T06:05:29.844836516Z
BJUN,Innovator U.S. Equity Buffer ETF - June,stocks,us,BATS,ETF,True,usd,0001415726,BBG00PBD5ZW5,BBG00PBD60M2,2025-09-30T06:05:29.844836626Z
BK,Bank of New York Mellon Corporation,stocks,us,XNYS,CS,True,usd,0001390777,BBG000BD8PN9,BBG001S5P6Q6,2025-09-30T06:05:29.844836706Z
BKAG,BNY Mellon Core Bond ETF,stocks,us,ARCX,ETF,True,usd,BBG00RYR56Q6,BBG00RYR57H4,2025-09-30T06:05:29.844836786Z
BKCG,BNY Mellon Concentrated Growth ETF,stocks,us,ARCX,ETF,True,usd,BBG01SXJKVN3,BBG01SXJKWT5,2025-09-30T06:05:29.844836907Z
BKCH,Global X Blockchain ETF,stocks,us,XNAS,ETF,True,usd,0001432353,BBG011RVGZP6,BBG011RVH0K7,2025-09-30T06:05:29.844836997Z
BKCI,BNY Mellon Concentrated International ETF,stocks,us,ARCX,ETF,True,usd,BBG013VPCK31,BBG013VPCL11,2025-09-30T06:05:29.844837077Z
BKD,"Brookdale Senior Living, Inc.",stocks,us,XNYS,CS,True,usd,0001332349,BBG000J4L211,BBG001SDHC58,2025-09-30T06:05:29.844837157Z
BKDV,BNY Mellon Dynamic Value ETF,stocks,us,ARCX,ETF,True,usd,BBG01QM8ZCH6,BBG01QM8ZDG5,2025-09-30T06:05:29.844837237Z
BKE,"The Buckle, Inc.",stocks,us,XNYS,CS,True,usd,0000885245,BBG000BD9525,BBG001S5P6T3,2025-09-30T06:05:29.844837327Z
BKEM,BNY Mellon Emerging Markets Equity ETF,stocks,us,ARCX,ETF,True,usd,BBG00RYRC6L3,BBG00RYRC7B2,2025-09-30T06:05:29.844837538Z
BKF,iShares MSCI BIC ETF,stocks,us,ARCX,ETF,True,usd,0000930667,BBG000TVZ652,BBG001T0LKN2,2025-09-30T06:05:29.844837618Z
BKGI,BNY Mellon Global Infrastructure Income ETF,stocks,us,BATS,ETF,True,usd,BBG01B7B20H1,BBG01B7B21C4,2025-09-30T06:05:29.844837718Z
BKH,Black Hills Corporation,stocks,us,XNYS,CS,True,usd,0001130464,BBG000BD9ZM7,BBG001S5P6X8,2025-09-30T06:05:29.844837798Z
BKHA,Black Hawk Acquisition Corporation Class A Ordinary Shares,stocks,us,XNAS,CS,True,usd,0002000775,2025-09-30T06:05:29.844837878Z
BKHAR,Black Hawk Acquisition Corporation Rights,stocks,us,XNAS,RIGHT,True,usd,0002000775,2025-09-30T06:05:29.844838059Z
BKHAU,Black Hawk Acquisition Corporation Units,stocks,us,XNAS,UNIT,True,usd,0002000775,2025-09-30T06:05:29.844838139Z
BKHY,BNY Mellon High Yield ETF,stocks,us,ARCX,ETF,True,usd,BBG00RYR5TG7,BBG00RYR5V63,2025-09-30T06:05:29.844838219Z
BKIE,BNY Mellon International Equity ETF,stocks,us,ARCX,ETF,True,usd,BBG00RYRB9H3,BBG00RYRBB79,2025-09-30T06:05:29.844838319Z
BKKT,"Bakkt Holdings, Inc.",stocks,us,XNYS,CS,True,usd,0001820302,BBG00XRJ7Y40,BBG00XRJ7Y59,2025-09-30T06:05:29.844838399Z
BKKT.WS,"Bakkt Holdings, Inc Warrants to purchase Class A Common Stock Each Warrant entitles to purchase 1/25th of a share of Class A common stock at an exercise price of $287.50 for one share of Class A Common Stock",stocks,us,XNYS,WARRANT,True,usd,0001820302,BBG00Y624BK3,2025-09-30T06:05:29.84483848Z
BKLC,BNY Mellon US Large Cap Core Equity ETF,stocks,us,ARCX,ETF,True,usd,BBG00RYR67P4,BBG00RYR68F3,2025-09-30T06:05:29.84483857Z
BKLN,Invesco Senior Loan ETF,stocks,us,ARCX,ETF,True,usd,0000914208,BBG001K94N28,BBG001V0MBC0,2025-09-30T06:05:29.84483866Z
BKMC,BNY Mellon US Mid Cap Core Equity ETF,stocks,us,ARCX,ETF,True,usd,BBG00RYR6CV6,BBG00RYR6DL5,2025-09-30T06:05:29.84483874Z
BKN,BlackRock Investment Quality Municipal Trust,stocks,us,XNYS,FUND,True,usd,0000894242,BBG000BG98N9,BBG001S72D73,2025-09-30T06:05:29.84483892Z
BKNG,Booking Holdings Inc. Common Stock,stocks,us,XNAS,CS,True,usd,0001075531,BBG000BLBVN4,BBG001S89N72,2025-09-30T06:05:29.844839021Z
BKNU,T-REX 2X Long BKNG Daily Target ETF,stocks,us,BATS,ETF,True,usd,BBG01WX1TM09,BBG01WX1TMZ1,2025-09-30T06:05:29.844839251Z
BKR,Baker Hughes Company,stocks,us,XNAS,CS,True,usd,0001701605,BBG00GBVBK51,BBG00GBVBK60,2025-09-30T06:05:29.844839331Z
BKSE,BNY Mellon US Small Cap Core Equity ETF,stocks,us,ARCX,ETF,True,usd,BBG00RYR6KV8,BBG00RYR6LL7,2025-09-30T06:05:29.844839451Z
BKSY,BlackSky Technology Inc.,stocks,us,XNYS,CS,True,usd,0001753539,BBG00QRY6P33,BBG00QRY6P42,2025-09-30T06:05:29.844839552Z
BKSY.WS,"BlackSky Technology Inc. Redeemable Warrants, each whole Warrant exercisable for one-eighth (1/8th) of a share of Class A Common Stock at an exercise price of $92.00 per whole share",stocks,us,XNYS,WARRANT,True,usd,0001753539,BBG00R2NP1J7,2025-09-30T06:05:29.844839632Z
BKT,BlackRock Income Trust Inc.,stocks,us,XNYS,FUND,True,usd,0000832327,BBG000BDC193,BBG001S5P7B0,2025-09-30T06:05:29.844839712Z
BKTI,BK Technologies Corporation,stocks,us,XASE,CS,True,usd,0000002186,BBG00NKSM4N7,BBG00NKSM4P5,2025-09-30T06:05:29.844839792Z
BKTrw,"BlackRock Income Trust, Inc. Rights (expiring October 20, 2025)",stocks,us,XNYS,RIGHT,True,usd,0000832327,BBG01X7TQBQ4,BBG01X7TQCP3,2025-09-30T06:05:29.844840012Z
BKU,"Bankunited, Inc.",stocks,us,XNYS,CS,True,usd,0001504008,BBG000PQPCM6,BBG001T5W6B3,2025-09-30T06:05:29.844840113Z
BKUI,BNY Mellon Ultra Short Income ETF,stocks,us,ARCX,ETF,True,usd,BBG0122M5L01,BBG0122M5LV7,2025-09-30T06:05:29.844840233Z
BKV,BKV Corporation,stocks,us,XNYS,CS,True,usd,0001838406,BBG00YNGK485,BBG00YNGK494,2025-09-30T06:05:29.844840313Z
BKYI,"BIO-key International, Inc. Common Stock",stocks,us,XNAS,CS,True,usd,0001019034,BBG000BHHR29,BBG001S7ZTY2,2025-09-30T06:05:29.844840393Z
BKpK,"The Bank of New York Mellon Corporation Depositary Shares, each representing a 1/4,000th interest in a share of Series K Noncumulative Perpetual Preferred Stock",stocks,us,XNYS,PFD,True,usd,0001390777,2025-09-30T06:05:29.844840473Z
BL,"BlackLine, Inc. Common Stock",stocks,us,XNAS,CS,True,usd,0001666134,BBG0029KJVB0,BBG0029KJVD8,2025-09-30T06:05:29.844840553Z
BLBD,Blue Bird Corporation Common Stock,stocks,us,XNAS,CS,True,usd,0001589526,BBG006427SW3,BBG006427TN1,2025-09-30T06:05:29.844840634Z
BLBX,Blackboxstocks Inc. Common Stock,stocks,us,XNAS,CS,True,usd,0001567900,BBG007GGHNQ4,BBG007GGHNR3,2025-09-30T06:05:29.844840714Z
BLCN,Siren ETF Trust Siren Nasdaq NexGen Economy ETF,stocks,us,XNAS,ETF,True,usd,BBG00JRQRS37,BBG00JRQRSV6,2025-09-30T06:05:29.844840904Z
BLCO,Bausch + Lomb Corporation,stocks,us,XNYS,CS,True,usd,0001860742,BBG014KG1L68,BBG014KG1GY8,2025-09-30T06:05:29.844841145Z
BLCR,BlackRock ETF Trust iShares Large Cap Core Active ETF,stocks,us,XNAS,ETF,True,usd,0001761055,BBG01JV98111,BBG01JV981Y5,2025-09-30T06:05:29.844841225Z
BLCV,iShares Large Cap Value Active ETF,stocks,us,ARCX,ETF,True,usd,0001761055,BBG01GN981T6,BBG01GN982V1,2025-09-30T06:05:29.844841335Z
BLD,TopBuild Corp. Common Stock,stocks,us,XNYS,CS,True,usd,0001633931,BBG0077VS2C0,BBG0077VS2G6,2025-09-30T06:05:29.844841415Z
BLDG,Cambria Global Real Estate ETF,stocks,us,BATS,ETF,True,usd,0001529390,BBG00XK4K218,BBG00XK4K2Z1,2025-09-30T06:05:29.844841495Z
BLDP,Ballard Power Systems Inc.,stocks,us,XNAS,CS,True,usd,0001453015,BBG000BNJRZ8,BBG001S5Y1D1,2025-09-30T06:05:29.844841575Z
BLDR,"Builders FirstSource, Inc.",stocks,us,XNYS,CS,True,usd,0001316835,BBG000BKD3K9,BBG001S9CFC7,2025-09-30T06:05:29.844841656Z
BLE,BlackRock Municipal Income Trust II,stocks,us,XNYS,FUND,True,usd,0001176194,BBG000NWS486,BBG001SKZFD6,2025-09-30T06:05:29.844841736Z
BLES,Inspire Global Hope ETF,stocks,us,ARCX,ETF,True,usd,0001733356,BBG00G3NVM07,BBG00G3NVMQ9,2025-09-30T06:05:29.844841976Z
BLFS,BioLife Solutions Inc.,stocks,us,XNAS,CS,True,usd,0000834365,BBG000HRJ8Q5,BBG001SFGWZ7,2025-09-30T06:05:29.844842056Z
BLFY,Blue Foundry Bancorp Common Stock,stocks,us,XNAS,CS,True,usd,0001846017,BBG00ZLHY9C1,BBG00ZLHYB63,2025-09-30T06:05:29.844842136Z
BLGR,Bluemonte Large Cap Growth ETF,stocks,us,ARCX,ETF,True,usd,0001452937,BBG01VF37R28,BBG01VF37RZ2,2025-09-30T06:05:29.844842267Z
BLIN,Bridgeline Digital Inc.,stocks,us,XNAS,CS,True,usd,0001378590,BBG000PMGM61,BBG001SR52L4,2025-09-30T06:05:29.844842347Z
BLIV,BeLive Holdings Ordinary Share,stocks,us,XNAS,CS,True,usd,0001982448,2025-09-30T06:05:29.844842427Z
BLK,"Blackrock, Inc.",stocks,us,XNYS,CS,True,usd,0002012383,BBG01PSW2WN4,BBG01PSW2WR0,2025-09-30T06:05:29.844842517Z
BLKB,"Blackbaud, Inc.",stocks,us,XNAS,CS,True,usd,0001280058,BBG000BGGTW5,BBG001S9B5W8,2025-09-30T06:05:29.844842597Z
BLKC,Invesco Alerian Galaxy Blockchain Users and Decentralized Commerce ETF,stocks,us,BATS,ETF,True,usd,0000914208,BBG012VDH8W0,BBG012VDH9Q5,2025-09-30T06:05:29.844842808Z
BLMN,"Bloomin' Brands, Inc. Common Stock",stocks,us,XNAS,CS,True,usd,0001546417,BBG002VZ68Y2,BBG002VZ69Q9,2025-09-30T06:05:29.844843008Z
BLMZ,Harrison Global Holdings Inc. Ordinary Shares,stocks,us,XNAS,CS,True,usd,0001984014,2025-09-30T06:05:29.844843098Z
BLND,"Blend Labs, Inc.",stocks,us,XNYS,CS,True,usd,0001855747,BBG00D0YK7T7,BBG00D0YK7V4,2025-09-30T06:05:29.844843199Z
BLNE,"Beeline Holdings, Inc. Common Stock",stocks,us,XNAS,CS,True,usd,0001534708,BBG00282W8X3,BBG00282W9P0,2025-09-30T06:05:29.844843279Z
BLNK,Blink Charging Co. Common Stock,stocks,us,XNAS,CS,True,usd,0001429764,BBG000F9XKN7,BBG001T2HMC1,2025-09-30T06:05:29.844843359Z
BLOK,Amplify Transformational Data Sharing ETF,stocks,us,ARCX,ETF,True,usd,0001633061,BBG00JRH3F40,BBG00JRH3FV0,2025-09-30T06:05:29.844843439Z
BLOX,Nicholas Crypto Income ETF,stocks,us,ARCX,ETF,True,usd,BBG01VKBKGB3,BBG01VKBKH94,2025-09-30T06:05:29.844843519Z
BLRX,BioLineRX Ltd,stocks,us,XNAS,ADRC,True,usd,0001498403,BBG001Y26LK0,BBG001Y26MC7,2025-09-30T06:05:29.844843599Z
BLSH,Bullish,stocks,us,XNYS,CS,True,usd,0001872195,2025-09-30T06:05:29.844843679Z
BLST,Bluemonte Short Term Bond ETF,stocks,us,ARCX,ETF,True,usd,0001452937,BBG01VF3M4K2,BBG01VF3M5F5,2025-09-30T06:05:29.84484376Z
BLTD,Bluemonte Long Term Bond ETF,stocks,us,ARCX,ETF,True,usd,0001452937,BBG01VF3KYX4,BBG01VF3L049,2025-09-30T06:05:29.84484385Z
BLTE,"Belite Bio, Inc American Depositary Shares",stocks,us,XNAS,ADRC,True,usd,0001889109,BBG016LJYT18,BBG016LJYTW4,2025-09-30T06:05:29.84484393Z
BLUC,Bluemonte Large Cap Core ETF,stocks,us,ARCX,ETF,True,usd,0001452937,BBG01VD0ZH36,BBG01VD0ZJ14,2025-09-30T06:05:29.84484401Z
BLUI,Bluemonte Diversified Income ETF,stocks,us,ARCX,ETF,True,usd,0001452937,BBG01VF3LSN7,BBG01VF3LTJ0,2025-09-30T06:05:29.84484409Z
BLUW,Blue Water Acquisition Corp. III Class A Ordinary Shares,stocks,us,XNAS,CS,True,usd,0002050501,2025-09-30T06:05:29.84484417Z
BLUWU,Blue Water Acquisition Corp. III Unit.,stocks,us,XNAS,UNIT,True,usd,0002050501,2025-09-30T06:05:29.844844411Z
BLUWW,Blue Water Acquisition Corp. III Warrant,stocks,us,XNAS,WARRANT,True,usd,0002050501,2025-09-30T06:05:29.844844501Z
BLUX,Bluemonte Dynamic Total Market ETF,stocks,us,ARCX,ETF,True,usd,0001452937,BBG01VD0QBD8,BBG01VD0QCB8,2025-09-30T06:05:29.844844621Z
BLV,Vanguard Long-Term Bond ETF,stocks,us,ARCX,ETF,True,usd,0000794105,BBG000R45489,BBG001ST39S0,2025-09-30T06:05:29.844844822Z
BLW,Blackrock Limited Duration Income Trust,stocks,us,XNYS,FUND,True,usd,0001233681,BBG000PLYMY2,BBG001SLG5M7,2025-09-30T06:05:29.844844902Z
BLX,"Banco Latinoamericano de Comercio Exterior, S.A",stocks,us,XNYS,CS,True,usd,0000890541,2025-09-30T06:05:29.844844982Z
BLZE,"Backblaze, Inc. Class A Common Stock",stocks,us,XNAS,CS,True,usd,0001462056,BBG0037X6HX3,BBG0037X6J05,2025-09-30T06:05:29.844845102Z
BLZRU,Trailblazer Acquisition Corp. Unit,stocks,us,XNAS,UNIT,True,usd,0002075310,2025-09-30T06:05:29.844845182Z
BMA,Banco Macro S.A.,stocks,us,XNYS,ADRC,True,usd,0001347426,BBG000Q44W43,BBG001SQK8Y2,2025-09-30T06:05:29.844845262Z
BMAR,Innovator U.S. Equity Buffer ETF - March,stocks,us,BATS,ETF,True,usd,0001482688,BBG00S1NCRJ3,BBG00S1NCS83,2025-09-30T06:05:29.844845353Z
BMAX,REX Bitcoin Corporate Treasury Convertible Bond ETF,stocks,us,XNAS,ETF,True,usd,BBG01SSL2VG2,BBG01SSL2YV9,2025-09-30T06:05:29.844845433Z
BMAY,Innovator U.S. Equity Buffer ETF - May,stocks,us,BATS,ETF,True,usd,0001415726,BBG00TGLNR34,BBG00TGLNRW2,2025-09-30T06:05:29.844845513Z
BMBL,Bumble Inc. Class A Common Stock,stocks,us,XNAS,CS,True,usd,0001830043,BBG00Z6RF483,BBG00Z6RF535,2025-09-30T06:05:29.844845773Z
BMDL,VictoryShares WestEnd Economic Cycle Bond ETF,stocks,us,XNAS,ETF,True,usd,BBG01MY5XMM2,BBG01MY5XNY7,2025-09-30T06:05:29.844845854Z
BME,Blackrock Health Sciences Trust,stocks,us,XNYS,FUND,True,usd,0001314966,BBG000QLZLB7,BBG001SN4XL6,2025-09-30T06:05:29.844845934Z
BMEA,"Biomea Fusion, Inc. Common Stock",stocks,us,XNAS,CS,True,usd,0001840439,BBG00YS4WDC9,BBG00YS4WDD8,2025-09-30T06:05:29.844846024Z
BMED,iShares Health Innovation Active ETF,stocks,us,ARCX,ETF,True,usd,0001761055,BBG00XLX7539,BBG00XLX75Y5,2025-09-30T06:05:29.844846254Z
BMEZ,BlackRock Health Sciences Term Trust,stocks,us,XNYS,FUND,True,usd,0001785971,BBG00R28MS68,BBG00R28MSY7,2025-09-30T06:05:29.844846335Z
BMGL,Basel Medical Group Ltd Ordinary Shares,stocks,us,XNAS,CS,True,usd,0002004489,2025-09-30T06:05:29.844846455Z
BMHL,Bluemount Holdings Limited Class B Ordinary Shares,stocks,us,XNAS,CS,True,usd,0002027815,2025-09-30T06:05:29.844846535Z
BMI,"Badger Meter, Inc.",stocks,us,XNYS,CS,True,usd,0000009092,BBG000BDGHD9,BBG001S5P8Q2,2025-09-30T06:05:29.844846615Z
BMLpG,"Bank Of America Corporation Depositary Shares(Each representing a 1/1200th interest in a share of Bank of America Corporation Floating Rate Non-Cumulative Preferred Stock Series,1)",stocks,us,XNYS,PFD,True,usd,0000070858,2025-09-30T06:05:29.844846785Z
BMLpH,"Bank Of America Corporation Depositary Shares(Each representing a 1/1200th interest in a share of Bank of America Corporation Floating Rate Non-Cumulative Preferred Stock Series,2)",stocks,us,XNYS,PFD,True,usd,0000070858,2025-09-30T06:05:29.844846866Z
BMLpJ,"Bank of America Depositary Shares(Each representing 1/1200th interest in a share of Bank of America Corporation Floating Rate Non-Cumulative Preferred Stock, Series4)",stocks,us,XNYS,PFD,True,usd,0000070858,2025-09-30T06:05:29.844846946Z
BMLpL,"Bank of America Depositary Shares(Each representing 1/1200th interest in a share of Bank of America Corporation Floating Rate Non-Comulative Preferred Stock, Series5)",stocks,us,XNYS,PFD,True,usd,0000070858,2025-09-30T06:05:29.844847046Z
BMN,BlackRock 2037 Municipal Target Term Trust,stocks,us,XNYS,FUND,True,usd,0001832871,BBG019C0TPY1,BBG01B6VR0Y2,2025-09-30T06:05:29.844847166Z
BMNR,"BitMine Immersion Technologies, Inc.",stocks,us,XASE,CS,True,usd,0001829311,BBG000BWFL03,BBG001SBD1J5,2025-09-30T06:05:29.844847246Z
BMNU,T-REX 2X Long BMNR Daily Target ETF,stocks,us,BATS,ETF,True,usd,BBG01XBSLHQ3,BBG01XBSLJR8,2025-09-30T06:05:29.844847326Z
BMO,Bank of Montreal,stocks,us,XNYS,CS,True,usd,0000927971,BBG000DLY9B9,BBG001S5Y203,2025-09-30T06:05:29.844847407Z
BMR,Beamr Imaging Ltd. Ordinary Share,stocks,us,XNAS,CS,True,usd,0001899005,2025-09-30T06:05:29.844847487Z
BMRA,BIOMERICA INC,stocks,us,XNAS,CS,True,usd,0000073290,BBG000BDH8F6,BBG001S5P8X4,2025-09-30T06:05:29.844847687Z
BMRC,Bank of Marin Bancorp,stocks,us,XNAS,CS,True,usd,0001403475,BBG000C3N539,BBG001S7WFM8,2025-09-30T06:05:29.844847767Z
BMRN,BioMarin Pharmaceuticals Inc,stocks,us,XNAS,CS,True,usd,0001048477,BBG000CZWZ05,BBG001S76R05,2025-09-30T06:05:29.844847968Z
BMVP,Invesco Bloomberg MVP Multi-factor ETF,stocks,us,ARCX,ETF,True,usd,0001547580,BBG000PQD3P6,BBG001SLN031,2025-09-30T06:05:29.844848068Z
BMY,Bristol-Myers Squibb Co.,stocks,us,XNYS,CS,True,usd,0000014272,BBG000DQLV23,BBG001S8N8J6,2025-09-30T06:05:29.844848188Z
BN,Brookfield Corporation,stocks,us,XNYS,CS,True,usd,0001001085,BBG000C9KL89,BBG001SF86D7,2025-09-30T06:05:29.844848268Z
BNAI,Brand Engagement Network Inc. Common Stock,stocks,us,XNAS,CS,True,usd,0001838163,BBG00Z83ZBN9,BBG00Z83ZBP7,2025-09-30T06:05:29.844848348Z
BNAIW,Brand Engagement Network Inc. Warrant,stocks,us,XNAS,WARRANT,True,usd,0001838163,BBG00ZQZ11K0,2025-09-30T06:05:29.844848428Z
BNC,CEA Industries Inc. Common Stock,stocks,us,XNAS,CS,True,usd,0001482541,BBG001LM4W55,BBG001SDHK32,2025-09-30T06:05:29.844848509Z
BNCWW,CEA Industries Inc. Warrant,stocks,us,XNAS,WARRANT,True,usd,0001849396,BBG0159N5136,2025-09-30T06:05:29.844848699Z
BND,Vanguard Total Bond Market,stocks,us,XNAS,ETF,True,usd,0000794105,BBG000BZZS63,BBG001SK7DK4,2025-09-30T06:05:29.844848809Z
BNDC,FlexShares Core Select Bond Fund,stocks,us,ARCX,ETF,True,usd,0001491978,BBG00F9ZDXS2,BBG00F9ZDYJ0,2025-09-30T06:05:29.844848889Z
BNDD,Quadratic Deflation ETF,stocks,us,ARCX,ETF,True,usd,0001536592,BBG012N0P9Z3,BBG012N0PBT5,2025-09-30T06:05:29.844849Z
BNDI,NEOS Enhanced Income Aggregate Bond ETF,stocks,us,ARCX,ETF,True,usd,0001848758,BBG019CHMSZ4,BBG019CHMV14,2025-09-30T06:05:29.84484909Z
BNDS,Infrastructure Capital Bond Income ETF,stocks,us,ARCX,ETF,True,usd,BBG01RQ9JP50,BBG01RQ9JQ03,2025-09-30T06:05:29.84484917Z
BNDW,Vanguard Total World Bond ETF,stocks,us,XNAS,ETF,True,usd,0001021882,BBG00LWSF7T3,BBG00LWSF8K0,2025-09-30T06:05:29.84484925Z
BNDX,Vanguard Total International Bond ETF,stocks,us,XNAS,ETF,True,usd,BBG004N1LFT5,BBG004N1LGK2,2025-09-30T06:05:29.84484933Z
BNDY,Horizon Core Bond ETF,stocks,us,BATS,ETF,True,usd,BBG01VRMDL29,BBG01VRMDM09,2025-09-30T06:05:29.84484941Z
BNED,"Barnes & Noble Education, Inc",stocks,us,XNYS,CS,True,usd,0001634117,BBG009CNQCW6,BBG009CNQCX5,2025-09-30T06:05:29.844849621Z
BNGE,First Trust S-Network Streaming and Gaming ETF,stocks,us,ARCX,ETF,True,usd,0001552740,BBG011636XP7,BBG011636YL9,2025-09-30T06:05:29.844849701Z
BNGO,"Bionano Genomics, Inc. Common Stock",stocks,us,XNAS,CS,True,usd,0001411690,BBG001KWWRS9,BBG001V0SSM6,2025-09-30T06:05:29.844849871Z
BNH,"Brookfield Finance Inc. 4.625% Subordinated Notes due October 16, 2080",stocks,us,XNYS,SP,True,usd,0001001085,2025-09-30T06:05:29.844849951Z
BNJ,Brookfield Finance I (UK) plc 4.50% Perpetual Subordinated Notes,stocks,us,XNYS,SP,True,usd,0001001085,2025-09-30T06:05:29.844850072Z
BNKD,"MicroSectors U.S. Big Banks -3x Inverse Leveraged ETNs due February 17, 2045",stocks,us,ARCX,ETN,True,usd,0000927971,BBG01S68FDG1,BBG01S68FFG6,2025-09-30T06:05:29.844850152Z
A,Agilent Technologies Inc.,stocks,us,XNYS,CS,True,usd,0001090872,BBG000C2V3D6,BBG001SCTQY4,2025-09-30T06:05:29.844698933Z
AA,Alcoa Corporation,stocks,us,XNYS,CS,True,usd,0001675149,BBG00B3T3HD3,BBG00B3T3HF1,2025-09-30T06:05:29.844699555Z
AAA,Alternative Access First Priority CLO Bond ETF,stocks,us,ARCX,ETF,True,usd,0001776878,BBG01B0JRCS6,BBG01B0JRCT5,2025-09-30T06:05:29.844699755Z
AAAA,Amplius Aggressive Asset Allocation ETF,stocks,us,BATS,ETF,True,usd,BBG01W275XX6,BBG01W275ZB5,2025-09-30T06:05:29.844699835Z
AAAU,Goldman Sachs Physical Gold ETF Shares,stocks,us,BATS,ETF,True,usd,0001708646,BBG00LPXX872,BBG00LPXX8Z1,2025-09-30T06:05:29.844699945Z
AACB,Artius II Acquisition Inc. Class A Ordinary Shares,stocks,us,XNAS,CS,True,usd,0002034334,2025-09-30T06:05:29.844700025Z
AACBR,Artius II Acquisition Inc. Rights,stocks,us,XNAS,RIGHT,True,usd,0002034334,2025-09-30T06:05:29.844700106Z
AACBU,Artius II Acquisition Inc. Units,stocks,us,XNAS,UNIT,True,usd,0002034334,2025-09-30T06:05:29.844700186Z
AACG,ATA Creativity Global American Depositary Shares,stocks,us,XNAS,ADRC,True,usd,0001420529,BBG000V2S3P6,BBG001T125S9,2025-09-30T06:05:29.844700366Z
AACI,Armada Acquisition Corp. II Class A Ordinary Shares,stocks,us,XNAS,CS,True,usd,0002044009,2025-09-30T06:05:29.844700456Z
AACIU,Armada Acquisition Corp. II Units,stocks,us,XNAS,UNIT,True,usd,0002044009,2025-09-30T06:05:29.844700807Z
AACIW,Armada Acquisition Corp. II Warrant,stocks,us,XNAS,WARRANT,True,usd,0002044009,2025-09-30T06:05:29.844700897Z
AADR,AdvisorShares Dorsey Wright ADR ETF,stocks,us,XNAS,ETF,True,usd,0001408970,BBG000BDYRW6,BBG001T9B1Y4,2025-09-30T06:05:29.844701017Z
AAL,American Airlines Group Inc.,stocks,us,XNAS,CS,True,usd,0000006201,BBG005P7Q881,BBG005P7Q907,2025-09-30T06:05:29.844701097Z
AALG,Leverage Shares 2X Long AAL Daily ETF,stocks,us,XNAS,ETF,True,usd,0001976322,BBG01VH49P35,BBG01VH49Q06,2025-09-30T06:05:29.844701178Z
AAM,AA Mission Acquisition Corp.,stocks,us,XNYS,CS,True,usd,0002012964,2025-09-30T06:05:29.844701258Z
AAM.U,"AA Mission Acquisition Corp. Units, each consisting of one Class A Ordinary Share and one-half of one redeemable warrant",stocks,us,XNYS,UNIT,True,usd,0002012964,2025-09-30T06:05:29.844701338Z
AAM.WS,"AA Mission Acquisition Corp. Warrants, each whole warrant entitles the holder to purchase one Class A ordinary share at a price of $11.50 per share",stocks,us,XNYS,WARRANT,True,usd,0002012964,2025-09-30T06:05:29.844701418Z
AAME,Atlantic American Corp,stocks,us,XNAS,CS,True,usd,0000008177,BBG000B9XB24,BBG001S5N8T1,2025-09-30T06:05:29.844701508Z
AAMI,Acadian Asset Management Inc.,stocks,us,XNYS,CS,True,usd,0001748824,BBG00P2HLNY3,BBG00P2HLNZ2,2025-09-30T06:05:29.844701588Z
AAOI,"Applied Optoelectronics, Inc.",stocks,us,XNAS,CS,True,usd,0001158114,BBG000D6VW15,BBG001SG47G4,2025-09-30T06:05:29.844701669Z
AAON,Aaon Inc,stocks,us,XNAS,CS,True,usd,0000824142,BBG000C2LZP3,BBG001S6CZK0,2025-09-30T06:05:29.844701749Z
AAP,ADVANCE AUTO PARTS INC,stocks,us,XNYS,CS,True,usd,0001158449,BBG000F7RCJ1,BBG001SD2SB2,2025-09-30T06:05:29.844701829Z
AAPB,GraniteShares ETF Trust GraniteShares 2x Long AAPL Daily ETF,stocks,us,XNAS,ETF,True,usd,0001689873,BBG0193F21N2,BBG0193F22H7,2025-09-30T06:05:29.844701909Z
AAPD,Direxion Daily AAPL Bear 1X Shares,stocks,us,XNAS,ETF,True,usd,BBG0193YGJ57,BBG0193YGK09,2025-09-30T06:05:29.844701989Z
AAPG,Ascentage Pharma Group International American Depository Shares,stocks,us,XNAS,ADRC,True,usd,0002023311,BBG01RJXM9C9,BBG01RJXMB89,2025-09-30T06:05:29.844702079Z
AAPL,Apple Inc.,stocks,us,XNAS,CS,True,usd,0000320193,BBG000B9XRY4,BBG001S5N8V8,2025-09-30T06:05:29.84470244Z
AAPR,Innovator Equity Defined Protection ETF - 2 Yr to April 2026,stocks,us,BATS,ETF,True,usd,0001415726,BBG01M698CQ1,BBG01M698DK5,2025-09-30T06:05:29.84470253Z
AAPU,Direxion Shares ETF Trust Direxion Daily AAPL Bull 2X Shares,stocks,us,XNAS,ETF,True,usd,BBG0193YBZ92,BBG0193YC043,2025-09-30T06:05:29.84470264Z
AAPW,Roundhill AAPL WeeklyPay ETF,stocks,us,BATS,ETF,True,usd,BBG01SCFVRC3,BBG01SCFVS86,2025-09-30T06:05:29.844702721Z
AAPX,T-Rex 2X Long Apple Daily Target ETF,stocks,us,BATS,ETF,True,usd,BBG01KY72SD3,BBG01KY72T78,2025-09-30T06:05:29.844702801Z
AAPY,Kurv Yield Premium Strategy Apple (AAPL) ETF,stocks,us,BATS,ETF,True,usd,0001848758,BBG01QY0GMH9,BBG01QY0GNH7,2025-09-30T06:05:29.844702881Z
AARD,"Aardvark Therapeutics, Inc. Common Stock",stocks,us,XNAS,CS,True,usd,0001774857,BBG01223DLB2,BBG01223DLC1,2025-09-30T06:05:29.844702961Z
AAT,"AMERICAN ASSETS TRUST, INC.",stocks,us,XNYS,CS,True,usd,0001500217,BBG00161BCR0,BBG001TCBJS5,2025-09-30T06:05:29.844703041Z
AAUC,Allied Gold Corporation,stocks,us,XNYS,CS,True,usd,0001993344,BBG01K0WWT59,BBG01J3PPZ58,2025-09-30T06:05:29.844703502Z
AAUS,Alpha Architect US Equity ETF,stocks,us,XNAS,ETF,True,usd,BBG01W26H9C1,BBG01W26HBL6,2025-09-30T06:05:29.844703582Z
AAVM,EA Series Trust Alpha Architect Global Factor Equity ETF,stocks,us,XNAS,ETF,True,usd,BBG00GM1DQV1,BBG00GM1DRK1,2025-09-30T06:05:29.844703672Z
AAXJ,iShares MSCI All Country Asia ex Japan ETF,stocks,us,XNAS,ETF,True,usd,0001100663,BBG000G6GXC5,BBG001T2V2D8,2025-09-30T06:05:29.844703753Z
AB,"AllianceBernstein Holding, L.P.",stocks,us,XNYS,CS,True,usd,0000825313,BBG000B9WM03,BBG001S5N9S0,2025-09-30T06:05:29.844703843Z
ABAT,American Battery Technology Company Common Stock,stocks,us,XNAS,CS,True,usd,0001576873,BBG004M1KJN5,BBG004M1KJP3,2025-09-30T06:05:29.844703923Z
ABBV,ABBVIE INC.,stocks,us,XNYS,CS,True,usd,0001551152,BBG0025Y4RY4,BBG0025Y4RZ3,2025-09-30T06:05:29.844704003Z
ABCB,Ameris Bancorp,stocks,us,XNYS,CS,True,usd,0000351569,BBG000CDY3H5,BBG001S80PX7,2025-09-30T06:05:29.844704083Z
ABCL,AbCellera Biologics Inc. Common Shares,stocks,us,XNAS,CS,True,usd,0001703057,BBG00LLW2MF2,BBG00LLW2MH0,2025-09-30T06:05:29.844704444Z
ABCS,Alpha Blue Capital US Small-Mid Cap Dynamic ETF,stocks,us,XNAS,ETF,True,usd,BBG01KMFQRF2,BBG01KMFQS88,2025-09-30T06:05:29.844704524Z
ABEO,Abeona Therapeutics Inc. Common Stock,stocks,us,XNAS,CS,True,usd,0000318306,BBG000DT5D52,BBG001S8T7K0,2025-09-30T06:05:29.844704664Z
ABEQ,Absolute Select Value ETF,stocks,us,ARCX,ETF,True,usd,0001199046,BBG00RHHGQY2,BBG00RHHGRP0,2025-09-30T06:05:29.844704754Z
ABEV,AMBEV S.A.,stocks,us,XNYS,ADRC,True,usd,0001565025,BBG000BN5VZ4,BBG005KLVT74,2025-09-30T06:05:29.844704835Z
ABFL,Abacus FCF Leaders ETF,stocks,us,BATS,ETF,True,usd,BBG00DW3P010,BBG00DW3P029,2025-09-30T06:05:29.844704915Z
ABG,"Asbury Automotive Group, Inc.",stocks,us,XNYS,CS,True,usd,0001144980,BBG000BKDWB5,BBG001S9B5H5,2025-09-30T06:05:29.844704995Z
ABI,VictoryShares Pioneer Asset-Based Income ETF,stocks,us,XNAS,ETF,True,usd,BBG01VCKWDB6,BBG01VCKWFN8,2025-09-30T06:05:29.844705075Z
ABIG,Argent Large Cap ETF,stocks,us,XNAS,ETF,True,usd,BBG01TCJ3701,BBG01TCJ37Z3,2025-09-30T06:05:29.844705456Z
ABL,"Abacus Global Management, Inc. Class A Common Stock",stocks,us,XNAS,CS,True,usd,0001814287,BBG00VY1KB95,BBG00VY1KBC1,2025-09-30T06:05:29.844705536Z
ABLD,Abacus FCF Real Assets Leaders ETF,stocks,us,BATS,ETF,True,usd,BBG0141PBK24,BBG0141PBL04,2025-09-30T06:05:29.844705616Z
ABLG,Abacus FCF International Leaders ETF,stocks,us,BATS,ETF,True,usd,BBG00H1J5D96,BBG00H1J5FN5,2025-09-30T06:05:29.844705696Z
ABLLL,"Abacus Global Management, Inc. 9.875% Fixed Rate Senior Notes due 2028",stocks,us,XNAS,CS,True,usd,0001814287,2025-09-30T06:05:29.844705776Z
ABLS,Abacus FCF Small Cap Leaders ETF,stocks,us,BATS,ETF,True,usd,BBG01SCGBTV8,BBG01SCGBVT6,2025-09-30T06:05:29.844705867Z
ABLV,Able View Global Inc. Class B Ordinary Shares,stocks,us,XNAS,CS,True,usd,0001957489,2025-09-30T06:05:29.844705947Z
ABLVW,Able View Global Inc. Warrant,stocks,us,XNAS,WARRANT,True,usd,0001957489,2025-09-30T06:05:29.844706027Z
ABM,"ABM Industries, Inc.",stocks,us,XNYS,CS,True,usd,0000771497,BBG000B9YYH7,BBG001S5N9B8,2025-09-30T06:05:29.844706357Z
ABNB,"Airbnb, Inc. Class A Common Stock",stocks,us,XNAS,CS,True,usd,0001559720,BBG001Y2XS07,BBG001Y2XS16,2025-09-30T06:05:29.844706438Z
ABNY,YieldMax ABNB Option Income Strategy ETF,stocks,us,ARCX,ETS,True,usd,BBG01JHFMD75,BBG01JHFMF34,2025-09-30T06:05:29.844706558Z
ABOS,"Acumen Pharmaceuticals, Inc. Common Stock",stocks,us,XNAS,CS,True,usd,0001576885,BBG0058YJ317,BBG0058YJ326,2025-09-30T06:05:29.844706638Z
ABOT,Abacus FCF Innovation Leaders ETF,stocks,us,BATS,ETF,True,usd,BBG00YC69CJ2,BBG00YC69DC7,2025-09-30T06:05:29.844706718Z
ABP,"Abpro Holdings, Inc Common Stock",stocks,us,XNAS,CS,True,usd,0001893219,BBG013X0S7F3,BBG013X0S889,2025-09-30T06:05:29.844706808Z
ABPWW,"Abpro Holdings, Inc. Warrant",stocks,us,XNAS,WARRANT,True,usd,BBG0142NHSW2,2025-09-30T06:05:29.844706889Z
ABR,"Arbor Realty Trust, Inc.",stocks,us,XNYS,CS,True,usd,0001253986,BBG000KMVDV1,BBG001SJP3G4,2025-09-30T06:05:29.844706969Z
ABRpD,"Arbor Realty Trust, Inc. 6.375% Series D Cumulative Redeemable Preferred Stock, Liquidation Preference $25.00 per Share",stocks,us,XNYS,PFD,True,usd,0001253986,2025-09-30T06:05:29.844707049Z
ABRpE,"Arbor Realty Trust, Inc. 6.25% Series E Cumulative Redeemable Preferred Stock",stocks,us,XNYS,PFD,True,usd,0001253986,2025-09-30T06:05:29.844707139Z
ABRpF,"Arbor Realty Trust, Inc. 6.25% Series F Fixed-to-Floating Rate Cumulative Redeemable Preferred Stock, Liquidation Preference $25.00 per share",stocks,us,XNYS,PFD,True,usd,0001253986,2025-09-30T06:05:29.844707219Z
ABSI,Absci Corporation Common Stock,stocks,us,XNAS,CS,True,usd,0001672688,BBG011N54CJ8,BBG011N54DC3,2025-09-30T06:05:29.844707299Z
ABT,Abbott Laboratories,stocks,us,XNYS,CS,True,usd,0000001800,BBG000B9ZXB4,BBG001S5N9M6,2025-09-30T06:05:29.844707379Z
ABTC,American Bitcoin Corp. Class A Common Stock,stocks,us,XNAS,CS,True,usd,0001755953,BBG00MS8GZP1,BBG00MS8GZQ0,2025-09-30T06:05:29.84470746Z
ABTS,Abits Group Inc Ordinary Shares,stocks,us,XNAS,CS,True,usd,0001864055,2025-09-30T06:05:29.84470754Z
ABUS,Arbutus Biopharma Corporation Common Stock,stocks,us,XNAS,CS,True,usd,0001447028,BBG000RR8V85,BBG001S6RSK0,2025-09-30T06:05:29.84470762Z
ABVC,"ABVC BioPharma, Inc. Common Stock",stocks,us,XNAS,CS,True,usd,0001173313,BBG000Q844Z2,BBG001SMCS49,2025-09-30T06:05:29.844707991Z
ABVE,Above Food Ingredients Inc. Common Stock,stocks,us,XNAS,CS,True,usd,0001979484,BBG01NGG37N1,BBG01NGG37P9,2025-09-30T06:05:29.844708071Z
ABVEW,Above Food Ingredients Inc. Warrants,stocks,us,XNAS,WARRANT,True,usd,0001979484,BBG01NKYQFV5,2025-09-30T06:05:29.844708201Z
ABVX,Abivax SA American Depositary Shares,stocks,us,XNAS,ADRC,True,usd,0001956827,BBG01JLQNZ03,BBG01JLQNZV9,2025-09-30T06:05:29.844708281Z
ABXB,Abacus Flexible Bond Leaders ETF,stocks,us,BATS,ETF,True,usd,BBG00YC5ZT62,BBG00YC5ZV49,2025-09-30T06:05:29.844708391Z
ACA,"Arcosa, Inc. Common Stock",stocks,us,XNYS,CS,True,usd,0001739445,BBG00JGMWFM9,BBG00JGMWGB9,2025-09-30T06:05:29.844708482Z
ACAD,Acadia Pharmaceuticals Inc.,stocks,us,XNAS,CS,True,usd,0001070494,BBG000BHG9K0,BBG001SB06N3,2025-09-30T06:05:29.844708562Z
ACB,Aurora Cannabis Inc. Common Shares,stocks,us,XNAS,CS,True,usd,0001683541,BBG006SCSYG7,BBG001SV77D1,2025-09-30T06:05:29.844708652Z
ACCO,Acco Brands Corporation,stocks,us,XNYS,CS,True,usd,0000712034,BBG000J06K07,BBG001SPBTK3,2025-09-30T06:05:29.844708732Z
ACCS,ACCESS Newswire Inc.,stocks,us,XASE,CS,True,usd,0000843006,BBG000C1CK87,BBG001S67C09,2025-09-30T06:05:29.844708812Z
ACDC,ProFrac Holding Corp. Class A Common Stock,stocks,us,XNAS,CS,True,usd,0001881487,BBG013PRYPJ2,BBG013PRYQC7,2025-09-30T06:05:29.844708892Z
ACEI,Innovator Equity Autocallable Income Strategy ETF,stocks,us,ARCX,ETF,True,usd,0001415726,BBG01XK51Q67,BBG01XK51R47,2025-09-30T06:05:29.844708983Z
ACEL,"Accel Entertainment, Inc.",stocks,us,XNYS,CS,True,usd,0001698991,BBG00GX221W3,BBG00GX221Z0,2025-09-30T06:05:29.844709063Z
ACES,ALPS Clean Energy ETF,stocks,us,ARCX,ETF,True,usd,0001414040,BBG00L99FCT0,BBG00L99FDK7,2025-09-30T06:05:29.844709143Z
ACET,"Adicet Bio, Inc. Common Stock",stocks,us,XNAS,CS,True,usd,0001720580,BBG00JCXSJP3,BBG00JCXSJQ2,2025-09-30T06:05:29.844709223Z
ACFN,"Acorn Energy, Inc. Common Stock",stocks,us,XNAS,CS,True,usd,0000880984,BBG000CMY866,BBG001S6ZZ25,2025-09-30T06:05:29.844709303Z
ACGL,Arch Capital Group Ltd,stocks,us,XNAS,CS,True,usd,0000947484,2025-09-30T06:05:29.844709644Z
ACGLN,"Arch Capital Group Ltd. Depositary Shares, each Representing a 1/1,000th Interest in a 4.550% Non-Cumulative Preferred Share, Series G",stocks,us,XNAS,CS,True,usd,0000947484,2025-09-30T06:05:29.844709724Z
ACGLO,"Arch Capital Group Ltd. Depositary Shares Each Representing 1/1,000th Interest in a Share of 5.45% Non-Cumulative Preferred Shares, Series F",stocks,us,XNAS,PFD,True,usd,0000947484,2025-09-30T06:05:29.844709864Z
ACGR,American Century Large Cap Growth ETF,stocks,us,ARCX,ETF,True,usd,0001481714,BBG011MFL031,BBG011MFL0Y7,2025-09-30T06:05:29.844709944Z
ACHC,"Acadia Healthcare Company, Inc.",stocks,us,XNAS,CS,True,usd,0001520697,BBG000FPNN38,BBG001SNNWL7,2025-09-30T06:05:29.844710024Z
ACHR,Archer Aviation Inc.,stocks,us,XNYS,CS,True,usd,0001824502,BBG00XRTC910,BBG00XRTC929,2025-09-30T06:05:29.844710105Z
ACHR.WS,"Archer Aviation Inc. Redeemable Warrants, each whole warrant exercisable for one Class A common stock at an exercise price of $11.50",stocks,us,XNYS,WARRANT,True,usd,0001824502,BBG00YGCV1N9,2025-09-30T06:05:29.844710195Z
ACHV,"Achieve Life Sciences, Inc.",stocks,us,XNAS,CS,True,usd,0000949858,BBG000FB8S62,BBG001S8JF14,2025-09-30T06:05:29.844710275Z
ACI,"Albertsons Companies, Inc.",stocks,us,XNYS,CS,True,usd,0001646972,BBG009KG1750,BBG009KG1741,2025-09-30T06:05:29.844710355Z
ACIC,American Coastal Insurance Corporation Common Stock,stocks,us,XNAS,CS,True,usd,0001401521,BBG000TKFJQ7,BBG001T09W05,2025-09-30T06:05:29.844710445Z
ACII,Innovator Index Autocallable Income Strategy ETF,stocks,us,ARCX,ETF,True,usd,0001838614,BBG01XK52JX2,BBG01XK52KW0,2025-09-30T06:05:29.844710525Z
ACIO,Aptus Collared Investment Opportunity ETF,stocks,us,BATS,ETF,True,usd,0001539639,BBG00PNSDFF3,BBG00PNSDG52,2025-09-30T06:05:29.844710606Z
ACIU,AC Immune SA,stocks,us,XNAS,CS,True,usd,0001651625,2025-09-30T06:05:29.844710686Z
ACIW,"ACI Worldwide, Inc.",stocks,us,XNAS,CS,True,usd,0000935036,BBG000PMBV39,BBG001S9KLL5,2025-09-30T06:05:29.844710766Z
ACKY,VistaShares Target 15 ACKtivist Distribution ETF,stocks,us,ARCX,ETF,True,usd,0001722388,BBG01WHYZLL7,BBG01WHYZMG1,2025-09-30T06:05:29.844710846Z
ACLC,American Century Large Cap Equity ETF,stocks,us,ARCX,ETF,True,usd,0001481714,BBG00W0JV9Q5,BBG00W0JVBH0,2025-09-30T06:05:29.844710936Z
ACLO,TCW AAA CLO ETF,stocks,us,XNYS,ETF,True,usd,0001831313,BBG01QPVFLN7,BBG01QPVFMJ0,2025-09-30T06:05:29.844711237Z
ACLS,Axcelis Technologies Inc,stocks,us,XNAS,CS,True,usd,0001113232,BBG000DW34S2,BBG001SF8W86,2025-09-30T06:05:29.844711317Z
ACLX,"Arcellx, Inc. Common Stock",stocks,us,XNAS,CS,True,usd,0001786205,BBG00QHJM4S9,BBG00QHJM4W4,2025-09-30T06:05:29.844711447Z
ACM,Aecom,stocks,us,XNYS,CS,True,usd,0000868857,BBG000F61RJ8,BBG001SKTTF1,2025-09-30T06:05:29.844711537Z
ACMR,"ACM Research, Inc. Class A Common Stock",stocks,us,XNAS,CS,True,usd,0001680062,BBG00HPSG933,BBG00HPSG942,2025-09-30T06:05:29.844711618Z
ACN,Accenture PLC,stocks,us,XNYS,CS,True,usd,0001467373,2025-09-30T06:05:29.844711698Z
ACNB,ACNB Corp,stocks,us,XNAS,CS,True,usd,0000715579,BBG000BJ2LY9,BBG001S6CVZ3,2025-09-30T06:05:29.844711778Z
ACNT,Ascent Industries Co. Common Stock,stocks,us,XNAS,CS,True,usd,0000095953,BBG000CLRHW7,BBG001S6Z1R3,2025-09-30T06:05:29.844711858Z
ACOG,Alpha Cognition Inc. Common Stock,stocks,us,XNAS,CS,True,usd,0001655923,BBG011CJPRD0,BBG00L7TXNM1,2025-09-30T06:05:29.844711938Z
ACON,"Aclarion, Inc. Common Stock",stocks,us,XNAS,CS,True,usd,0001635077,BBG014FBN4K3,BBG014FBN5N7,2025-09-30T06:05:29.844712018Z
ACONW,"Aclarion, Inc. Warrant",stocks,us,XNAS,WARRANT,True,usd,0001635077,BBG016Z2HS66,2025-09-30T06:05:29.844712108Z
ACP,abrdn Income Credit Strategies Fund,stocks,us,XNYS,FUND,True,usd,0001503290,BBG0017VSC04,BBG001TCSLH4,2025-09-30T06:05:29.844712219Z
ACPpA,abrdn Income Credit Strategies Fund  5.250% Series A Perpetual Preferred Stock,stocks,us,XNYS,PFD,True,usd,0001503290,2025-09-30T06:05:29.844712319Z
ACR,ACRES Commercial Realty Corp.,stocks,us,XNYS,CS,True,usd,0001332551,BBG000HK4RX6,BBG001SP6Y91,2025-09-30T06:05:29.844712419Z
ACRE,Ares Commercial Real Estate Corporation,stocks,us,XNYS,CS,True,usd,0001529377,BBG0022MMQB0,BBG0022MMR46,2025-09-30T06:05:29.844712529Z
ACRS,"Aclaris Therapeutics, Inc.",stocks,us,XNAS,CS,True,usd,0001557746,BBG003LF0QR9,BBG003LF0QS8,2025-09-30T06:05:29.8447129Z
ACRV,"Acrivon Therapeutics, Inc. Common Stock",stocks,us,XNAS,CS,True,usd,0001781174,BBG011RWR2Q4,BBG011RWR2R3,2025-09-30T06:05:29.844713Z
ACRpC,"ACRES Commercial Realty Corp. 8.625% Fixed-to-Floating Series C Cumulative Redeemable Preferred Stock, par value $0.001 per share",stocks,us,XNYS,PFD,True,usd,0001332551,2025-09-30T06:05:29.84471313Z
ACRpD,ACRES Commercial Realty Corp. 7.875% Series D Cumulative Redeemable Preferred Stock,stocks,us,XNYS,PFD,True,usd,0001332551,2025-09-30T06:05:29.844713231Z
ACSI,American Customer Satisfaction ETF,stocks,us,BATS,ETF,True,usd,0001387131,BBG00F40VFY6,BBG00F40VGP4,2025-09-30T06:05:29.844713451Z
ACT,"Enact Holdings, Inc. Common Stock",stocks,us,XNAS,CS,True,usd,0001823529,BBG00WSNP4R3,BBG00WSNP4S2,2025-09-30T06:05:29.844713561Z
ACTG,Acacia Research Corporation,stocks,us,XNAS,CS,True,usd,0000934549,BBG000KF9J02,BBG001SJLJT9,2025-09-30T06:05:29.844713651Z
ACTU,"Actuate Therapeutics, Inc. Common stock",stocks,us,XNAS,CS,True,usd,0001652935,BBG00NK7LK03,BBG00NK7LK12,2025-09-30T06:05:29.844713732Z
ACTV,LeaderShares Activist Leaders ETF,stocks,us,ARCX,ETF,True,usd,0001552947,BBG00Y002P42,BBG00Y002QG7,2025-09-30T06:05:29.844713822Z
ACU,Acme United Corporation,stocks,us,XASE,CS,True,usd,0000002098,BBG000BB3LM8,BBG001S5NCC0,2025-09-30T06:05:29.844714022Z
ACV,Virtus Diversified Income & Convertible Fund,stocks,us,XNYS,FUND,True,usd,0001636289,BBG008HMBD22,BBG008HMBD31,2025-09-30T06:05:29.844714102Z
ACVA,ACV Auctions Inc.,stocks,us,XNYS,CS,True,usd,0001637873,BBG00G5JGQ66,BBG00G5JGQ75,2025-09-30T06:05:29.844714222Z
ACVF,American Conservative Values ETF,stocks,us,ARCX,ETF,True,usd,BBG00Y04Q9T7,BBG00Y04QBN8,2025-09-30T06:05:29.844714303Z
ACVT,Advent Convertible Bond ETF,stocks,us,ARCX,ETF,True,usd,BBG01TQ0YGP6,BBG01TQ0YHK9,2025-09-30T06:05:29.844714383Z
ACWI,iShares MSCI ACWI ETF,stocks,us,XNAS,ETF,True,usd,0001100663,BBG000TH6VB3,BBG001S56QV7,2025-09-30T06:05:29.844714473Z
ACWV,iShares MSCI Global Min Vol Factor ETF,stocks,us,BATS,ETF,True,usd,0001100663,BBG0025X38X0,BBG0025X39Q6,2025-09-30T06:05:29.844714573Z
ACWX,iShares MSCI ACWI ex US ETF,stocks,us,XNAS,ETF,True,usd,0001100663,BBG000TH7DF8,BBG001S56R18,2025-09-30T06:05:29.844714653Z
ACXP,"Acurx Pharmaceuticals, Inc. Common Stock",stocks,us,XNAS,CS,True,usd,0001736243,BBG01184DNJ4,BBG01184DNK2,2025-09-30T06:05:29.844714874Z
AD,"Array Digital Infrastructure, Inc.",stocks,us,XNYS,CS,True,usd,0000821130,BBG000BW6P59,BBG001S5X446,2025-09-30T06:05:29.844714954Z
ADAG,Adagene Inc. American Depositary Shares,stocks,us,XNAS,ADRC,True,usd,0001818838,BBG00YZ6BYJ6,BBG00YZ6BZC0,2025-09-30T06:05:29.844715084Z
ADAM,"Adamas Trust, Inc. Common Stock",stocks,us,XNAS,CS,True,usd,0001273685,BBG000GZ8014,BBG001SHHBR7,2025-09-30T06:05:29.844715164Z
ADAMG,"Adamas Trust, Inc. 9.125% Senior Notes Due 2030",stocks,us,XNAS,CS,True,usd,0001273685,2025-09-30T06:05:29.844715244Z
ADAMH,"Adamas Trust, Inc. 9.875% Senior Notes Due 2030",stocks,us,XNAS,CS,True,usd,0001273685,2025-09-30T06:05:29.844715325Z
ADAMI,"Adamas Trust, Inc. 9.125% Senior Notes Due 2029",stocks,us,XNAS,CS,True,usd,0001273685,2025-09-30T06:05:29.844715515Z
ADAML,"Adamas Trust, Inc. 6.875% Series F Fixed-to-Floating Rate Cumulative Redeemable Preferred Stock, $0.01 par value per share",stocks,us,XNAS,CS,True,usd,0001273685,2025-09-30T06:05:29.844715595Z
ADAMM,"Adamas Trust, Inc. 7.875% Series E Fixed-to-Floating Rate Cumulative Redeemable Preferred Stock",stocks,us,XNAS,PFD,True,usd,0001273685,2025-09-30T06:05:29.844715675Z
ADAMN,"Adamas Trust, Inc. 8.00% Series D Fixed-to-Floating Rate Cumulative Redeemable Preferred Stock",stocks,us,XNAS,PFD,True,usd,0001273685,2025-09-30T06:05:29.844715755Z
ADAMZ,"Adamas Trust, Inc. 7.000% Series G Cumulative Redeemable Preferred Stock, $0.01 par value per share",stocks,us,XNAS,CS,True,usd,0001273685,2025-09-30T06:05:29.844715836Z
ADAP,Adaptimmune Therapeutics plc American Depositary Shares,stocks,us,XNAS,ADRC,True,usd,0001621227,BBG008G65WC2,BBG008G65WD1,2025-09-30T06:05:29.844715916Z
ADBE,Adobe Inc.,stocks,us,XNAS,CS,True,usd,0000796343,BBG000BB5006,BBG001S5NCQ5,2025-09-30T06:05:29.844715996Z
ADBG,Leverage Shares 2X Long ADBE Daily ETF,stocks,us,XNAS,ETF,True,usd,0001976322,BBG01SWP6HM8,BBG01SWP6JH0,2025-09-30T06:05:29.844716076Z
ADC,Agree Realty Corporation,stocks,us,XNYS,CS,True,usd,0000917251,BBG000BC9DK0,BBG001S6RY81,2025-09-30T06:05:29.844716166Z
ADCT,ADC Therapeutics SA,stocks,us,XNYS,CS,True,usd,0001771910,2025-09-30T06:05:29.844716256Z
ADCpA,"Agree Realty Corporation Depositary Shares, each representing 1/1,000th of a 4.250% Series A Cumulative Redeemable Preferred Stock",stocks,us,XNYS,PFD,True,usd,0000917251,2025-09-30T06:05:29.844716457Z
ADEA,Adeia Inc. Common Stock,stocks,us,XNAS,CS,True,usd,0001803696,BBG00RBFBL50,BBG00RBFBL78,2025-09-30T06:05:29.844716637Z
ADFI,Anfield Dynamic Fixed Income ETF,stocks,us,BATS,ETF,True,usd,0001552947,BBG00WRFGTJ5,BBG00WRFGV91,2025-09-30T06:05:29.844716717Z
ADGM,"Adagio Medical Holdings, Inc Common Stock",stocks,us,XNAS,CS,True,usd,0002006986,BBG01P202S42,BBG01P202S60,2025-09-30T06:05:29.844716827Z
ADI,"Analog Devices, Inc.",stocks,us,XNAS,CS,True,usd,0000006281,BBG000BB6G37,BBG001S5ND38,2025-09-30T06:05:29.844716908Z
ADIL,"Adial Pharmaceuticals, Inc",stocks,us,XNAS,CS,True,usd,0001513525,BBG00HNGDTR4,BBG00HNGDTS3,2025-09-30T06:05:29.844716988Z
ADIV,SmartETFs Asia Pacific Dividend Builder ETF,stocks,us,ARCX,ETF,True,usd,BBG00ZV17TH6,BBG00ZV17VD5,2025-09-30T06:05:29.844717068Z
ADM,Archer Daniels Midland Company,stocks,us,XNYS,CS,True,usd,0000007084,BBG000BB6WG8,BBG001S5ND74,2025-09-30T06:05:29.844717158Z
ADMA,"ADMA Biologics, Inc.",stocks,us,XNAS,CS,True,usd,0001368514,BBG002NCK5M5,BBG002NCK5N4,2025-09-30T06:05:29.844717238Z
ADME,Aptus Behavioral Momentum ETF,stocks,us,BATS,ETF,True,usd,0001539639,BBG00D20HG22,BBG00D20HG31,2025-09-30T06:05:29.844717318Z
ADN,"Advent Technologies Holdings, Inc. Class A Common Stock",stocks,us,XNAS,CS,True,usd,0001744494,BBG00MDV8X34,BBG00MDV8XV3,2025-09-30T06:05:29.844717399Z
ADNT,Adient plc Ordinary Shares,stocks,us,XNYS,CS,True,usd,0001670541,2025-09-30T06:05:29.844717479Z
ADNWW,"Advent Technologies Holdings, Inc. Warrant",stocks,us,XNAS,WARRANT,True,usd,0001744494,BBG00MVVPD93,2025-09-30T06:05:29.844717559Z
ADP,Automatic Data Processing,stocks,us,XNAS,CS,True,usd,0000008670,BBG000JG0547,BBG001S82KF6,2025-09-30T06:05:29.844717639Z
ADPT,Adaptive Biotechnologies Corporation Common Stock,stocks,us,XNAS,CS,True,usd,0001478320,BBG001J2PFF5,BBG001V0GG18,2025-09-30T06:05:29.844717729Z
ADPV,Adaptiv Select ETF,stocks,us,ARCX,ETF,True,usd,BBG01BBJQ2C4,BBG01BBJQ3B3,2025-09-30T06:05:29.844717809Z
ADSE,ADS-TEC ENERGY PLC Ordinary Shares,stocks,us,XNAS,CS,True,usd,0001879248,2025-09-30T06:05:29.84471802Z
ADSEW,ADS-TEC ENERGY PLC Warrant,stocks,us,XNAS,WARRANT,True,usd,0001879248,2025-09-30T06:05:29.84471811Z
ADSK,Autodesk Inc,stocks,us,XNAS,CS,True,usd,0000769397,BBG000BM7HL0,BBG001S5SCD4,2025-09-30T06:05:29.84471821Z
ADT,ADT Inc.,stocks,us,XNYS,CS,True,usd,0001703056,BBG000BP9WJ1,BBG001S6VGG6,2025-09-30T06:05:29.84471829Z
ADTN,"ADTRAN Holdings, Inc. Common Stock",stocks,us,XNAS,CS,True,usd,0000926282,BBG0169CH7X9,BBG0169CH7Y8,2025-09-30T06:05:29.84471837Z
ADTX,"Aditxt, Inc. Common Stock",stocks,us,XNAS,CS,True,usd,0001726711,BBG00RDV1WS5,BBG00RDV1WT4,2025-09-30T06:05:29.844718451Z
ADUR,Aduro Clean Technologies Inc. Common Stock,stocks,us,XNAS,CS,True,usd,0001863934,BBG011F62496,BBG00N9ZZX01,2025-09-30T06:05:29.844718541Z
ADUS,Addus HomeCare Corp.,stocks,us,XNAS,CS,True,usd,0001468328,BBG000NJGX84,BBG001T56D18,2025-09-30T06:05:29.844718621Z
ADV,Advantage Solutions Inc. Class A Common Stock,stocks,us,XNAS,CS,True,usd,0001776661,BBG00PPWZ8C7,BBG00PPWZ8G3,2025-09-30T06:05:29.844718701Z
ADVB,Advanced Biomed Inc. Common Stock,stocks,us,XNAS,CS,True,usd,0001941029,BBG01HW4B3M4,BBG01HW4B3N3,2025-09-30T06:05:29.844718781Z
ADVE,Matthews Asia Dividend Active ETF,stocks,us,ARCX,ETF,True,usd,BBG01JFHH825,BBG01JFHH923,2025-09-30T06:05:29.844718861Z
ADVM,"Adverum Biotechnologies, Inc. Common Stock",stocks,us,XNAS,CS,True,usd,0001501756,BBG006D9MR17,BBG006D9MR26,2025-09-30T06:05:29.844718942Z
ADVWW,Advantage Solutions Inc. Warrant,stocks,us,XNAS,WARRANT,True,usd,0001776661,BBG00Q6CTMG2,2025-09-30T06:05:29.844719022Z
ADX,"Adams Diversified Equity Fund, Inc",stocks,us,XNYS,FUND,True,usd,0000002230,BBG000BB8MR6,BBG001S5NDV7,2025-09-30T06:05:29.844719102Z
ADXN,Addex Therapeutics Ltd American Depositary Shares,stocks,us,XNAS,ADRC,True,usd,0001574232,BBG00R48ST95,BBG00R48SV18,2025-09-30T06:05:29.844719182Z
AEBI,Aebi Schmidt Holding AG Common Stock,stocks,us,XNAS,CS,True,usd,0002048519,2025-09-30T06:05:29.844719272Z
AEC,Anfield Energy Inc. Common Shares,stocks,us,XNAS,CS,True,usd,0001519469,BBG002PL1DW6,BBG001V114Z2,2025-09-30T06:05:29.844719513Z
AEE,Ameren Corporation,stocks,us,XNYS,CS,True,usd,0001002910,BBG000B9X8C0,BBG001S5NF24,2025-09-30T06:05:29.844719593Z
AEF,"abrdn Emerging Markets ex-China Fund, Inc.",stocks,us,XASE,FUND,True,usd,0000846676,BBG000BGWCV5,BBG001S5QCR1,2025-09-30T06:05:29.844719693Z
AEFC,Aegon Funding Company LLC 5.10% Subordinated Notes due 2049,stocks,us,XNYS,SP,True,usd,0000769218,2025-09-30T06:05:29.844719783Z
AEG,Aegon Ltd.,stocks,us,XNYS,CS,True,usd,0000769218,BBG000CKQSN6,BBG001S6Y6M8,2025-09-30T06:05:29.844719863Z
AEHL,Antelope Enterprise Holdings Limited Class A Ordinary Shares,stocks,us,XNAS,CS,True,usd,0001470683,2025-09-30T06:05:29.844719943Z
AEHR,Aehr Test Systems,stocks,us,XNAS,CS,True,usd,0001040470,BBG000BWM083,BBG001SB1CS4,2025-09-30T06:05:29.844720024Z
AEI,Alset Inc. Common Stock (TX),stocks,us,XNAS,CS,True,usd,0001750106,BBG000PZLNH2,BBG001SRKK73,2025-09-30T06:05:29.844720104Z
AEIS,Advanced Energy Industries Inc,stocks,us,XNAS,CS,True,usd,0000927003,BBG000FKMP26,BBG001S8L5Z6,2025-09-30T06:05:29.844720184Z
AEM,Agnico Eagle Mines Ltd.,stocks,us,XNYS,CS,True,usd,0000002809,BBG000DLVDK3,BBG001S77MK3,2025-09-30T06:05:29.844720274Z
AEMD,AETHLON MEDICAL INC,stocks,us,XNAS,CS,True,usd,0000882291,BBG000L78XT8,BBG001SDDHJ6,2025-09-30T06:05:29.844720354Z
AEMS,Anfield Enhanced Market ETF,stocks,us,BATS,ETF,True,usd,0001552947,BBG01VRP0J30,BBG01VRP0K28,2025-09-30T06:05:29.844720434Z
AENT,Alliance Entertainment Holding Corporation Class A Common Stock,stocks,us,XNAS,CS,True,usd,0001823584,BBG00YB0X2R2,BBG00YB0X2S1,2025-09-30T06:05:29.844720515Z
AENTW,Alliance Entertainment Holding Corporation Warrants,stocks,us,XNAS,WARRANT,True,usd,0001823584,BBG00ZS05J95,2025-09-30T06:05:29.844720595Z
AEO,American Eagle Outfitters,stocks,us,XNYS,CS,True,usd,0000919012,BBG000BGXZB5,BBG001S7Q949,2025-09-30T06:05:29.844720675Z
AEON,"AEON Biopharma, Inc.",stocks,us,XASE,CS,True,usd,0001837607,BBG00Z17HDW3,BBG00Z17HFQ5,2025-09-30T06:05:29.844720755Z
AEP,"American Electric Power Company, Inc.",stocks,us,XNAS,CS,True,usd,0000004904,BBG000BB9KF2,BBG001S5NFD2,2025-09-30T06:05:29.844720995Z
AER,Aercap Holdings N.V.,stocks,us,XNYS,CS,True,usd,0001378789,2025-09-30T06:05:29.844721076Z
AERT,"Aeries Technology, Inc. Class A Ordinary Share",stocks,us,XNAS,CS,True,usd,0001853044,2025-09-30T06:05:29.844721196Z
AERTW,"Aeries Technology, Inc. Warrant",stocks,us,XNAS,WARRANT,True,usd,0001853044,2025-09-30T06:05:29.844721276Z
AES,AES Corporation,stocks,us,XNYS,CS,True,usd,0000874761,BBG000C23KJ3,BBG001S6B1L5,2025-09-30T06:05:29.844721366Z
AESI,Atlas Energy Solutions Inc.,stocks,us,XNYS,CS,True,usd,0001984060,BBG01JFZ96X4,BBG01JFZ96Y3,2025-09-30T06:05:29.844721456Z
AESR,Anfield U.S. Equity Sector Rotation ETF,stocks,us,BATS,ETF,True,usd,0001552947,BBG00R4084K6,BBG00R408596,2025-09-30T06:05:29.844721536Z
AETH,Bitwise Trendwise Ether and Treasuries Rotation Strategy ETF,stocks,us,ARCX,ETF,True,usd,BBG01JLGS0C4,BBG01JLGS178,2025-09-30T06:05:29.844721617Z
AEVA,"Aeva Technologies, Inc.",stocks,us,XNAS,CS,True,usd,0001789029,BBG00RK5L2N3,BBG00RK5L2P1,2025-09-30T06:05:29.844721697Z
AEVAW,"Aeva Technologies, Inc. Warrants",stocks,us,XNAS,WARRANT,True,usd,0001789029,BBG00RYQY3V7,2025-09-30T06:05:29.844721777Z
AEXA,American Exceptionalism Acquisition Corp. A,stocks,us,XNYS,CS,True,usd,0002079173,2025-09-30T06:05:29.844721867Z
AEYE,"AudioEye, Inc. Common Stock",stocks,us,XNAS,CS,True,usd,0001362190,BBG002ZQLQB6,BBG002ZQLQC5,2025-09-30T06:05:29.844721947Z
AFB,"Alliance National Municipal Income Fund, Inc.",stocks,us,XNYS,FUND,True,usd,0001162027,BBG000DTM676,BBG001SK6452,2025-09-30T06:05:29.844722027Z
AFBI,"Affinity Bancshares, Inc. Common Stock (MD)",stocks,us,XNAS,CS,True,usd,0001823406,BBG00XH58W17,BBG00XH58WY1,2025-09-30T06:05:29.844722108Z
AFCG,Advanced Flower Capital Inc. Common Stock,stocks,us,XNAS,CS,True,usd,0001822523,BBG00YPSX4X5,BBG00YPSX5R9,2025-09-30T06:05:29.844722258Z
AFG,"American Financial Group, Inc.",stocks,us,XNYS,CS,True,usd,0001042046,BBG000DPKKK0,BBG001S8JK86,2025-09-30T06:05:29.844722338Z
AFGB,"American Financial Group, Inc. 5.875% Subordinated Debentures due 2059",stocks,us,XNYS,SP,True,usd,0001042046,2025-09-30T06:05:29.844722709Z
AFGC,"American Financial Group, Inc. 5.125% Subordinated Debentures due 2059",stocks,us,XNYS,SP,True,usd,0001042046,2025-09-30T06:05:29.844722789Z
AFGD,"American Financial Group, Inc. 5.625% Subordinated Debentures due 2060",stocks,us,XNYS,SP,True,usd,0001042046,2025-09-30T06:05:29.844722909Z
AFGE,"American Financial Group, Inc. 4.500% Subordinated Debentures due 2060",stocks,us,XNYS,SP,True,usd,0001042046,2025-09-30T06:05:29.844722989Z
AFIF,Anfield Universal Fixed Income ETF,stocks,us,BATS,ETF,True,usd,0001552947,BBG00LZQ9356,BBG00LZQ93Z3,2025-09-30T06:05:29.844723079Z
AFIX,Allspring Broad Market Core Bond ETF,stocks,us,ARCX,ETF,True,usd,BBG01QVK6KB9,BBG01QVK6L54,2025-09-30T06:05:29.84472316Z
AFJK,"Aimei Health Technology Co., Ltd Ordinary Share",stocks,us,XNAS,CS,True,usd,0001979005,2025-09-30T06:05:29.84472324Z
AFJKR,"Aimei Health Technology Co., Ltd Right",stocks,us,XNAS,RIGHT,True,usd,0001979005,2025-09-30T06:05:29.84472333Z
AFJKU,"Aimei Health Technology Co., Ltd Unit",stocks,us,XNAS,UNIT,True,usd,0001979005,2025-09-30T06:05:29.84472341Z
AFK,VanEck Africa Index ETF,stocks,us,ARCX,ETF,True,usd,0001137360,BBG000H0B9J8,BBG001T33P37,2025-09-30T06:05:29.84472349Z
AFL,Aflac Inc.,stocks,us,XNYS,CS,True,usd,0000004977,BBG000BBBNC6,BBG001S5NGJ4,2025-09-30T06:05:29.84472357Z
AFLG,First Trust Active Factor Large Cap ETF,stocks,us,ARCX,ETF,True,usd,0001667919,BBG00QZ0DQB9,BBG00QZ0DR27,2025-09-30T06:05:29.84472365Z
AFMC,First Trust Active Factor Mid Cap ETF,stocks,us,ARCX,ETF,True,usd,0001667919,BBG00QZ0GVP0,BBG00QZ0GWH7,2025-09-30T06:05:29.844723731Z
AFOS,ARS Focused Opportunity Strategy ETF,stocks,us,XNAS,ETF,True,usd,BBG01VPTD7B7,BBG01VPTD898,2025-09-30T06:05:29.844723811Z
AFRI,Forafric Global PLC Ordinary Shares,stocks,us,XNAS,CS,True,usd,0001903870,2025-09-30T06:05:29.844723891Z
AFRIW,Forafric Global PLC Warrants,stocks,us,XNAS,WARRANT,True,usd,0001903870,2025-09-30T06:05:29.844723981Z
AFRM,"Affirm Holdings, Inc. Class A Common Stock",stocks,us,XNAS,CS,True,usd,0001820953,BBG00Y7BP8Y1,BBG00Y7BP8Z0,2025-09-30T06:05:29.844724332Z
AFRU,T-REX 2X Long AFRM Daily Target ETF,stocks,us,BATS,ETF,True,usd,BBG01WW9WYK1,BBG01WW9WZK8,2025-09-30T06:05:29.844724412Z
AFSC,abrdn Focused U.S. Small Cap Active ETF,stocks,us,XNAS,ETF,True,usd,BBG01S68Z424,BBG01S68Z5J3,2025-09-30T06:05:29.844724572Z
AFSM,First Trust Active Factor Small Cap ETF,stocks,us,ARCX,ETF,True,usd,0001667919,BBG00QZ0H932,BBG00QZ0H9W0,2025-09-30T06:05:29.844724652Z
AFYA,Afya Limited Class A Common Shares,stocks,us,XNAS,CS,True,usd,0001771007,2025-09-30T06:05:29.844724733Z
AG,FIRST MAJESTIC SILVER CORP,stocks,us,XNYS,CS,True,usd,0001308648,BBG000CH7WB8,BBG001SGV444,2025-09-30T06:05:29.844724813Z
AGAE,Allied Gaming & Entertainment Inc. Common Stock,stocks,us,XNAS,CS,True,usd,0001708341,BBG00J2442Y1,BBG00J2443N1,2025-09-30T06:05:29.844724903Z
AGCO,AGCO Corporation,stocks,us,XNYS,CS,True,usd,0000880266,BBG000DCCZW2,BBG001S7WHW3,2025-09-30T06:05:29.844724983Z
AGD,abrdn Global Dynamic Dividend Fund,stocks,us,XNYS,FUND,True,usd,0001362481,BBG000DJLNL6,BBG001SMLZ16,2025-09-30T06:05:29.844725063Z
AGEM,abrdn Emerging Markets Dividend Active ETF,stocks,us,XNAS,ETF,True,usd,BBG01S68DQN6,BBG01S68DRK7,2025-09-30T06:05:29.844725143Z
AGEN,Agenus Inc.,stocks,us,XNAS,CS,True,usd,0001098972,BBG000C8SWQ9,BBG001SDV370,2025-09-30T06:05:29.844725234Z
AGG,iShares Core U.S. Aggregate Bond ETF,stocks,us,ARCX,ETF,True,usd,0001100663,BBG000Q123R0,BBG001SM1QT8,2025-09-30T06:05:29.844725314Z
AGGA,EA Series Trust EA Astoria Dynamic Core US Fixed Income ETF,stocks,us,XNAS,ETF,True,usd,BBG01TS490J6,BBG01TS491J4,2025-09-30T06:05:29.844725394Z
AGGH,Simplify Aggregate Bond ETF,stocks,us,ARCX,ETF,True,usd,0001810747,BBG015BC7V75,BBG015BC7WS0,2025-09-30T06:05:29.844725474Z
AGGS,Harbor Disciplined Bond ETF,stocks,us,ARCX,ETF,True,usd,0001860434,BBG01MCGX1X6,BBG01MCGX2S0,2025-09-30T06:05:29.844725554Z
AGGY,WisdomTree Yield Enhanced U.S. Aggregate Bond Fund,stocks,us,ARCX,ETF,True,usd,0001350487,BBG009KCY2B7,BBG009KCY2C6,2025-09-30T06:05:29.844725634Z
AGH,Aureus Greenway Holdings Inc. Common Stock,stocks,us,XNAS,CS,True,usd,0002009312,BBG01NG4Q1P4,BBG01NG4Q2J9,2025-09-30T06:05:29.844726005Z
AGI,Alamos Gold Inc. Class A Common Shares,stocks,us,XNYS,CS,True,usd,0001178819,BBG009HT6BL4,BBG009HT65S0,2025-09-30T06:05:29.844726085Z
AGIO,"Agios Pharmaceuticals, Inc.",stocks,us,XNAS,CS,True,usd,0001439222,BBG000QY4ZD0,BBG001T8R687,2025-09-30T06:05:29.844726205Z
AGIQ,SoFi Agentic AI ETF,stocks,us,ARCX,ETF,True,usd,BBG01WV67GC4,BBG01WV67HD1,2025-09-30T06:05:29.844726286Z
AGIX,KraneShares Artificial Intelligence ETF,stocks,us,XNAS,ETF,True,usd,0001536592,BBG01NT1RH61,BBG01NT1RJ21,2025-09-30T06:05:29.844726366Z
AGL,"agilon health, inc.",stocks,us,XNYS,CS,True,usd,0001831097,BBG00HCYVQQ4,BBG00HCYVQR3,2025-09-30T06:05:29.844726446Z
AGM,Federal Agricultural Mortgage Corporation,stocks,us,XNYS,CS,True,usd,0000845877,BBG000G8ZKY4,BBG001SCWNB2,2025-09-30T06:05:29.844726526Z
AGM.A,Federal Agricultural Mortgage Corporation Class A Voting,stocks,us,XNYS,CS,True,usd,0000845877,BBG000G8Y1Z6,BBG001SCWN95,2025-09-30T06:05:29.844726606Z
AGMH,AGM Group Holdings Inc. Class A Ordinary Shares,stocks,us,XNAS,CS,True,usd,0001705402,2025-09-30T06:05:29.844726987Z
AGMI,Themes Silver Miners ETF,stocks,us,XNAS,ETF,True,usd,0001976322,BBG01MQSFLS7,BBG01MQSFMM1,2025-09-30T06:05:29.844727177Z
AGMpD,"Federal Agricultural Mortgage Corporation 5.700% Non-Cumulative Preferred Stock, Series D",stocks,us,XNYS,PFD,True,usd,0000845877,2025-09-30T06:05:29.844727257Z
AGMpE,"Federal Agricultural Mortgage Corporation 5.750% Non-Cumulative Preferred Stock, Series E",stocks,us,XNYS,PFD,True,usd,0000845877,2025-09-30T06:05:29.844727348Z
AGMpF,"Federal Agricultural Mortgage Corporation 5.250% Non-Cumulative Preferred Stock, Series F",stocks,us,XNYS,PFD,True,usd,0000845877,2025-09-30T06:05:29.844727428Z
AGMpG,"Federal Agricultural Mortgage Corporation 4.875% Non-Cumulative Preferred Stock, Series G",stocks,us,XNYS,PFD,True,usd,0000845877,2025-09-30T06:05:29.844727508Z
AGMpH,"Federal Agricultural Mortgage Corporation 6.500% Non-Cumulative Preferred Stock, Series H",stocks,us,XNYS,PFD,True,usd,0000845877,2025-09-30T06:05:29.844727588Z
AGNC,AGNC Investment Corp. Common Stock,stocks,us,XNAS,CS,True,usd,0001423689,BBG000TJ8XZ7,BBG001T074G2,2025-09-30T06:05:29.844727678Z
AGNCL,"AGNC Investment Corp. Depositary Shares Each Representing a 1/1,000th Interest in a Share of 7.75% Series G Fixed-Rate Reset Cumulative Redeemable Preferred Stock",stocks,us,XNAS,CS,True,usd,0001423689,2025-09-30T06:05:29.844728029Z
AGNCM,AGNC Investment Corp. Depositary Shares rep 6.875% Series D Fixed-to-Floating Cumulative Redeemable Preferred Stock,stocks,us,XNAS,PFD,True,usd,0001423689,2025-09-30T06:05:29.844728119Z
AGNCN,"AGNC Investment Corp. Depositary Shares Each Representing a 1/1,000th Interest in a Share of 7 percent Series C Fixed-To-Floating Rate Cumulative Redeemable Preferred Stock",stocks,us,XNAS,PFD,True,usd,0001423689,2025-09-30T06:05:29.844728219Z
AGNCO,"AGNC Investment Corp. Depositary Shares, each representing a 1/1,000th interest in a share of 6.50% Series E Fixed-to-Floating Cumulative Redeemable Preferred Stock",stocks,us,XNAS,CS,True,usd,0001423689,2025-09-30T06:05:29.844728299Z
AGNCP,"AGNC Investment Corp. Depositary Shares Each Representing a 1/1,000th Interest in a Share of 6.125% Series F Fixed-to-Floating Rate Cumulative Redeemable Preferred Stock",stocks,us,XNAS,PFD,True,usd,0001423689,2025-09-30T06:05:29.84472838Z
AGNCZ,AGNC Investment Corp. 8.75% Series H Fixed-Rate Cumulative Redeemable Preferred Stock,stocks,us,XNAS,PFD,True,usd,0001423689,2025-09-30T06:05:29.84472847Z
AGNG,Global X Funds Global X Aging Population ETF,stocks,us,XNAS,ETF,True,usd,0001432353,BBG00CVW2JC1,BBG00CVW2JD0,2025-09-30T06:05:29.84472855Z
AGO,"Assured Guaranty, LTD",stocks,us,XNYS,CS,True,usd,0001273813,2025-09-30T06:05:29.84472863Z
AGOX,Adaptive Alpha Opportunities ETF,stocks,us,ARCX,ETF,True,usd,BBG010WX25M2,BBG010WX26H6,2025-09-30T06:05:29.844728961Z
AGQ,ProShares Ultra Silver,stocks,us,ARCX,ETV,True,usd,0001415311,BBG000F7KQG0,BBG001T2GCT6,2025-09-30T06:05:29.844729041Z
AGQI,First Trust Active Global Quality Income ETF,stocks,us,ARCX,ETF,True,usd,0001667919,BBG01K8H7QZ5,BBG01K8H7RT0,2025-09-30T06:05:29.844729131Z
AGRH,iShares Interest Rate Hedged U.S. Aggregate Bond ETF,stocks,us,ARCX,ETF,True,usd,0001524513,BBG01858ZD01,BBG01858ZF15,2025-09-30T06:05:29.844729211Z
AGRI,AgriFORCE Growing Systems Ltd. Common Shares,stocks,us,XNAS,CS,True,usd,0001826397,2025-09-30T06:05:29.844729301Z
AGRO,ADECOAGRO S.A.,stocks,us,XNYS,CS,True,usd,0001499505,2025-09-30T06:05:29.844729381Z
AGRW,Allspring LT Large Growth ETF,stocks,us,ARCX,ETF,True,usd,BBG01SXPDTR8,BBG01SXPDVQ4,2025-09-30T06:05:29.844729472Z
AGX,"Argan, Inc",stocks,us,XNYS,CS,True,usd,0000100591,BBG000K4J3T0,BBG001SJP7D8,2025-09-30T06:05:29.844729552Z
AGYS,"Agilysys, Inc. Common Stock (DE)",stocks,us,XNAS,CS,True,usd,0000078749,BBG000BR74W6,BBG001S5V6V3,2025-09-30T06:05:29.844729822Z
AGZ,iShares Agency Bond ETF,stocks,us,ARCX,ETF,True,usd,0001100663,BBG000G03TV0,BBG001T2RRQ4,2025-09-30T06:05:29.844729912Z
AGZD,WisdomTree Trust WisdomTree Interest Rate Hedged U.S. Aggregate Bond Fund,stocks,us,XNAS,ETF,True,usd,0001350487,BBG005Q26B40,BBG005Q26B59,2025-09-30T06:05:29.844730033Z
AHCO,AdaptHealth Corp. Common Stock,stocks,us,XNAS,CS,True,usd,0001725255,BBG00KJQVGV3,BBG00KJQVGW2,2025-09-30T06:05:29.844730113Z
AHG,Akso Health Group ADS,stocks,us,XNAS,ADRC,True,usd,0001702318,BBG00HVQFMZ7,BBG00HVQFN03,2025-09-30T06:05:29.844730203Z
AHH,"Armada Hoffler Properties, Inc.",stocks,us,XNYS,CS,True,usd,0001569187,BBG004CYX1M0,BBG004CYX1N9,2025-09-30T06:05:29.844730283Z
AHHpA,"Armada Hoffler Properties, Inc. 6.75% Series A Cumulative Redeemable Perpetual Preferred Stock",stocks,us,XNYS,PFD,True,usd,0001569187,2025-09-30T06:05:29.844730423Z
AHL,Aspen Insurance Holdings Limited,stocks,us,XNYS,CS,True,usd,0001267395,2025-09-30T06:05:29.844730504Z
AHLT,American Beacon AHL Trend ETF,stocks,us,ARCX,ETF,True,usd,BBG01J3YK8D5,BBG01J3YK989,2025-09-30T06:05:29.844730584Z
AHLpD,Aspen Insurance Holdings Limited 5.625% Perpetual Non-Cumulative Preference Shares,stocks,us,XNYS,PFD,True,usd,0001267395,2025-09-30T06:05:29.844730824Z
AHLpE,"Aspen Insurance Holdings Limited Depositary Shares, each representing a 1/1000th interest in a share of 5.625% Perpetual Non-Cumulative Preference Shares",stocks,us,XNYS,PFD,True,usd,0001267395,2025-09-30T06:05:29.844730904Z
AHLpF,"Aspen Insurance Holdings Limited Depositary Shares, each representing a 1/1,000th Interest in a 7.00% Perpetual Non-Cumulative Preference Share",stocks,us,XNYS,PFD,True,usd,0001267395,2025-09-30T06:05:29.844730994Z
AHR,"American Healthcare REIT, Inc.",stocks,us,XNYS,CS,True,usd,0001632970,BBG01L820CZ4,BBG01L820DT9,2025-09-30T06:05:29.844731075Z
AHT,"Ashford Hospitality Trust, Inc.",stocks,us,XNYS,CS,True,usd,0001232582,BBG000PRZVD1,BBG001SLQ6G1,2025-09-30T06:05:29.844731155Z
AHTpD,"Ashford Hospitality Trust, Inc. 8.45% Series D",stocks,us,XNYS,PFD,True,usd,0001232582,2025-09-30T06:05:29.844731235Z
AHTpF,"Ashford Hospitality Trust, Inc.",stocks,us,XNYS,PFD,True,usd,0001232582,2025-09-30T06:05:29.844731315Z
AHTpG,"Ashford Hospitality Trust, Inc   7.375% Series G Cumulative Preferred Stock",stocks,us,XNYS,PFD,True,usd,0001232582,2025-09-30T06:05:29.844731686Z
AHTpH,"Ashford Hospitality Trust, Inc. 7.50 Percent Series H Cumulative Preferred Stock",stocks,us,XNYS,PFD,True,usd,0001232582,2025-09-30T06:05:29.844731766Z
AHTpI,"Ashford Hospitality Trust, Inc. 7.50% Series I Cumulative Preferred Stock",stocks,us,XNYS,PFD,True,usd,0001232582,2025-09-30T06:05:29.844731886Z
AHYB,American Century Select High Yield ETF,stocks,us,ARCX,ETF,True,usd,0001710607,BBG013HJSPQ8,BBG013HJSQK2,2025-09-30T06:05:29.844731966Z
AI,"C3.ai, Inc.",stocks,us,XNYS,CS,True,usd,0001577526,BBG00Y6G6X31,BBG00Y6G6Y84,2025-09-30T06:05:29.844732046Z
AIA,iShares Asia 50 ETF,stocks,us,XNAS,ETF,True,usd,0001100663,BBG000TVYW56,BBG001T0LKC4,2025-09-30T06:05:29.844732137Z
AIBD,Direxion Daily AI and Big Data Bear 2X Shares,stocks,us,ARCX,ETF,True,usd,BBG01MG5S082,BBG01MG5S153,2025-09-30T06:05:29.844732217Z
AIBU,Direxion Daily AI and Big Data Bull 2X Shares,stocks,us,ARCX,ETF,True,usd,BBG01MG5M122,BBG01MG5M1X8,2025-09-30T06:05:29.844732297Z
AIEQ,Amplify AI Powered Equity ETF,stocks,us,ARCX,ETF,True,usd,0001633061,BBG01L6Y3H73,BBG01L6Y3J42,2025-09-30T06:05:29.844732377Z
AIFD,TCW Artificial Intelligence ETF,stocks,us,XNAS,ETF,True,usd,0001831313,BBG01MQS6C89,BBG01MQS6D50,2025-09-30T06:05:29.844732457Z
AIFF,"Firefly Neuroscience, Inc. Common Stock",stocks,us,XNAS,CS,True,usd,0000803578,BBG000BF6HD5,BBG001S6ZMC3,2025-09-30T06:05:29.844732537Z
AIFU,AIFU Inc. Class A Ordinary Share,stocks,us,XNAS,CS,True,usd,0001413855,2025-09-30T06:05:29.844732618Z
AIG,"American International Group, Inc.",stocks,us,XNYS,CS,True,usd,0000005272,BBG000BBDZG3,BBG001S5NJG1,2025-09-30T06:05:29.844732698Z
AIHS,Senmiao Technology Limited Common Stock,stocks,us,XNAS,CS,True,usd,0001711012,BBG00J3Q25V9,BBG00J3Q26K9,2025-09-30T06:05:29.844732778Z
AII,"American Integrity Insurance Group, Inc.",stocks,us,XNYS,CS,True,usd,0002007587,BBG000BN06C9,BBG001SC1H65,2025-09-30T06:05:29.844732868Z
AIIO,Robo.ai Inc. Class B Ordinary Shares,stocks,us,XNAS,CS,True,usd,0001932737,2025-09-30T06:05:29.844732948Z
AIIOW,Robo.ai Inc. Warrant,stocks,us,XNAS,WARRANT,True,usd,0001932737,2025-09-30T06:05:29.844733169Z
AIM,AIM ImmunoTech Inc.,stocks,us,XASE,CS,True,usd,0000946644,BBG000JL6Z80,BBG001SB9J29,2025-09-30T06:05:29.844733259Z
AIMD,"Ainos, Inc. Common Stock",stocks,us,XNAS,CS,True,usd,0001014763,BBG000H6PLR4,BBG001S965R0,2025-09-30T06:05:29.844733389Z
AIMDW,"Ainos, Inc. Warrants",stocks,us,XNAS,WARRANT,True,usd,0001014763,BBG019232J79,2025-09-30T06:05:29.844733469Z
AIN,Albany International Corp Class A,stocks,us,XNYS,CS,True,usd,0000819793,BBG000BRWWH3,BBG001S5VKN1,2025-09-30T06:05:29.844733549Z
AINP,Allspring Income Plus ETF,stocks,us,ARCX,ETF,True,usd,BBG01QVK6YM7,BBG01QVK6ZK6,2025-09-30T06:05:29.84473363Z
AIO,Virtus Artificial Intelligence & Technology Opportunities Fund,stocks,us,XNYS,FUND,True,usd,0001778114,BBG00Q7474K8,BBG00Q7474L7,2025-09-30T06:05:29.84473371Z
AIOO,AllianzIM U.S. Equity Buffer100 Protection ETF,stocks,us,BATS,ETF,True,usd,0001797318,BBG01V5B7TC6,BBG01V5B7V77,2025-09-30T06:05:29.84473379Z
AIOT,"PowerFleet, Inc. Common Stock",stocks,us,XNAS,CS,True,usd,0001774170,BBG00PG3JNL6,BBG00PG3JNM5,2025-09-30T06:05:29.84473388Z
AIP,"Arteris, Inc. Common Stock",stocks,us,XNAS,CS,True,usd,0001667011,BBG000QMLTK3,BBG001T7VHG1,2025-09-30T06:05:29.84473396Z
AIPI,REX AI Equity Premium Income ETF,stocks,us,XNAS,ETF,True,usd,BBG01N48YNC5,BBG01N48YPF7,2025-09-30T06:05:29.84473404Z
AIPO,Defiance AI & Power Infrastructure ETF,stocks,us,XNAS,ETF,True,usd,BBG01S2RQNR7,BBG01S2RQPN6,2025-09-30T06:05:29.84473412Z
AIQ,Global X Funds Global X Artificial Intelligence & Technology ETF,stocks,us,XNAS,ETF,True,usd,0001432353,BBG00KX8KG94,BBG00KX8KH01,2025-09-30T06:05:29.844734201Z
AIR,AAR Corp.,stocks,us,XNYS,CS,True,usd,0000001750,BBG000BBGQF1,BBG001S5NJX2,2025-09-30T06:05:29.844734281Z
AIRE,reAlpha Tech Corp. Common Stock,stocks,us,XNAS,CS,True,usd,0001859199,BBG015SL9PD1,BBG015SL9PF9,2025-09-30T06:05:29.844734361Z
AIRG,"Airgain, Inc. Common Stock",stocks,us,XNAS,CS,True,usd,0001272842,BBG0026ZDGG4,BBG0026ZDGH3,2025-09-30T06:05:29.844734441Z
AIRI,Air Industries Group,stocks,us,XASE,CS,True,usd,0001009891,BBG000C8XXR0,BBG001SG3M27,2025-09-30T06:05:29.844734842Z
AIRJ,AirJoule Technologies Corporation Class A Common Stock,stocks,us,XNAS,CS,True,usd,0001855474,BBG014FPNGK5,BBG014FPNHD1,2025-09-30T06:05:29.844734922Z
AIRJW,AirJoule Technologies Corporation Warrant,stocks,us,XNAS,WARRANT,True,usd,0001855474,BBG014XDH6X7,2025-09-30T06:05:29.844735032Z
AIRO,"AIRO Group Holdings, Inc. Common Stock",stocks,us,XNAS,CS,True,usd,0001927958,BBG01FRGW2W5,BBG01FRGW2Z2,2025-09-30T06:05:29.844735112Z
AIRR,First Trust RBA American Industrial Renaissance ETF,stocks,us,XNAS,ETF,True,usd,0001552740,BBG0063G4FW4,BBG0063G4FX3,2025-09-30T06:05:29.844735192Z
AIRS,"AirSculpt Technologies, Inc. Common Stock",stocks,us,XNAS,CS,True,usd,0001870940,BBG012V27C29,BBG012V27CX5,2025-09-30T06:05:29.844735273Z
AIRT,Air T Inc,stocks,us,XNAS,CS,True,usd,0000353184,BBG000BBH316,BBG001S5NJZ0,2025-09-30T06:05:29.844735353Z
AIRTP,"Air T, Inc. Air T Funding Alpha Income Trust Preferred Securities",stocks,us,XNAS,PFD,True,usd,0000353184,2025-09-30T06:05:29.844735433Z
AIS,VistaShares Artificial Intelligence Supercycle ETF,stocks,us,ARCX,ETF,True,usd,0001722388,BBG01R2TJN20,BBG01R2TJP25,2025-09-30T06:05:29.844735513Z
AISP,"Airship AI Holdings, Inc. Class A Common Stock",stocks,us,XNAS,CS,True,usd,0001842566,BBG00ZZNS7C4,BBG00ZZNS7D3,2025-09-30T06:05:29.844735603Z
AISPW,"Airship AI Holdings, Inc. Warrants",stocks,us,XNAS,WARRANT,True,usd,0001842566,BBG010W1PNX6,2025-09-30T06:05:29.844735693Z
AIT,"Applied Industrial Technologies, Inc.",stocks,us,XNYS,CS,True,usd,0000109563,BBG000BBHHP9,BBG001S5NK14,2025-09-30T06:05:29.844735774Z
AIV,Apartment Investment and Management Company,stocks,us,XNYS,CS,True,usd,0000922864,BBG000DD3510,BBG001S876N3,2025-09-30T06:05:29.844735854Z
AIVC,Amplify Bloomberg AI Value Chain ETF,stocks,us,ARCX,ETF,True,usd,0001633061,BBG01L6Y1LR4,BBG01L6Y1ML8,2025-09-30T06:05:29.844735934Z
AIVI,WisdomTree International AI Enhanced Value Fund,stocks,us,ARCX,ETF,True,usd,0001350487,BBG000BT3GK2,BBG001SHL7M6,2025-09-30T06:05:29.844736014Z
AIVL,WisdomTree U.S. AI Enhanced Value Fund,stocks,us,ARCX,ETF,True,usd,0001350487,BBG000BT2NX4,BBG001SHL7F4,2025-09-30T06:05:29.844736094Z
AIXI,XIAO-I Corporation American Depositary Shares,stocks,us,XNAS,ADRC,True,usd,0001935172,BBG01C3DTQ83,BBG01C3DTQ92,2025-09-30T06:05:29.844736345Z
AIYY,YieldMax AI Option Income Strategy ETF,stocks,us,ARCX,ETS,True,usd,0001924868,BBG01K8MLVZ7,BBG01K8MLWY6,2025-09-30T06:05:29.844736425Z
AIZ,"Assurant, Inc.",stocks,us,XNYS,CS,True,usd,0001267238,BBG000BZX1N5,BBG001SD9DW5,2025-09-30T06:05:29.844736545Z
AIZN,"Assurant, Inc. 5.25% Subordinated Notes due 2061",stocks,us,XNYS,SP,True,usd,0001267238,2025-09-30T06:05:29.844736625Z
AJAN,Innovator Equity Defined Protection ETF - 2 Yr to January 2026,stocks,us,BATS,ETF,True,usd,0001415726,BBG01KTTT4N4,BBG01KTTT5K4,2025-09-30T06:05:29.844736715Z
AJG,Arthur J. Gallagher & Co.,stocks,us,XNYS,CS,True,usd,0000354190,BBG000BBHXQ3,BBG001S5NKC2,2025-09-30T06:05:29.844736796Z
AJUL,Innovator Equity Defined Protection ETF - 2 Yr to July 2026,stocks,us,BATS,ETF,True,usd,0001415726,BBG01NJ0PGC1,BBG01NJ0PH66,2025-09-30T06:05:29.844736906Z
AKA,a.k.a. Brands Holding Corp.,stocks,us,XNYS,CS,True,usd,0001865107,BBG0129CWQ14,BBG0129CWQ23,2025-09-30T06:05:29.844736986Z
AKAF,The Frontier Economic Fund,stocks,us,XNYS,ETF,True,usd,BBG01VS3BCZ6,BBG01VS3BF70,2025-09-30T06:05:29.844737066Z
AKAM,Akamai Technologies Inc,stocks,us,XNAS,CS,True,usd,0001086222,BBG000BJQWD2,BBG001S7YHX0,2025-09-30T06:05:29.844737146Z
AKAN,Akanda Corp. Common Shares,stocks,us,XNAS,CS,True,usd,0001888014,BBG013GQ5XT8,BBG013GQ5XV5,2025-09-30T06:05:29.844737226Z
AKBA,"Akebia Therapeutics, Inc.",stocks,us,XNAS,CS,True,usd,0001517022,BBG000R33R00,BBG001T922S9,2025-09-30T06:05:29.844737317Z
AKO.A,Embotelladora Andina S.A. Series A,stocks,us,XNYS,ADRC,True,usd,0000925261,BBG000J82W71,BBG001S9ZDD6,2025-09-30T06:05:29.844737397Z
AKO.B,Embotelladora Andina S.A. Series B,stocks,us,XNYS,ADRC,True,usd,0000925261,BBG000DZ2SW8,BBG001S6T4X7,2025-09-30T06:05:29.844737477Z
AKR,Acadia Realty Trust,stocks,us,XNYS,CS,True,usd,0000899629,BBG000BJGD54,BBG001S7KXT5,2025-09-30T06:05:29.844737617Z
AKRO,"Akero Therapeutics, Inc. Common Stock",stocks,us,XNAS,CS,True,usd,0001744659,BBG00L9211Y8,BBG00L9211Z7,2025-09-30T06:05:29.844737697Z
AKTX,Akari Therapeutics plc ADR (0.01 USD),stocks,us,XNAS,ADRC,True,usd,0001541157,BBG003PMV495,BBG003PMV510,2025-09-30T06:05:29.844738008Z
AL,Air Lease Corporation,stocks,us,XNYS,CS,True,usd,0001487712,BBG000R3NPZ4,BBG001T92VD1,2025-09-30T06:05:29.844738088Z
ALAB,"Astera Labs, Inc. Common Stock",stocks,us,XNAS,CS,True,usd,0001736297,BBG00TDKHW99,BBG00TDKHWK6,2025-09-30T06:05:29.844738188Z
ALAI,Alger AI Enablers & Adopters ETF,stocks,us,ARCX,ETF,True,usd,0001807486,BBG01M13SDZ5,BBG01M13SFT7,2025-09-30T06:05:29.844738268Z
ALAR,Alarum Technologies Ltd. American Depositary Share,stocks,us,XNAS,ADRC,True,usd,0001725332,BBG00GVM3KM9,BBG00GVM3LB9,2025-09-30T06:05:29.844738349Z
ALB,Albemarle Corporation,stocks,us,XNYS,CS,True,usd,0000915913,BBG000BJ26K7,BBG001S7SBP9,2025-09-30T06:05:29.844738429Z
ALBT,Avalon GloboCare Corp. Common Stock,stocks,us,XNAS,CS,True,usd,0001630212,BBG008648HM7,BBG008648HN6,2025-09-30T06:05:29.844738529Z
ALBpA,Albemarle Corporation Depositary Shares each representing a 1/20th interest in a share of 7.25% Series A Mandatory Convertible Preferred Stock,stocks,us,XNYS,SP,True,usd,0000915913,2025-09-30T06:05:29.844738649Z
ALC,Alcon Inc. Ordinary Shares,stocks,us,XNYS,CS,True,usd,0001167379,2025-09-30T06:05:29.844738729Z
ALCO,Alico Inc,stocks,us,XNAS,CS,True,usd,0000003545,BBG000BBJR57,BBG001S5NKW0,2025-09-30T06:05:29.844738809Z
ALCY,Alchemy Investments Acquisition Corp 1 Class A Ordinary Shares,stocks,us,XNAS,CS,True,usd,0001901336,2025-09-30T06:05:29.84473889Z
ALCYU,Alchemy Investments Acquisition Corp 1 Units,stocks,us,XNAS,UNIT,True,usd,0001901336,2025-09-30T06:05:29.84473898Z
ALCYW,Alchemy Investments Acquisition Corp 1 Warrants,stocks,us,XNAS,WARRANT,True,usd,0001901336,2025-09-30T06:05:29.84473906Z
ALDF,Aldel Financial II Inc. Class A Ordinary Shares,stocks,us,XNAS,CS,True,usd,0002031561,2025-09-30T06:05:29.84473914Z
ALDFU,Aldel Financial II Inc. Units,stocks,us,XNAS,UNIT,True,usd,0002031561,2025-09-30T06:05:29.84473922Z
ALDFW,Aldel Financial II Inc. Warrants,stocks,us,XNAS,WARRANT,True,usd,0002031561,2025-09-30T06:05:29.8447393Z
ALDX,"Aldeyra Therapeutics, Inc.",stocks,us,XNAS,CS,True,usd,0001341235,BBG0029H8ZF6,BBG0029H8ZG5,2025-09-30T06:05:29.844739511Z
ALE,"ALLETE, Inc.",stocks,us,XNYS,CS,True,usd,0000066756,BBG000CYW7N5,BBG001S77110,2025-09-30T06:05:29.844739591Z
ALEC,"Alector, Inc. Common Stock",stocks,us,XNAS,CS,True,usd,0001653087,BBG00N0PL198,BBG00N0PL214,2025-09-30T06:05:29.844739691Z
ALEX,"Alexander & Baldwin, Inc.",stocks,us,XNYS,CS,True,usd,0001545654,BBG00HS2GVL8,BBG00HS2GVM7,2025-09-30T06:05:29.844739771Z
ALF,Centurion Acquisition Corp. Class A Ordinary Shares,stocks,us,XNAS,CS,True,usd,0002010930,2025-09-30T06:05:29.844739851Z
ALFUU,Centurion Acquisition Corp. Unit,stocks,us,XNAS,UNIT,True,usd,0002010930,2025-09-30T06:05:29.844739932Z
ALFUW,Centurion Acquisition Corp. Warrant,stocks,us,XNAS,WARRANT,True,usd,0002010930,2025-09-30T06:05:29.844740012Z
ALG,"Alamo Group, Inc.",stocks,us,XNYS,CS,True,usd,0000897077,BBG000BJTZX0,BBG001S7YVC2,2025-09-30T06:05:29.844740092Z
ALGM,"Allegro MicroSystems, Inc. Common Stock",stocks,us,XNAS,CS,True,usd,0000866291,BBG00H5S8391,BBG00H5S83B8,2025-09-30T06:05:29.844740182Z
ALGN,Align Technology Inc,stocks,us,XNAS,CS,True,usd,0001097149,BBG000BRNLL2,BBG001SCF1B9,2025-09-30T06:05:29.844740262Z
ALGS,"Aligos Therapeutics, Inc. Common Stock",stocks,us,XNAS,CS,True,usd,0001799448,BBG00QX7QH68,BBG00QX7QH77,2025-09-30T06:05:29.844740342Z
ALGT,Allegiant Travel Company,stocks,us,XNAS,CS,True,usd,0001362468,BBG000LJS6B8,BBG001SQ25S5,2025-09-30T06:05:29.844740422Z
ALHC,"Alignment Healthcare, Inc. Common Stock",stocks,us,XNAS,CS,True,usd,0001832466,BBG00ZJ0DSR6,BBG00ZJ0DSS5,2025-09-30T06:05:29.844740503Z
ALIL,Argent Focused Small Cap ETF,stocks,us,XNAS,ETF,True,usd,BBG01TCJ00K7,BBG01TCJ01G0,2025-09-30T06:05:29.844740583Z
ALIT,"Alight, Inc.",stocks,us,XNYS,CS,True,usd,0001809104,BBG00H00J2N1,BBG00H00J2Q8,2025-09-30T06:05:29.844740663Z
ALK,"Alaska Air Group, Inc.",stocks,us,XNYS,CS,True,usd,0000766421,BBG000BBL0Y1,BBG001S5NLG6,2025-09-30T06:05:29.844740753Z
ALKS,Alkermes Inc. plc,stocks,us,XNAS,CS,True,usd,0001520262,2025-09-30T06:05:29.844741064Z
ALKT,"Alkami Technology, Inc. Common Stock",stocks,us,XNAS,CS,True,usd,0001529274,BBG005HTCT54,BBG005HTCT63,2025-09-30T06:05:29.844741254Z
ALL,The Allstate Corporation,stocks,us,XNYS,CS,True,usd,0000899051,BBG000BVMGF2,BBG001S9BM06,2025-09-30T06:05:29.844741334Z
ALLE,Allegion Public Limited Company,stocks,us,XNYS,CS,True,usd,0001579241,2025-09-30T06:05:29.844741464Z
ALLO,"Allogene Therapeutics, Inc. Common Stock",stocks,us,XNAS,CS,True,usd,0001737287,BBG00KHRRDX3,BBG00KHRRDY2,2025-09-30T06:05:29.844741675Z
ALLR,"Allarity Therapeutics, Inc. Common Stock",stocks,us,XNAS,CS,True,usd,0001860657,BBG012NXCZP8,BBG012NXCZQ7,2025-09-30T06:05:29.844741885Z
ALLT,Allot Ltd. Ordinary Shares,stocks,us,XNAS,CS,True,usd,0001365767,2025-09-30T06:05:29.844741975Z
ALLW,SPDR Bridgewater All Weather ETF,stocks,us,XNAS,ETF,True,usd,0001516212,BBG01SN3NWY2,BBG01SN3NXT6,2025-09-30T06:05:29.844742136Z
ALLY,Ally Financial Inc.,stocks,us,XNYS,CS,True,usd,0000040729,BBG000BC2R71,BBG001S5RLN4,2025-09-30T06:05:29.844742206Z
ALLpB,The Allstate Corporation 5.100%  Fixed-To-Floating Rate Subordinated Debentures due 2053,stocks,us,XNYS,PFD,True,usd,0000899051,2025-09-30T06:05:29.844742757Z
ALLpH,The Allstate Corporation,stocks,us,XNYS,PFD,True,usd,0000899051,2025-09-30T06:05:29.844742837Z
ALLpI,The Allstate Corporation,stocks,us,XNYS,PFD,True,usd,0000899051,2025-09-30T06:05:29.844742917Z
ALLpJ,"The Allstate Corporation Depositary Shares each representing a 1/1,000th interest in a share of Fixed Rate Noncumulative Perpetual Preferred Stock, Series J",stocks,us,XNYS,PFD,True,usd,0000899051,2025-09-30T06:05:29.844742997Z
ALM,Almonty Industries Inc. Common Shares,stocks,us,XNAS,CS,True,usd,0001670061,BBG004KGNV81,BBG001T7CS41,2025-09-30T06:05:29.844743078Z
ALMS,Alumis Inc. Common Stock,stocks,us,XNAS,CS,True,usd,0001847367,BBG01J7X4PN2,BBG01J7X4PP0,2025-09-30T06:05:29.844743158Z
ALMU,"Aeluma, Inc. Common Stock",stocks,us,XNAS,CS,True,usd,0001828805,BBG013BHY3G1,BBG013BHY3H0,2025-09-30T06:05:29.844743248Z
ALNT,Allient Inc. Common Stock,stocks,us,XNAS,CS,True,usd,0000046129,BBG000BKVYJ3,BBG001S5RST3,2025-09-30T06:05:29.844743568Z
ALNY,"Alnylam Pharmaceuticals, Inc.",stocks,us,XNAS,CS,True,usd,0001178670,BBG000BFGNJ5,BBG001S7FTC8,2025-09-30T06:05:29.844743659Z
ALOT,"AstroNova, Inc. Common Stock",stocks,us,XNAS,CS,True,usd,0000008146,BBG000BBMCY4,BBG001S5NLS3,2025-09-30T06:05:29.844743769Z
ALRG,Allspring LT Large Core ETF,stocks,us,ARCX,ETF,True,usd,BBG01V9VKGD0,BBG01V9VKHF6,2025-09-30T06:05:29.844743849Z
ALRM,"Alarm.com Holdings, Inc.",stocks,us,XNAS,CS,True,usd,0001459200,BBG007GNPYY7,BBG007GNPYZ6,2025-09-30T06:05:29.844743929Z
ALRS,Alerus Financial Corporation Common Stock,stocks,us,XNAS,CS,True,usd,0000903419,BBG000BTXSH7,BBG001SGGKT8,2025-09-30T06:05:29.844744009Z
ALSN,"ALLISON TRANSMISSION HOLDINGS, INC.",stocks,us,XNYS,CS,True,usd,0001411207,BBG001KY3845,BBG001V0T5F3,2025-09-30T06:05:29.844744089Z
ALT,"Altimmune, Inc. Common Stock",stocks,us,XNAS,CS,True,usd,0001326190,BBG000FXML90,BBG001SNS461,2025-09-30T06:05:29.84474417Z
ALTG,Alta Equipment Group Inc.,stocks,us,XNYS,CS,True,usd,0001759824,BBG00NZ6JVD4,BBG00NZ6JW42,2025-09-30T06:05:29.84474455Z
ALTGpA,Alta Equipment Group Inc. Depositary Shares (each representing 1/1000th in a share of 10% Series A Cumulative Perpetual Preferred Stock),stocks,us,XNYS,PFD,True,usd,0001759824,2025-09-30T06:05:29.844744631Z
ALTI,"AlTi Global, Inc. Class A Common Stock",stocks,us,XNAS,CS,True,usd,0001838615,BBG00Z6F0LQ7,BBG00Z6F0ML0,2025-09-30T06:05:29.844744711Z
ALTL,Pacer Lunt Large Cap Alternator ETF,stocks,us,ARCX,ETF,True,usd,0001616668,BBG00VP22TF7,BBG00VP22V71,2025-09-30T06:05:29.844744791Z
ALTO,"Alto Ingredients, Inc. Common Stock",stocks,us,XNAS,CS,True,usd,0000778164,BBG000K4WSD7,BBG001SCBYZ5,2025-09-30T06:05:29.844744871Z
ALTS,ALT5 Sigma Corporation Common Stock,stocks,us,XNAS,CS,True,usd,0000862861,BBG000CKLRH0,BBG001S6Y4N2,2025-09-30T06:05:29.844744961Z
ALTY,Global X Funds Global X Alternative Income ETF,stocks,us,XNAS,ETF,True,usd,0001432353,BBG009L6H4R7,BBG009L6H4S6,2025-09-30T06:05:29.844745041Z
ALUR,"Allurion Technologies, Inc.",stocks,us,XNYS,CS,True,usd,0001964979,BBG01HPVRLS9,BBG01HPVRLV5,2025-09-30T06:05:29.844745121Z
ALUR.WS,"Allurion Technologies, Inc. Warrants, each whole warrant exercisable to purchase 0.056818 shares of common stock at an exercise price of $202.50 per share of common stock",stocks,us,XNYS,WARRANT,True,usd,0001964979,BBG01HPVZWF0,2025-09-30T06:05:29.844745352Z
ALV,"Autoliv, Inc.",stocks,us,XNYS,CS,True,usd,0001034670,BBG000BVLRY8,BBG001S9YRV6,2025-09-30T06:05:29.844745432Z
ALVO,Alvotech Ordinary Shares,stocks,us,XNAS,CS,True,usd,0001898416,2025-09-30T06:05:29.844745592Z
ALVOW,Alvotech Warrant,stocks,us,XNAS,WARRANT,True,usd,0001898416,2025-09-30T06:05:29.844745672Z
ALX,Alexander's Inc.,stocks,us,XNYS,CS,True,usd,0000003499,BBG000BBNLK8,BBG001S5NM92,2025-09-30T06:05:29.844745783Z
ALXO,ALX Oncology Holdings Inc. Common Stock,stocks,us,XNAS,CS,True,usd,0001810182,BBG00VR8SDG8,BBG00VR8SF73,2025-09-30T06:05:29.844745863Z
ALZN,"Alzamend Neuro, Inc. Common Stock",stocks,us,XNAS,CS,True,usd,0001677077,BBG00ZMXG7M8,BBG00ZMXG7N7,2025-09-30T06:05:29.844745943Z
AM,Antero Midstream Corporation Common Stock,stocks,us,XNYS,CS,True,usd,0001623925,BBG00GBNZ4M0,BBG00GBNZ4N9,2025-09-30T06:05:29.844746023Z
AMAL,Amalgamated Financial Corp. Common Stock (DE),stocks,us,XNAS,CS,True,usd,0001823608,BBG00XRT7YX6,BBG00XRT7YY5,2025-09-30T06:05:29.844746103Z
AMAT,Applied Materials Inc,stocks,us,XNAS,CS,True,usd,0000006951,BBG000BBPFB9,BBG001S5NMM7,2025-09-30T06:05:29.844746183Z
AMAX,Adaptive Hedged Multi-Asset Income ETF,stocks,us,ARCX,ETF,True,usd,BBG0133TN2R6,BBG0133TN3L0,2025-09-30T06:05:29.844746264Z
AMBA,"Ambarella, Inc. Ordinary Shares",stocks,us,XNAS,CS,True,usd,0001280263,2025-09-30T06:05:29.844746344Z
AMBC,"Ambac Financial Group, Inc.",stocks,us,XNYS,CS,True,usd,0000874501,BBG004HQHKK0,BBG004HQHL91,2025-09-30T06:05:29.844746434Z
AMBI,Ambipar Emergency Response,stocks,us,XASE,CS,True,usd,0001937441,2025-09-30T06:05:29.844746514Z
AMBI.WS,"Ambipar Emergency Response Warrants to purchase Class A ordinary shares, each whole warrant exercisable for one Class A ordinary share at an exercise price of $11.50 per share",stocks,us,XASE,WARRANT,True,usd,0001937441,2025-09-30T06:05:29.844746594Z
AMBO,Ambow Education Holding Ltd. American Depository Shares (each representing twenty (20) Class A Ordinary Shares),stocks,us,XASE,ADRC,True,usd,0001494558,BBG000BDCP09,BBG001T99B02,2025-09-30T06:05:29.844746674Z
AMBP,Ardagh Metal Packaging S.A.,stocks,us,XNYS,CS,True,usd,0001845097,2025-09-30T06:05:29.844746905Z
AMBP.WS,"Ardagh Metal Packaging S.A. Warrants, each exercisable for one Share at an exercise price of $11.50 per share",stocks,us,XNYS,WARRANT,True,usd,0001845097,2025-09-30T06:05:29.844746985Z
AMBQ,"Ambiq Micro, Inc.",stocks,us,XNYS,CS,True,usd,0001500412,BBG0026ZDH90,BBG0026ZDHB7,2025-09-30T06:05:29.844747125Z
AMBR,Amber International Holding Limited American Depositary Shares,stocks,us,XNAS,ADRC,True,usd,0001697818,BBG00J0BKBX0,BBG00J0BKBY9,2025-09-30T06:05:29.844747205Z
AMC,"AMC ENTERTAINMENT HOLDINGS, INC.",stocks,us,XNYS,CS,True,usd,0001411579,BBG000TDCVT6,BBG001SZYYL4,2025-09-30T06:05:29.844747286Z
AMCR,Amcor plc Ordinary Shares,stocks,us,XNYS,CS,True,usd,0001748790,2025-09-30T06:05:29.844747366Z
AMCX,AMC Networks Inc. Class A,stocks,us,XNAS,CS,True,usd,0001514991,BBG000H01H92,BBG001SLR8S3,2025-09-30T06:05:29.844747446Z
AMD,Advanced Micro Devices,stocks,us,XNAS,CS,True,usd,0000002488,BBG000BBQCY0,BBG001S5NN36,2025-09-30T06:05:29.844747526Z
AMDD,Direxion Daily AMD Bear 1X Shares,stocks,us,XNAS,ETF,True,usd,BBG01S4RXG10,BBG01S4RXH09,2025-09-30T06:05:29.844747626Z
AMDG,Leverage Shares 2X Long AMD Daily ETF,stocks,us,XNAS,ETF,True,usd,0001976322,BBG01RYZKSJ0,BBG01RYZKTF2,2025-09-30T06:05:29.844747706Z
AMDL,GraniteShares 2x Long AMD Daily ETF,stocks,us,XNAS,ETF,True,usd,0001689873,BBG01LNWKBD5,BBG01LNWKC70,2025-09-30T06:05:29.844747787Z
AMDU,Defiance Leveraged Long + Income AMD ETF,stocks,us,XNAS,ETF,True,usd,BBG01WTSMFD3,BBG01WTSMG96,2025-09-30T06:05:29.844747867Z
AMDW,Roundhill AMD WeeklyPay ETF,stocks,us,BATS,ETF,True,usd,BBG01W6VBTJ7,BBG01W6VBVF6,2025-09-30T06:05:29.844747947Z
AMDY,YieldMax AMD Option Income Strategy ETF,stocks,us,ARCX,ETS,True,usd,BBG01J9TDVT0,BBG01J9TDWP2,2025-09-30T06:05:29.844748027Z
AME,"Ametek, Inc.",stocks,us,XNYS,CS,True,usd,0001037868,BBG000B9XG87,BBG001S5NN54,2025-09-30T06:05:29.844748107Z
AMG,Affiliated Managers Group,stocks,us,XNYS,CS,True,usd,0001004434,BBG000C060M4,BBG001S6DMD6,2025-09-30T06:05:29.844748187Z
AMGN,Amgen Inc,stocks,us,XNAS,CS,True,usd,0000318154,BBG000BBS2Y0,BBG001S5NNL6,2025-09-30T06:05:29.844748398Z
AMH,AMERICAN HOMES 4 RENT,stocks,us,XNYS,CS,True,usd,0001562401,BBG003NXJNH6,BBG003NXJNJ4,2025-09-30T06:05:29.844748478Z
AMHpG,American Homes 4 Rent Series G cumulative redeemable perpetual preferred shares of beneficial interest,stocks,us,XNYS,PFD,True,usd,0001562401,2025-09-30T06:05:29.844748588Z
AMHpH,American Homes 4 Rent Series H cumulative redeemable perpetual Preferred Shares of Beneficial Interest,stocks,us,XNYS,PFD,True,usd,0001562401,2025-09-30T06:05:29.844748668Z
AMID,Argent Mid Cap ETF,stocks,us,XNAS,ETF,True,usd,BBG017Z2L8P2,BBG017Z2L9J7,2025-09-30T06:05:29.844748778Z
AMIX,"Autonomix Medical, Inc. Common Stock",stocks,us,XNAS,CS,True,usd,0001617867,BBG00R28GXW5,BBG00R28GXX4,2025-09-30T06:05:29.844748859Z
AMJB,Alerian MLP Index ETNs due January 28 2044,stocks,us,ARCX,ETN,True,usd,0000019617,BBG01L70PXT3,BBG01L70PZ45,2025-09-30T06:05:29.844748939Z
AMKR,Amkor Technology Inc,stocks,us,XNAS,CS,True,usd,0001047127,BBG000BCKGW7,BBG001S64YF8,2025-09-30T06:05:29.844749029Z
AMLP,Alerian MLP ETF,stocks,us,ARCX,ETF,True,usd,0001414040,BBG0015CS200,BBG001TBMNT5,2025-09-30T06:05:29.844749109Z
AMLX,"Amylyx Pharmaceuticals, Inc. Common Stock",stocks,us,XNAS,CS,True,usd,0001658551,BBG00DP10YT5,BBG00DP10YW1,2025-09-30T06:05:29.844749189Z
AMN,AMN Healthcare Services,stocks,us,XNYS,CS,True,usd,0001142750,BBG000BCT197,BBG001S6Q193,2025-09-30T06:05:29.844749269Z
AMOD,"Alpha Modus Holdings, Inc. Class A Common Stock",stocks,us,XNAS,CS,True,usd,0001862463,BBG0123NSVZ3,BBG0123NSWT8,2025-09-30T06:05:29.84474935Z
AMODW,"Alpha Modus Holdings, Inc. Warrant",stocks,us,XNAS,WARRANT,True,usd,0001862463,BBG0123Q9X74,2025-09-30T06:05:29.84474943Z
AMOM,Qraft AI-Enhanced US Large Cap Momentum ETF,stocks,us,ARCX,ETF,True,usd,0001547950,BBG00P5NRM19,BBG00P5NRMS0,2025-09-30T06:05:29.84474951Z
AMP,"Ameriprise Financial, Inc.",stocks,us,XNYS,CS,True,usd,0000820027,BBG000G3QLY3,BBG001SK6096,2025-09-30T06:05:29.84474961Z
AMPG,AMPLITECH GROUP INC. COM,stocks,us,XNAS,CS,True,usd,0001518461,BBG00394F954,BBG00394F9X3,2025-09-30T06:05:29.84474969Z
AMPGW,"Amplitech Group, Inc. Warrants",stocks,us,XNAS,WARRANT,True,usd,0001518461,BBG00Z9BGRC8,2025-09-30T06:05:29.844749921Z
AMPH,"Amphastar Pharmaceuticals, Inc.",stocks,us,XNAS,CS,True,usd,0001297184,BBG000BW90S6,BBG001SCM4W2,2025-09-30T06:05:29.844750011Z
AMPL,"Amplitude, Inc. Class A Common Stock",stocks,us,XNAS,CS,True,usd,0001866692,BBG012CDTZY6,BBG012CDTZZ5,2025-09-30T06:05:29.844750151Z
AMPX,"Amprius Technologies, Inc.",stocks,us,XNYS,CS,True,usd,0001899287,BBG019MBDC63,BBG019MBDD16,2025-09-30T06:05:29.844750371Z
AMPX.WS,"Amprius Technologies, Inc. Warrants to purchase one share of Common Stock at an exercise price of $11.50 per share",stocks,us,XNYS,WARRANT,True,usd,0001899287,BBG016X0TFF7,2025-09-30T06:05:29.844750472Z
AMPY,Amplify Energy Corp.,stocks,us,XNYS,CS,True,usd,0001533924,BBG00F0YM0Z8,BBG00F0YM1R5,2025-09-30T06:05:29.844750552Z
AMR,"Alpha Metallurgical Resources, Inc.",stocks,us,XNYS,CS,True,usd,0001704715,BBG00DGWV035,BBG00DGWV044,2025-09-30T06:05:29.844750642Z
AMRC,"Ameresco, Inc.",stocks,us,XNYS,CS,True,usd,0001488139,BBG000BD1QL6,BBG001S6P9W1,2025-09-30T06:05:29.844750722Z
AMRK,"A-Mark Precious Metals, Inc.",stocks,us,XNAS,CS,True,usd,0001591588,BBG005ZVDK48,BBG005ZVDK57,2025-09-30T06:05:29.844750802Z
AMRN,Amarin Corp Plc,stocks,us,XNAS,ADRC,True,usd,0000897448,BBG000BPYG99,BBG001SD42R0,2025-09-30T06:05:29.844750882Z
AMRX,"Amneal Pharmaceuticals, Inc. Class A Common Stock",stocks,us,XNAS,CS,True,usd,0001723128,BBG00462PGG0,BBG00462PGH9,2025-09-30T06:05:29.844750963Z
AMRZ,Amrize Ltd,stocks,us,XNYS,CS,True,usd,0002035989,2025-09-30T06:05:29.844751043Z
AMS,American Shared Hospital Services,stocks,us,XASE,CS,True,usd,0000744825,BBG000BBVZ37,BBG001S5NPF8,2025-09-30T06:05:29.844751133Z
AMSC,American Superconductor Corp,stocks,us,XNAS,CS,True,usd,0000880807,BBG000CP3D44,BBG001S70C31,2025-09-30T06:05:29.844751213Z
AMSF,"AMERISAFE, Inc.",stocks,us,XNAS,CS,True,usd,0001018979,BBG000Q0JJQ0,BBG001SDH7B2,2025-09-30T06:05:29.844751293Z
AMST,Amesite Inc.,stocks,us,XNAS,CS,True,usd,0001807166,BBG00KY7FCW4,BBG00KY7FCX3,2025-09-30T06:05:29.844751373Z
AMT,American Tower Corporation,stocks,us,XNYS,CS,True,usd,0001053507,BBG000B9XYV2,BBG001S5NPQ6,2025-09-30T06:05:29.844751564Z
AMTB,Amerant Bancorp Inc.,stocks,us,XNYS,CS,True,usd,0001734342,BBG001KHCXD7,BBG001V0P1S2,2025-09-30T06:05:29.844751644Z
AMTD,"AMTD IDEA Group American Depositary Shares, each representing six (6) Class A Ordinary Shares",stocks,us,XNYS,ADRC,True,usd,0001769731,BBG00PH297Y9,BBG00PH298P7,2025-09-30T06:05:29.844751764Z
AMTM,"Amentum Holdings, Inc.",stocks,us,XNYS,CS,True,usd,0002011286,BBG01NY7B734,BBG01NY7B770,2025-09-30T06:05:29.844751844Z
AMTX,"Aemetis, Inc. (DE) Common Stock",stocks,us,XNAS,CS,True,usd,0000738214,BBG000BWBZY9,BBG001SCST33,2025-09-30T06:05:29.844751934Z
AMUB,"ETRACS Alerian MLP Index ETN Series B due July 18, 2042",stocks,us,ARCX,ETN,True,usd,0001114446,BBG00B59KB85,BBG00B59KB76,2025-09-30T06:05:29.844752025Z
AMUU,Direxion Daily AMD Bull 2X Shares,stocks,us,XNAS,ETF,True,usd,BBG01S4S1M83,BBG01S4S1N63,2025-09-30T06:05:29.844752425Z
AMWD,American Woodmark Corp,stocks,us,XNAS,CS,True,usd,0000794619,BBG000BBX657,BBG001S5NQ57,2025-09-30T06:05:29.844752516Z
AMWL,American Well Corporation,stocks,us,XNYS,CS,True,usd,0001393584,BBG002R1JYY1,BBG002R1JYZ0,2025-09-30T06:05:29.844752606Z
AMX,America Movil S.A.B de C.V American Depositary Shares (each representing the right to receive twenty (20) Series B Shares),stocks,us,XNYS,ADRC,True,usd,0001129137,BBG01FRH5MK2,BBG01FRH5ND8,2025-09-30T06:05:29.844752706Z
AMYY,GraniteShares YieldBOOST AMD ETF,stocks,us,XNAS,ETF,True,usd,0001689873,BBG01X4WY3P0,BBG01X4WY4V1,2025-09-30T06:05:29.844752786Z
AMZA,InfraCap MLP ETF,stocks,us,ARCX,ETF,True,usd,0001559109,BBG0077X4F42,BBG0077X4F33,2025-09-30T06:05:29.844752876Z
AMZD,Direxion Daily AMZN Bear 1X Shares,stocks,us,XNAS,ETF,True,usd,BBG019HFY6V2,BBG019HFY7P7,2025-09-30T06:05:29.844752956Z
AMZE,"Amaze Holdings, Inc.",stocks,us,XASE,CS,True,usd,0001880343,BBG013N9RNG0,BBG013N9RPD8,2025-09-30T06:05:29.844753037Z
AMZN,Amazon.Com Inc,stocks,us,XNAS,CS,True,usd,0001018724,BBG000BVPV84,BBG001S5PQL7,2025-09-30T06:05:29.844753127Z
AMZP,Kurv Yield Premium Strategy Amazon (AMZN) ETF,stocks,us,BATS,ETF,True,usd,0001848758,BBG01QY0H433,BBG01QY0H4Y9,2025-09-30T06:05:29.844753207Z
AMZU,Direxion Shares ETF Trust Direxion Daily AMZN Bull 2X Shares,stocks,us,XNAS,ETF,True,usd,BBG019HFXXC5,BBG019HFXY60,2025-09-30T06:05:29.844753417Z
AMZW,Roundhill AMZN WeeklyPay ETF,stocks,us,BATS,ETF,True,usd,BBG01VKF7GV7,BBG01VKF7HR0,2025-09-30T06:05:29.844753497Z
AMZY,YieldMax AMZN Option Income Strategy ETF,stocks,us,ARCX,ETS,True,usd,BBG01HMFFZL6,BBG01HMFG0L2,2025-09-30T06:05:29.844753628Z
AMZZ,GraniteShares 2x Long AMZN Daily ETF,stocks,us,XNAS,ETF,True,usd,0001689873,BBG01LNX9683,BBG01LNX97G2,2025-09-30T06:05:29.844753708Z
AN,"AutoNation, Inc.",stocks,us,XNYS,CS,True,usd,0000350698,BBG000BBXLW4,BBG001S5NQB0,2025-09-30T06:05:29.844753798Z
ANAB,"AnaptysBio, Inc. Common Stock",stocks,us,XNAS,CS,True,usd,0001370053,BBG0026ZDHR0,BBG0026ZDHT8,2025-09-30T06:05:29.844753878Z
ANDE,Andersons Inc/The,stocks,us,XNAS,CS,True,usd,0000821026,BBG000BF8CN3,BBG001S60FJ9,2025-09-30T06:05:29.844753958Z
ANEB,"Anebulo Pharmaceuticals, Inc. Common Stock",stocks,us,XNAS,CS,True,usd,0001815974,BBG00ZWY5GC8,BBG00ZWY5GD7,2025-09-30T06:05:29.844754038Z
ANEL,Defiance Daily Target 2x Long ANET ETF,stocks,us,XNAS,ETF,True,usd,BBG01X0Z5YK6,BBG01X0Z5ZH7,2025-09-30T06:05:29.844754139Z
ANET,Arista Networks,stocks,us,XNYS,CS,True,usd,0001596532,BBG000N2HDY5,BBG001T51KQ0,2025-09-30T06:05:29.844754219Z
ANEW,ProShares MSCI Transformational Changes ETF,stocks,us,ARCX,ETF,True,usd,0001174610,BBG00XTVWSW5,BBG00XTVWTQ0,2025-09-30T06:05:29.844754299Z
ANF,Abercrombie & Fitch Co.,stocks,us,XNYS,CS,True,usd,0001018840,BBG000H9G7X2,BBG001S97027,2025-09-30T06:05:29.844754379Z
ANGH,Anghami Inc. Ordinary Shares,stocks,us,XNAS,CS,True,usd,0001871983,2025-09-30T06:05:29.844754459Z
ANGHW,Anghami Inc. Warrants,stocks,us,XNAS,WARRANT,True,usd,0001871983,2025-09-30T06:05:29.844754569Z
ANGI,Angi Inc. Class A Common Stock,stocks,us,XNAS,CS,True,usd,0001705110,BBG00HVKH3Q0,BBG00HVKH4F0,2025-09-30T06:05:29.84475481Z
ANGL,VanEck Fallen Angel High Yield Bond ETF,stocks,us,XNAS,ETF,True,usd,0001137360,BBG002VZY764,BBG002VZY7Y3,2025-09-30T06:05:29.84475499Z
ANGO,"AngioDynamics, Inc.",stocks,us,XNAS,CS,True,usd,0001275187,BBG000BB5621,BBG001S5RPY3,2025-09-30T06:05:29.844755171Z
ANGX,"Angel Studios, Inc.",stocks,us,XNYS,CS,True,usd,0001865200,BBG013SVSHG8,BBG013SVSJB9,2025-09-30T06:05:29.844755351Z
ANGpB,"American National Group Inc.  Depositary Shares, each representing a 1/1, 000th interest in a share of 6.625% Fixed-Rate Reset Non-Cumulative Preferred Stock, Series B",stocks,us,XNYS,PFD,True,usd,0001039828,2025-09-30T06:05:29.844755581Z
ANGpD,"American National Group Inc. Depositary Shares, each representing a 1/1000th interest in a share of 7.375% Fixed-Rate Non-Cumulative Preferred Stock, Series D",stocks,us,XNYS,PFD,True,usd,0001039828,2025-09-30T06:05:29.844755672Z
ANIK,Anika Therapeutics Inc,stocks,us,XNAS,CS,True,usd,0000898437,BBG000BBKZD8,BBG001S609X7,2025-09-30T06:05:29.844755752Z
ANIP,"ANI Pharmaceuticals, Inc.",stocks,us,XNAS,CS,True,usd,0001023024,BBG000KK1L04,BBG001S9DR85,2025-09-30T06:05:29.844755832Z
ANIX,"Anixa Biosciences, Inc.",stocks,us,XNAS,CS,True,usd,0000715446,BBG000BG3J79,BBG001S5Q1P7,2025-09-30T06:05:29.844755982Z
ANL,Adlai Nortye Ltd. American Depositary Shares,stocks,us,XNAS,ADRC,True,usd,0001944552,BBG01HP11SV4,BBG01HP11TP9,2025-09-30T06:05:29.844756082Z
ANNA,"AleAnna, Inc. Class A Common Stock",stocks,us,XNAS,CS,True,usd,0001845123,BBG01R8ZDT05,BBG01R8ZDT14,2025-09-30T06:05:29.844756162Z
ANNAW,"AleAnna, Inc. Warrant",stocks,us,XNAS,WARRANT,True,usd,0001845123,BBG01R8ZPBY4,2025-09-30T06:05:29.844756243Z
ANNX,"Annexon, Inc. Common Stock",stocks,us,XNAS,CS,True,usd,0001528115,BBG007QVDFG2,BBG007QVDFH1,2025-09-30T06:05:29.844756323Z
ANPA,Rich Sparkle Holdings Limited Ordinary Shares,stocks,us,XNAS,CS,True,usd,0002031688,2025-09-30T06:05:29.844756403Z
ANRO,Alto Neuroscience Inc.,stocks,us,XNYS,CS,True,usd,0001999480,BBG00WYFS6R5,BBG00WYFS6S4,2025-09-30T06:05:29.844756483Z
ANSC,Agriculture & Natural Solutions Acquisition Corporation Class A Ordinary Shares,stocks,us,XNAS,CS,True,usd,0001854149,2025-09-30T06:05:29.844756563Z
ANSCU,Agriculture & Natural Solutions Acquisition Corporation Unit,stocks,us,XNAS,UNIT,True,usd,0001854149,2025-09-30T06:05:29.844756653Z
ANSCW,Agriculture & Natural Solutions Acquisition Corporation Warrant,stocks,us,XNAS,WARRANT,True,usd,0001854149,2025-09-30T06:05:29.844756734Z
ANTA,Antalpha Platform Holding Company Class A Ordinary Shares,stocks,us,XNAS,CS,True,usd,0002044255,2025-09-30T06:05:29.844756954Z
ANTX,"AN2 Therapeutics, Inc. Common Stock",stocks,us,XNAS,CS,True,usd,0001880438,BBG00QYLYBK4,BBG00QYLYBL3,2025-09-30T06:05:29.844757044Z
ANVS,"Annovis Bio, Inc.",stocks,us,XNYS,CS,True,usd,0001477845,BBG00PN9XD40,BBG00PN9XDJ4,2025-09-30T06:05:29.844757154Z
ANY,Sphere 3D Corp. Common Shares,stocks,us,XNAS,CS,True,usd,0001591956,BBG004Z3JRW1,BBG001T8QYM1,2025-09-30T06:05:29.844757245Z
AOA,iShares Core 80/20 Aggressive Allocation ETF,stocks,us,ARCX,ETF,True,usd,0000913414,BBG000KD8RP3,BBG001T3YVL0,2025-09-30T06:05:29.844757325Z
AOCT,Innovator Equity Defined Protection ETF - 2 Yr to October 2026,stocks,us,BATS,ETF,True,usd,0001415726,BBG01Q0RLZ64,BBG01Q0RM015,2025-09-30T06:05:29.844757405Z
AOD,abrdn Total Dynamic Dividend Fund,stocks,us,XNYS,FUND,True,usd,0001379400,BBG000QC34R3,BBG001SS0YX4,2025-09-30T06:05:29.844757485Z
AOHY,Angel Oak High Yield  Opportunities ETF,stocks,us,XNAS,ETF,True,usd,BBG01LCCJ3D1,BBG01LCCJ476,2025-09-30T06:05:29.844757575Z
AOK,iShares Core 30/70 Conservative Allocation ETF,stocks,us,ARCX,ETF,True,usd,0000913414,BBG000KD2X85,BBG001T3YTX2,2025-09-30T06:05:29.844757665Z
AOM,iShares Core 40/60 Moderate Allocation ETF,stocks,us,ARCX,ETF,True,usd,0001100663,BBG000KD5M13,BBG001T3YV21,2025-09-30T06:05:29.844757746Z
AOMD,"Angel Oak Mortgage REIT, Inc. 9.750% Senior Notes due 2030",stocks,us,XNYS,SP,True,usd,0001766478,2025-09-30T06:05:29.844757826Z
AOMN,"Angel Oak Mortgage REIT, Inc. 9.500% Senior Notes due 2029",stocks,us,XNYS,SP,True,usd,0001766478,2025-09-30T06:05:29.844757916Z
AOMR,"Angel Oak Mortgage REIT, Inc.",stocks,us,XNYS,CS,True,usd,0001766478,BBG0113S8MK2,BBG0113S8ND8,2025-09-30T06:05:29.844758287Z
AON,Aon plc Class A,stocks,us,XNYS,CS,True,usd,0000315293,2025-09-30T06:05:29.844758367Z
AOR,iShares Core 60/40 Balanced Allocation ETF,stocks,us,ARCX,ETF,True,usd,0000913414,BBG000KD76D3,BBG001T3YV58,2025-09-30T06:05:29.844758447Z
AORT,"Artivion, Inc.",stocks,us,XNYS,CS,True,usd,0000784199,BBG000BMLVJ6,BBG001SB3CB0,2025-09-30T06:05:29.844758537Z
AOS,A.O. Smith Corporation,stocks,us,XNYS,CS,True,usd,0000091142,BBG000BC1L02,BBG001S5NRY3,2025-09-30T06:05:29.844758747Z
AOSL,Alpha and Omega Semiconductor Limited,stocks,us,XNAS,CS,True,usd,0001387467,2025-09-30T06:05:29.844758838Z
AOTG,AOT Growth and Innovation ETF,stocks,us,XNAS,ETF,True,usd,BBG017PHCW68,BBG017PHCX11,2025-09-30T06:05:29.844758998Z
AOUT,"American Outdoor Brands, Inc. Common Stock",stocks,us,XNAS,CS,True,usd,0001808997,BBG00QV8FS02,BBG00QV8FS11,2025-09-30T06:05:29.844759088Z
AP,Ampco-Pittsburgh Corp.,stocks,us,XNYS,CS,True,usd,0000006176,BBG000BC20T6,BBG001S5NS08,2025-09-30T06:05:29.844759168Z
APA,APA Corporation Common Stock,stocks,us,XNAS,CS,True,usd,0001841666,BBG00YTS96G2,BBG00YTS96H1,2025-09-30T06:05:29.844759248Z
APAD,A Paradise Acquisition Corp. Class A Ordinary Shares,stocks,us,XNAS,CS,True,usd,0001956439,2025-09-30T06:05:29.844759329Z
APADR,A Paradise Acquisition Corp. Rights,stocks,us,XNAS,RIGHT,True,usd,0001956439,2025-09-30T06:05:29.844759409Z
APADU,A Paradise Acquisition Corp. Unit,stocks,us,XNAS,UNIT,True,usd,0001956439,2025-09-30T06:05:29.844759489Z
APAM,ARTISAN PARTNERS ASSET MANAGEMENT INC.,stocks,us,XNYS,CS,True,usd,0001517302,BBG001M6CZY1,BBG001V107T3,2025-09-30T06:05:29.844759569Z
APCB,ActivePassive Core Bond ETF,stocks,us,ARCX,ETF,True,usd,0001141819,BBG01GHCZHB0,BBG01GHCZJ53,2025-09-30T06:05:29.844759649Z
APD,"Air Products & Chemicals, Inc.",stocks,us,XNYS,CS,True,usd,0000002969,BBG000BC4JJ4,BBG001S5NSB6,2025-09-30T06:05:29.844759769Z
APDN,"Applied DNA Sciences, Inc.",stocks,us,XNAS,CS,True,usd,0000744452,BBG000DGRCY6,BBG001SDFYK5,2025-09-30T06:05:29.84475985Z
APED,STKd 100% MSTR & 100% COIN ETF,stocks,us,XNAS,ETF,True,usd,BBG01SJX1GK5,BBG01SJX1J83,2025-09-30T06:05:29.84475993Z
APEI,"American Public Education, Inc.",stocks,us,XNAS,CS,True,usd,0001201792,BBG000RVD346,BBG001SRS4S8,2025-09-30T06:05:29.84476001Z
APG,APi Group Corporation,stocks,us,XNYS,CS,True,usd,0001796209,BBG00HXKRGY9,BBG00HVV7984,2025-09-30T06:05:29.84476009Z
APGE,"Apogee Therapeutics, Inc. Common Stock",stocks,us,XNAS,CS,True,usd,0001974640,BBG01H51WYQ5,BBG01H51WZL7,2025-09-30T06:05:29.8447603Z
APH,Amphenol Corporation,stocks,us,XNYS,CS,True,usd,0000820313,BBG000B9YJ35,BBG001S5NSK6,2025-09-30T06:05:29.844760381Z
API,"Agora, Inc. American Depositary Shares",stocks,us,XNAS,ADRC,True,usd,0001802883,BBG00V9VKFB5,BBG00V9VKG50,2025-09-30T06:05:29.844760501Z
APIE,ActivePassive International Equity ETF,stocks,us,ARCX,ETF,True,usd,0001141819,BBG01GHDT638,BBG01GHDT6Z3,2025-09-30T06:05:29.844760591Z
APLD,Applied Digital Corporation Common Stock,stocks,us,XNAS,CS,True,usd,0001144879,BBG000DSJYS8,BBG001SK4K76,2025-09-30T06:05:29.844760671Z
APLE,"Apple Hospitality REIT, Inc.",stocks,us,XNYS,CS,True,usd,0001418121,BBG006473QX9,BBG006473QY8,2025-09-30T06:05:29.844760791Z
APLM,Apollomics Inc. Class A Ordinary Shares,stocks,us,XNAS,CS,True,usd,0001944885,2025-09-30T06:05:29.844760871Z
APLMW,Apollomics Inc. Warrant,stocks,us,XNAS,WARRANT,True,usd,0001944885,2025-09-30T06:05:29.844760952Z
APLS,"Apellis Pharmaceuticals, Inc. Common Stock",stocks,us,XNAS,CS,True,usd,0001492422,BBG007KGRPY4,BBG007KGRPZ3,2025-09-30T06:05:29.844761032Z
APLT,"Applied Therapeutics, Inc. Common Stock",stocks,us,XNAS,CS,True,usd,0001697532,BBG000DD0489,BBG001SMJMY2,2025-09-30T06:05:29.844761112Z
APLU,Allspring Core Plus ETF,stocks,us,ARCX,ETF,True,usd,BBG01R02P2S2,BBG01R02P3W5,2025-09-30T06:05:29.844761192Z
APLX,Tradr 2X Long APLD Daily ETF,stocks,us,BATS,ETF,True,usd,BBG01X4RKPH6,BBG01X4RKR28,2025-09-30T06:05:29.844761272Z
APLY,YieldMax AAPL Option Income Strategy ETF,stocks,us,ARCX,ETS,True,usd,BBG01FV8K8Y6,BBG01FV8K9V7,2025-09-30T06:05:29.844761352Z
APM,Aptorum Group Limited Class A Ordinary Shares,stocks,us,XNAS,CS,True,usd,0001734005,2025-09-30T06:05:29.844761433Z
APMU,ActivePassive Intermediate Municipal Bond ETF,stocks,us,ARCX,ETF,True,usd,0001141819,BBG01GHD8KY6,BBG01GHD8LS1,2025-09-30T06:05:29.844761513Z
APO,"Apollo Global Management, Inc.",stocks,us,XNYS,CS,True,usd,0001858681,BBG00ZNLTFK3,BBG00ZNLTFL2,2025-09-30T06:05:29.844761613Z
APOC,Innovator Equity Defined Protection ETF - 6mo Apr/Oct,stocks,us,BATS,ETF,True,usd,0001415726,BBG01Q0QS2S8,BBG01Q0QS4L1,2025-09-30T06:05:29.844761833Z
APOG,Apogee Enterprises Inc,stocks,us,XNAS,CS,True,usd,0000006845,BBG000BC6L61,BBG001S5NSY1,2025-09-30T06:05:29.844762024Z
APOS,"Apollo Global Management, Inc. 7.625% Fixed-Rate Resettable Junior Subordinated Notes due 2053",stocks,us,XNYS,SP,True,usd,0001858681,2025-09-30T06:05:29.844762104Z
APOpA,"Apollo Global Management, Inc. 6.75% Series A Mandatory Convertible Preferred Stock",stocks,us,XNYS,SP,True,usd,0001858681,2025-09-30T06:05:29.844762194Z
APP,Applovin Corporation Class A Common Stock,stocks,us,XNAS,CS,True,usd,0001751008,BBG006HFPX77,BBG006HFPX86,2025-09-30T06:05:29.844762274Z
APPF,"AppFolio, Inc. Class A",stocks,us,XNAS,CS,True,usd,0001433195,BBG008GC8CP6,BBG008GC8CS3,2025-09-30T06:05:29.844762354Z
APPN,Appian Corporation Class A Common Stock,stocks,us,XNAS,CS,True,usd,0001441683,BBG001C7PMJ2,BBG001TWHH63,2025-09-30T06:05:29.844762434Z
APPS,"Digital Turbine, Inc.",stocks,us,XNAS,CS,True,usd,0000317788,BBG000HZ3562,BBG001SPBG12,2025-09-30T06:05:29.844762525Z
APPX,Tradr 2X Long APP Daily ETF,stocks,us,XNAS,ETF,True,usd,BBG01TLQ6631,BBG01TLQ66Z6,2025-09-30T06:05:29.844762645Z
APRE,"Aprea Therapeutics, Inc. Common stock",stocks,us,XNAS,CS,True,usd,0001781983,BBG00Q6Q3K37,BBG00Q6Q3KV6,2025-09-30T06:05:29.844762725Z
APRH,Innovator Premium Income 20 Barrier ETF - April,stocks,us,BATS,ETF,True,usd,0001415726,BBG01G42JFZ2,BBG01G42JGW3,2025-09-30T06:05:29.844762805Z
APRJ,Innovator Premium Income 30 Barrier ETF - April,stocks,us,BATS,ETF,True,usd,0001415726,BBG01G42Y382,BBG01G42Y435,2025-09-30T06:05:29.844762885Z
APRP,PGIM S&P 500 Buffer 12 ETF - April,stocks,us,BATS,ETF,True,usd,BBG01M362VH4,BBG01M362WB8,2025-09-30T06:05:29.844762965Z
APRT,AllianzIM U.S. Large Cap Buffer10 Apr ETF,stocks,us,ARCX,ETS,True,usd,0001797318,BBG00V5MP3T2,BBG00V5MP4M7,2025-09-30T06:05:29.844763046Z
APRW,AllianzIM U.S. Large Cap Buffer20 Apr ETF,stocks,us,ARCX,ETS,True,usd,0001797318,BBG00V5MGGY7,BBG00V5MGHR3,2025-09-30T06:05:29.844763126Z
APRZ,TrueShares Structured Outcome (April) ETF,stocks,us,BATS,ETF,True,usd,0001776878,BBG01WJZK5V2,BBG01WJZK6S4,2025-09-30T06:05:29.844763206Z
APT,"Alpha Pro Tech, Ltd.",stocks,us,XASE,CS,True,usd,0000884269,BBG000C1H7Y2,BBG001S67MP0,2025-09-30T06:05:29.844763416Z
APTV,Aptiv PLC,stocks,us,XNYS,CS,True,usd,0001521332,2025-09-30T06:05:29.844763496Z
APUE,ActivePassive U.S. Equity ETF,stocks,us,ARCX,ETF,True,usd,0001141819,BBG01GHDLT90,BBG01GHDLV59,2025-09-30T06:05:29.844763627Z
APUS,"Apimeds Pharmaceuticals US, Inc.",stocks,us,XASE,CS,True,usd,0001894525,BBG01Q0T3D78,BBG01Q0T3FL7,2025-09-30T06:05:29.844763707Z
APVO,Aptevo Therapeutics Inc,stocks,us,XNAS,CS,True,usd,0001671584,BBG009RRZ8C2,BBG009RRZ8D1,2025-09-30T06:05:29.844763787Z
APWC,Asia Pacific Wire & Cable Corp,stocks,us,XNAS,CS,True,usd,0001026980,2025-09-30T06:05:29.844763867Z
APXM,FT Vest U.S. Equity Max Buffer ETF - April,stocks,us,BATS,ETF,True,usd,0001667919,BBG01TG24ZX5,BBG01TG250R8,2025-09-30T06:05:29.844763947Z
APYX,Apyx Medical Corporation Common Stock,stocks,us,XNAS,CS,True,usd,0000719135,BBG000F4B671,BBG001S9F304,2025-09-30T06:05:29.844764028Z
AQB,"AquaBounty Technologies, Inc.",stocks,us,XNAS,CS,True,usd,0001603978,BBG00FQB2FM3,BBG007HWZ845,2025-09-30T06:05:29.844764118Z
AQLT,iShares MSCI Global Quality Factor ETF,stocks,us,BATS,ETF,True,usd,0001100663,BBG01R38HHD8,BBG01R38HJN3,2025-09-30T06:05:29.844764208Z
AQMS,"Aqua Metals, Inc. Common Stock",stocks,us,XNAS,CS,True,usd,0001621832,BBG009CQH0P3,BBG009CQH0Q2,2025-09-30T06:05:29.844764288Z
AQN,Algonquin Power & Utilities Corp,stocks,us,XNYS,CS,True,usd,0001174169,BBG000G28WZ0,BBG001S8LHC5,2025-09-30T06:05:29.844764368Z
AQNB,"Algonquin Power & Utilities Corp. 6.20% Fixed-to-Floating Subordinated Notes Series 2019-A due July 1, 2079",stocks,us,XNYS,SP,True,usd,0001174169,2025-09-30T06:05:29.844764448Z
AQST,"Aquestive Therapeutics, Inc. Common Stock",stocks,us,XNAS,CS,True,usd,0001398733,BBG00L9HP0Z0,BBG00L9HP1R7,2025-09-30T06:05:29.844764528Z
AQWA,Global X Clean Water ETF,stocks,us,XNAS,ETF,True,usd,0001432353,BBG00ZYYP7Z9,BBG00ZYYP8T4,2025-09-30T06:05:29.844764609Z
AR,ANTERO RESOURCES CORPORATION,stocks,us,XNYS,CS,True,usd,0001433270,BBG000PW5VX1,BBG001T61KH8,2025-09-30T06:05:29.844764689Z
ARAI,Arrive AI Inc. Common Stock,stocks,us,XNAS,CS,True,usd,0001818274,BBG01RK67W78,BBG01RK67X21,2025-09-30T06:05:29.844764939Z
ARAY,Accuray Incorporated,stocks,us,XNAS,CS,True,usd,0001138723,BBG000QNRY51,BBG001SFHKJ0,2025-09-30T06:05:29.844765019Z
ARB,AltShares Merger Arbitrage ETF,stocks,us,ARCX,ETF,True,usd,0001779306,BBG00S7NVQL5,BBG00S7NVRB4,2025-09-30T06:05:29.84476516Z
ARBB,ARB IOT Group Limited Ordinary Shares,stocks,us,XNAS,CS,True,usd,0001930179,2025-09-30T06:05:29.84476524Z
ARBE,Arbe Robotics Ltd. Ordinary Shares,stocks,us,XNAS,CS,True,usd,0001861841,2025-09-30T06:05:29.84476532Z
ARBEW,Arbe Robotics Ltd. Warrant,stocks,us,XNAS,WARRANT,True,usd,0001861841,2025-09-30T06:05:29.8447654Z
ARBK,Argo Blockchain plc American Depositary Shares,stocks,us,XNAS,ADRC,True,usd,0001841675,BBG0127RP0J9,BBG0127RP1C4,2025-09-30T06:05:29.84476549Z
ARBKL,Argo Blockchain plc 8.75% Senior Notes due 2026,stocks,us,XNAS,CS,True,usd,0001841675,2025-09-30T06:05:29.84476557Z
ARCB,ArcBest Corporation,stocks,us,XNAS,CS,True,usd,0000894405,BBG000C1PFY5,BBG001S686R2,2025-09-30T06:05:29.844765651Z
ARCC,Ares Capital Corporation,stocks,us,XNAS,CS,True,usd,0001287750,BBG000PD6X77,BBG001SL96Z9,2025-09-30T06:05:29.844765731Z
ARCM,Arrow Reserve Capital Management ETF,stocks,us,BATS,ETF,True,usd,BBG00GBV8NN9,BBG00GBV8PC6,2025-09-30T06:05:29.844766091Z
ARCO,ARCOS DORADOS HOLDINGS INC.,stocks,us,XNYS,CS,True,usd,0001508478,2025-09-30T06:05:29.844766202Z
ARCT,Arcturus Therapeutics Holdings Inc. Common Stock,stocks,us,XNAS,CS,True,usd,0001768224,BBG00NNW8JK1,BBG00NNW8JL0,2025-09-30T06:05:29.844766282Z
ARCX,Tradr 2X Long ACHR Daily ETF,stocks,us,BATS,ETF,True,usd,BBG01VCYLC20,BBG01VCYLD73,2025-09-30T06:05:29.844766362Z
ARDC,"ARES DYNAMIC CREDIT ALLOCATION FUND, INC.",stocks,us,XNYS,FUND,True,usd,0001515324,BBG001LJH325,BBG001V0WD35,2025-09-30T06:05:29.844766442Z
ARDT,"Ardent Health, Inc.",stocks,us,XNYS,CS,True,usd,0001756655,BBG00DM203B3,BBG00DM203C2,2025-09-30T06:05:29.844766522Z
ARDX,"Ardelyx, Inc.",stocks,us,XNAS,CS,True,usd,0001437402,BBG001WH4DQ3,BBG001WH4F33,2025-09-30T06:05:29.844766743Z
ARE,"Alexandria Real Estate Equities, Inc.",stocks,us,XNYS,CS,True,usd,0001035443,BBG000BC33T9,BBG001S6CPH6,2025-09-30T06:05:29.844766943Z
AREA,Harbor AlphaEdge Next Generation REITs ETF,stocks,us,ARCX,ETF,True,usd,0001860434,BBG01PBVL400,BBG01PBVL516,2025-09-30T06:05:29.844767023Z
AREB,"American Rebel Holdings, Inc. Common Stock",stocks,us,XNAS,CS,True,usd,0001648087,BBG009R1VQJ6,BBG009R1VQK4,2025-09-30T06:05:29.844767113Z
AREBW,"American Rebel Holdings, Inc. Warrants",stocks,us,XNAS,WARRANT,True,usd,0001648087,BBG014QZN9T8,2025-09-30T06:05:29.844767204Z
AREC,AMERICAN RESOURCES CORP,stocks,us,XNAS,CS,True,usd,0001590715,BBG005VQ4CM1,BBG005VQ4CN0,2025-09-30T06:05:29.844767284Z
AREN,"The Arena Group Holdings, Inc.",stocks,us,XASE,CS,True,usd,0000894871,BBG000HPKKH0,BBG001S9BDW1,2025-09-30T06:05:29.844767364Z
ARES,Ares Management Corporation Class A Common Stock,stocks,us,XNYS,CS,True,usd,0001176948,BBG0068KVV91,BBG0068KVVC7,2025-09-30T06:05:29.844767444Z
ARESpB,Ares Management Corporation 6.75% Series B Mandatory Convertible Preferred Stock,stocks,us,XNYS,SP,True,usd,0001176948,2025-09-30T06:05:29.844767544Z
ARGT,Global X MSCI Argentina ETF,stocks,us,ARCX,ETF,True,usd,0001432353,BBG001K93GS6,BBG001V0LJT6,2025-09-30T06:05:29.844767634Z
ARGX,argenx SE American Depositary Shares,stocks,us,XNAS,ADRC,True,usd,0001697862,BBG00GHB88X9,BBG00GHB88Y8,2025-09-30T06:05:29.844768015Z
ARHS,"Arhaus, Inc. Class A Common Stock",stocks,us,XNAS,CS,True,usd,0001875444,BBG012TKHZ11,BBG012TKHZW7,2025-09-30T06:05:29.844768105Z
ARI,"APOLLO COMMERCIAL REAL ESTATE FINANCE, INC.",stocks,us,XNYS,CS,True,usd,0001467760,BBG000NFPF36,BBG001T55FJ5,2025-09-30T06:05:29.844768185Z
ARIS,"Aris Water Solutions, Inc.",stocks,us,XNYS,CS,True,usd,0001865187,BBG012PPXMR7,BBG012PPXNM0,2025-09-30T06:05:29.844768276Z
ARKB,ARK 21Shares Bitcoin ETF,stocks,us,BATS,ETF,True,usd,0001869699,BBG01KY6DWQ0,BBG01KY6DXL3,2025-09-30T06:05:29.844768476Z
ARKF,ARK Fintech Innovation ETF,stocks,us,BATS,ETF,True,usd,0001697748,BBG00N7YFK60,BBG00N7YFKY9,2025-09-30T06:05:29.844768596Z
ARKG,ARK Genomic Revolution ETF,stocks,us,BATS,ETF,True,usd,0001697748,BBG007FJPCB0,BBG007FJPCC9,2025-09-30T06:05:29.844768807Z
ARKK,ARK Innovation ETF,stocks,us,BATS,ETF,True,usd,0001697748,BBG007FJMV58,BBG007FJMV49,2025-09-30T06:05:29.844769017Z
ARKO,ARKO Corp. Common Stock,stocks,us,XNAS,CS,True,usd,0001823794,BBG00YD8K411,BBG00YD8K420,2025-09-30T06:05:29.844769097Z
ARKOW,ARKO Corp. Warrant,stocks,us,XNAS,WARRANT,True,usd,0001823794,BBG00YFJ1LY2,2025-09-30T06:05:29.844769177Z
ARKQ,ARK Autonomous Technology & Robotics ETF,stocks,us,BATS,ETF,True,usd,0001697748,BBG0077Q7038,BBG0077Q7047,2025-09-30T06:05:29.844769257Z
ARKR,Ark Restaurants Corp,stocks,us,XNAS,CS,True,usd,0000779544,BBG000DMMH86,BBG001S8F0L9,2025-09-30T06:05:29.844769348Z
ARKW,ARK Next Generation Internet ETF,stocks,us,BATS,ETF,True,usd,0001697748,BBG0077Q7LF9,BBG0077Q7LG8,2025-09-30T06:05:29.844769428Z
ARKX,ARK Space Exploration & Innovation ETF,stocks,us,BATS,ETF,True,usd,0001697748,BBG00ZV1N0C6,BBG00ZV1N161,2025-09-30T06:05:29.844769508Z
ARL,"American Realty Investors, Inc.",stocks,us,XNYS,CS,True,usd,0001102238,BBG000C1RRF8,BBG001SFRR04,2025-09-30T06:05:29.844769598Z
ARLO,"Arlo Technologies, Inc.",stocks,us,XNYS,CS,True,usd,0001736946,BBG00K88DTH3,BBG00K88DTJ1,2025-09-30T06:05:29.844769688Z
ARLP,Alliance Resource Partners LP,stocks,us,XNAS,CS,True,usd,0001086600,BBG000C14X88,BBG001SD52Y1,2025-09-30T06:05:29.844769768Z
ARLU,AllianzIM U.S. Equity Buffer15 Uncapped Apr ETF,stocks,us,BATS,ETF,True,usd,0001797318,BBG01M371GT3,BBG01M371HP5,2025-09-30T06:05:29.844769849Z
ARM,Arm Holdings plc American Depositary Shares,stocks,us,XNAS,ADRC,True,usd,0001973239,BBG01J1GXZF0,BBG01J1GY084,2025-09-30T06:05:29.844769929Z
ARMG,Leverage Shares 2X Long ARM Daily ETF,stocks,us,XNAS,ETF,True,usd,0001976322,BBG01RQ6WKX1,BBG01RQ6WLS5,2025-09-30T06:05:29.844770009Z
ARMH,Arm Holdings PLC ADRhedged,stocks,us,ARCX,ETS,True,usd,BBG01SR0G376,BBG01SR0G429,2025-09-30T06:05:29.844770089Z
ARMK,ARAMARK,stocks,us,XNYS,CS,True,usd,0001584509,BBG001KY4N87,BBG001V0NR70,2025-09-30T06:05:29.844770179Z
ARMN,Aris Mining Corporation,stocks,us,XASE,CS,True,usd,0001964504,BBG000K0VQL1,BBG001S75835,2025-09-30T06:05:29.84477041Z
ARMP,"Armata Pharmaceuticals, Inc. Common Stock",stocks,us,XASE,CS,True,usd,0000921114,BBG000BD7CF8,BBG001S5WNR0,2025-09-30T06:05:29.84477049Z
ARMU,T-REX 2X Long ARM Daily Target ETF,stocks,us,BATS,ETF,True,usd,BBG01SGMKBV0,BBG01SGMKCR3,2025-09-30T06:05:29.84477063Z
AROC,Archrock Inc,stocks,us,XNYS,CS,True,usd,0001389050,BBG000RWH1V4,BBG001SVDK72,2025-09-30T06:05:29.84477071Z
AROW,Arrow Financial Corp,stocks,us,XNAS,CS,True,usd,0000717538,BBG000BCBS51,BBG001S5NV83,2025-09-30T06:05:29.84477079Z
ARP,PMV Adaptive Risk Parity ETF,stocks,us,ARCX,ETF,True,usd,BBG01C17LTH0,BBG01C17LVB1,2025-09-30T06:05:29.844770871Z
ARQ,"Arq, Inc. Common Stock",stocks,us,XNAS,CS,True,usd,0001515156,BBG000JFNL85,BBG001S7XN59,2025-09-30T06:05:29.844770951Z
ARQQ,Arqit Quantum Inc. Ordinary Shares,stocks,us,XNAS,CS,True,usd,0001859690,2025-09-30T06:05:29.844771031Z
ARQQW,Arqit Quantum Inc. Warrants,stocks,us,XNAS,WARRANT,True,usd,0001859690,2025-09-30T06:05:29.844771121Z
ARQT,"Arcutis Biotherapeutics, Inc. Common Stock",stocks,us,XNAS,CS,True,usd,0001787306,BBG00QN8K4M4,BBG00QN8K4P1,2025-09-30T06:05:29.844771201Z
ARR,"ARMOUR Residential REIT, Inc.",stocks,us,XNYS,CS,True,usd,0001428205,BBG000PRZNN8,BBG001SRBTG4,2025-09-30T06:05:29.844771281Z
ARRY,"Array Technologies, Inc. Common Stock",stocks,us,XNAS,CS,True,usd,0001820721,BBG001V4SF46,BBG002MX7TQ9,2025-09-30T06:05:29.844771361Z
ARRpC,"ARMOUR Residential REIT, Inc. 7.00% Series C Cumulative Redeemable Preferred Stock",stocks,us,XNYS,PFD,True,usd,0001428205,2025-09-30T06:05:29.844771442Z
ARTL,"Artelo Biosciences, Inc. Common Stock",stocks,us,XNAS,CS,True,usd,0001621221,BBG00793XCW0,BBG00793XCX9,2025-09-30T06:05:29.844771522Z
ARTNA,Artesian Resources Corp,stocks,us,XNAS,CS,True,usd,0000863110,BBG000BG1811,BBG001S7MLX4,2025-09-30T06:05:29.844771602Z
ARTV,"Artiva Biotherapeutics, Inc. Common Stock",stocks,us,XNAS,CS,True,usd,0001817241,BBG00VPZJ0F9,BBG00VPZJ0G8,2025-09-30T06:05:29.844771692Z
ARTW,Arts-Way Manufacturing Co Inc,stocks,us,XNAS,CS,True,usd,0000007623,BBG000BCCR52,BBG001S5NVL8,2025-09-30T06:05:29.844771933Z
ARTY,iShares Future AI & Tech ETF,stocks,us,ARCX,ETF,True,usd,0001100663,BBG00L9G3TC8,BBG00L9G3V33,2025-09-30T06:05:29.844772023Z
ARVN,"Arvinas, Inc",stocks,us,XNAS,CS,True,usd,0001655759,BBG00LW7YK82,BBG00LW7YL08,2025-09-30T06:05:29.844772133Z
ARVR,First Trust Indxx Metaverse ETF,stocks,us,XNAS,ETF,True,usd,0001125816,BBG015P0XN84,BBG015P0XP34,2025-09-30T06:05:29.844772213Z
ARW,"Arrow Electronics, Inc.",stocks,us,XNYS,CS,True,usd,0000007536,BBG000BCD3D5,BBG001S5NVP4,2025-09-30T06:05:29.844772293Z
ARWR,Arrowhead Research Corporation,stocks,us,XNAS,CS,True,usd,0000879407,BBG000BRVKH0,BBG001SGT8G5,2025-09-30T06:05:29.844772373Z
ARX,Accelerant Holdings,stocks,us,XNYS,CS,True,usd,0001997350,2025-09-30T06:05:29.844772454Z
AS,"Amer Sports, Inc.",stocks,us,XNYS,CS,True,usd,0001988894,2025-09-30T06:05:29.844772544Z
ASA,ASA GOLD AND PRECIOUS METALS LIMITED,stocks,us,XNYS,FUND,True,usd,0001230869,2025-09-30T06:05:29.844772624Z
ASAN,"Asana, Inc. Class A Common Stock",stocks,us,XNYS,CS,True,usd,0001477720,BBG00WYHL732,BBG00WYHL741,2025-09-30T06:05:29.844772704Z
ASB,Associated Banc-Corp,stocks,us,XNYS,CS,True,usd,0000007789,BBG000BCFQC3,BBG001S5NVZ3,2025-09-30T06:05:29.844772784Z
ASBA,Associated Banc-Corp 6.625% Fixed-Rate Reset Subordinated Notes due 2033,stocks,us,XNYS,SP,True,usd,0000007789,2025-09-30T06:05:29.844772864Z
ASBP,"Aspire Biopharma Holdings, Inc. Common Stock",stocks,us,XNAS,CS,True,usd,0001847345,BBG015STV133,BBG015STV142,2025-09-30T06:05:29.844772955Z
ASBPW,"Aspire Biopharma Holdings, Inc. Warrant",stocks,us,XNAS,WARRANT,True,usd,0001847345,BBG016PH81D5,2025-09-30T06:05:29.844773035Z
ASBpE,"Associated Banc-Corp Depositary Shares, each representing a 1/40th interest in a share of 5.875% Non-Cumulative Perpetual Preferred Stock, Series E",stocks,us,XNYS,PFD,True,usd,0000007789,2025-09-30T06:05:29.844773245Z
ASBpF,"Associated Banc-Corp Depositary Shares, each representing a 1/40th interest in a share of Associated Banc-Corp 5. 625% Non-Cumulative Perpetual Preferred Stock, Series F",stocks,us,XNYS,PFD,True,usd,0000007789,2025-09-30T06:05:29.844773325Z
ASC,ARDMORE SHIPPING CORPORATION,stocks,us,XNYS,CS,True,usd,0001577437,2025-09-30T06:05:29.844773405Z
ASCE,Allspring SMID Core ETF,stocks,us,ARCX,ETF,True,usd,BBG01VBLZXD6,BBG01VBLZYD4,2025-09-30T06:05:29.844773486Z
ASEA,Global X FTSE Southeast Asia ETF,stocks,us,ARCX,ETF,True,usd,0001432353,BBG001J4CVC3,BBG001V0GHG0,2025-09-30T06:05:29.844773896Z
ASET,FlexShares Real Assets Allocation Index Fund,stocks,us,XNAS,ETF,True,usd,0001491978,BBG00BH8YN56,BBG00BH8YN65,2025-09-30T06:05:29.844773976Z
ASG,LIBERTY ALL-STAR GROWTH FD,stocks,us,XNYS,FUND,True,usd,0000786035,BBG000DQH311,BBG001S8MP72,2025-09-30T06:05:29.844774067Z
ASGI,abrdn Global Infrastructure Income Fund,stocks,us,XNYS,FUND,True,usd,0001793855,BBG00VQRLFQ8,BBG00VQRLH39,2025-09-30T06:05:29.844774147Z
ASGM,Virtus AlphaSimplex Global Macro ETF,stocks,us,ARCX,ETF,True,usd,0001648403,BBG01W92SSN7,BBG01W92SV23,2025-09-30T06:05:29.844774227Z
ASGN,ASGN Incorporated,stocks,us,XNYS,CS,True,usd,0000890564,BBG000CRN8N8,BBG001S71HP5,2025-09-30T06:05:29.844774307Z
ASH,Ashland Inc.,stocks,us,XNYS,CS,True,usd,0001674862,BBG00D0Y81M1,BBG00D0Y81N0,2025-09-30T06:05:29.844774387Z
ASHR,Xtrackers Harvest CSI 300 China A-Shares ETF,stocks,us,ARCX,ETF,True,usd,0001503123,BBG005HJL923,BBG005HJL932,2025-09-30T06:05:29.844774467Z
ASHS,Xtrackers Harvest CSI 500 China A-Shares Small Cap ETF,stocks,us,ARCX,ETF,True,usd,0001503123,BBG006H1P0Q9,BBG006H1P0P0,2025-09-30T06:05:29.844774548Z
ASIA,Matthews Pacific Tiger Active ETF,stocks,us,ARCX,ETF,True,usd,BBG01JFJDTM7,BBG01JFJDVJ6,2025-09-30T06:05:29.844774628Z
ASIC,Ategrity Specialty Insurance Company Holdings,stocks,us,XNYS,CS,True,usd,0002040491,BBG01T25HLT5,BBG01T25HMP7,2025-09-30T06:05:29.844774708Z
ASIX,AdvanSix Inc.,stocks,us,XNYS,CS,True,usd,0001673985,BBG00CWTTQ41,BBG00CWTTQ32,2025-09-30T06:05:29.844774798Z
ASLE,AerSale Corporation Common Stock,stocks,us,XNAS,CS,True,usd,0001754170,BBG00R28X833,BBG00R28X851,2025-09-30T06:05:29.844774878Z
ASLV,Allspring Special Large Value ETF,stocks,us,ARCX,ETF,True,usd,BBG01SXNZNR2,BBG01SXNZPM2,2025-09-30T06:05:29.844774958Z
ASM,Avino Silver & Gold Mines Ltd. (Canada),stocks,us,XASE,CS,True,usd,0000316888,BBG000BMTLV6,BBG001SB77V5,2025-09-30T06:05:29.844775169Z
ASMB,"Assembly Biosciences, Inc",stocks,us,XNAS,CS,True,usd,0001426800,BBG000R62Q06,BBG001T9BMW0,2025-09-30T06:05:29.844775249Z
ASMF,Virtus AlphaSimplex Managed Futures ETF,stocks,us,ARCX,ETF,True,usd,0001648403,BBG01MT26WQ9,BBG01MT26XM1,2025-09-30T06:05:29.844775369Z
ASMG,Leverage Shares 2X Long ASML Daily ETF,stocks,us,XNAS,ETF,True,usd,0001976322,BBG01RQ6ZBC1,BBG01RQ6ZC75,2025-09-30T06:05:29.844775449Z
ASMH,ASML Holding NV ADRhedged,stocks,us,ARCX,ETS,True,usd,BBG01SR1H0L3,BBG01SR1H257,2025-09-30T06:05:29.844775529Z
ASML,ASML Holding NV,stocks,us,XNAS,ADRC,True,usd,0000937966,2025-09-30T06:05:29.84477582Z
ASND,Ascendis Pharma A/S American Depositary Shares,stocks,us,XNAS,ADRC,True,usd,0001612042,BBG007R7VNC1,BBG007R7VP72,2025-09-30T06:05:29.8447759Z
ASNS,"Actelis Networks, Inc. Common Stock",stocks,us,XNAS,CS,True,usd,0001141284,BBG000RNR4H3,BBG001SV9CJ2,2025-09-30T06:05:29.84477598Z
ASO,"Academy Sports and Outdoors, Inc.",stocks,us,XNAS,CS,True,usd,0001817358,BBG00X7L1C14,BBG00X7L1CW0,2025-09-30T06:05:29.84477607Z
ASPC,A SPAC III Acquisition Corp. Class A Ordinary Shares,stocks,us,XNAS,CS,True,usd,0001890361,2025-09-30T06:05:29.844776151Z
ASPCR,A SPAC III Acquisition Corp. Right,stocks,us,XNAS,RIGHT,True,usd,0001890361,2025-09-30T06:05:29.844776231Z
ASPCU,A SPAC III Acquisition Corp. Unit,stocks,us,XNAS,UNIT,True,usd,0001890361,2025-09-30T06:05:29.844776311Z
ASPI,ASP Isotopes Inc. Common Stock,stocks,us,XNAS,CS,True,usd,0001921865,BBG013Y062J3,BBG013Y062L0,2025-09-30T06:05:29.844776391Z
ASPN,"Aspen Aerogels, Inc.",stocks,us,XNYS,CS,True,usd,0001145986,BBG001S58GW6,BBG001SJZK39,2025-09-30T06:05:29.844776471Z
ASPS,Altisource Portfolio Solutions S.A.,stocks,us,XNAS,CS,True,usd,0001462418,2025-09-30T06:05:29.844776551Z
ASPSW,Altisource Portfolio Solutions S.A. Net Settle Stakeholder Warrants,stocks,us,XNAS,WARRANT,True,usd,0001462418,2025-09-30T06:05:29.844776632Z
ASPSZ,Altisource Portfolio Solutions S.A. Cash Exercise Stakeholder Warrants,stocks,us,XNAS,WARRANT,True,usd,0001462418,2025-09-30T06:05:29.844776852Z
ASR,"Grupo Aeroportuario del Sureste, S.A. de C.V. American Depositary Shares",stocks,us,XNYS,ADRC,True,usd,0001123452,BBG000B9XWX4,BBG001S5NWT8,2025-09-30T06:05:29.844776932Z
ASRT,"Assertio Holdings, Inc. Common Stock",stocks,us,XNAS,CS,True,usd,0001808665,BBG00T442DS2,BBG00T442DT1,2025-09-30T06:05:29.844777042Z
ASRV,AmeriServ Financial Inc,stocks,us,XNAS,CS,True,usd,0000707605,BBG000H0X129,BBG001SD3BP3,2025-09-30T06:05:29.844777122Z
ASST,"Strive, Inc. Class A Common Stock",stocks,us,XNAS,CS,True,usd,0001920406,BBG019HGLML0,BBG019HGLNF5,2025-09-30T06:05:29.844777213Z
ASTC,Astrotech Corporation (DE) Common Stock,stocks,us,XNAS,CS,True,usd,0001001907,BBG000FNC0Z0,BBG001S8LVC4,2025-09-30T06:05:29.844777293Z
ASTE,Astec Industries Inc,stocks,us,XNAS,CS,True,usd,0000792987,BBG000BCHZL1,BBG001S5NWY2,2025-09-30T06:05:29.844777373Z
ASTH,Astrana Health Inc. Common Stock,stocks,us,XNAS,CS,True,usd,0001083446,BBG000H7ZK57,BBG001S96MS2,2025-09-30T06:05:29.844777453Z
ASTI,"Ascent Solar Technologies, Inc. Common Stock",stocks,us,XNAS,CS,True,usd,0001350102,BBG000PT5SS1,BBG001SRD9B1,2025-09-30T06:05:29.844777533Z
ASTL,Algoma Steel Group Inc. Common Shares,stocks,us,XNAS,CS,True,usd,0001860805,BBG012NKXTD0,BBG012NKXV72,2025-09-30T06:05:29.844777613Z
ASTLW,Algoma Steel Group Inc. Warrant,stocks,us,XNAS,WARRANT,True,usd,0001860805,BBG0133BZQ71,2025-09-30T06:05:29.844777694Z
ASTS,"AST SpaceMobile, Inc. Class A Common Stock",stocks,us,XNAS,CS,True,usd,0001780312,BBG00Q402TR2,BBG00Q402TS1,2025-09-30T06:05:29.844777784Z
ASTX,Tradr 2X Long ASTS Daily ETF,stocks,us,BATS,ETF,True,usd,BBG01VXQQFV0,BBG01VXQQH82,2025-09-30T06:05:29.844777864Z
ASUR,"Asure Software, Inc",stocks,us,XNAS,CS,True,usd,0000884144,BBG000JT96H4,BBG001S9KQ61,2025-09-30T06:05:29.844777954Z
ASX,"ASE Technology Holding Co., Ltd.",stocks,us,XNYS,ADRC,True,usd,0001122411,BBG00KLHL9W6,BBG00KLHLBL3,2025-09-30T06:05:29.844778034Z
ASYS,Amtech Systems Inc,stocks,us,XNAS,CS,True,usd,0000720500,BBG000BCJDW6,BBG001S5NX89,2025-09-30T06:05:29.844778114Z
ATAI,ATAI Life Sciences N.V. Common Shares,stocks,us,XNAS,CS,True,usd,0001840904,2025-09-30T06:05:29.844778315Z
ATAT,Atour Lifestyle Holdings Limited American Depositary Shares,stocks,us,XNAS,ADRC,True,usd,0001853717,BBG011C6KJG8,BBG011C6KK93,2025-09-30T06:05:29.844778395Z
ATCH,"AtlasClear Holdings, Inc.",stocks,us,XASE,CS,True,usd,0001963088,BBG01GN7L7Y6,BBG01GN7L7Z5,2025-09-30T06:05:29.844778515Z
ATCOpH,Atlas Corp. 7.875% Cumulative Redeemable Perpetual Preferred Shares - Series H,stocks,us,XNYS,PFD,True,usd,0001794846,2025-09-30T06:05:29.844778595Z
ATEC,"Alphatec Holdings, Inc.",stocks,us,XNAS,CS,True,usd,0001350653,BBG000BBM7Y5,BBG001S64XQ8,2025-09-30T06:05:29.844778675Z
ATEN,A10 NETWORKS INC,stocks,us,XNYS,CS,True,usd,0001580808,BBG0060K22C1,BBG0060K22D0,2025-09-30T06:05:29.844778756Z
ATER,"Aterian, Inc. Common Stock",stocks,us,XNAS,CS,True,usd,0001757715,BBG00P4JBS95,BBG00P4JBT11,2025-09-30T06:05:29.844778846Z
ATEX,Anterix Inc. Common Stock,stocks,us,XNAS,CS,True,usd,0001304492,BBG0081NLHR0,BBG0081NLJH7,2025-09-30T06:05:29.844779577Z
ATFV,Alger 35 ETF,stocks,us,ARCX,ETF,True,usd,0001807486,BBG0106Y4324,BBG0106Y43Y9,2025-09-30T06:05:29.844779798Z
ATGE,Adtalem Global Education Inc. Common Shares,stocks,us,XNYS,CS,True,usd,0000730464,BBG000DQBZJ7,BBG001S8M5S3,2025-09-30T06:05:29.844779878Z
ATGL,Alpha Technology Group Limited Class A Ordinary Shares,stocks,us,XNAS,CS,True,usd,0001967621,2025-09-30T06:05:29.844779988Z
ATHA,"Athira Pharma, Inc. Common Stock",stocks,us,XNAS,CS,True,usd,0001620463,BBG00C77LX40,BBG00C77LXM0,2025-09-30T06:05:29.844780078Z
ATHE,Alterity Therapeutics Limited American Depositary Shares,stocks,us,XNAS,ADRC,True,usd,0001131343,BBG000DK9TP0,BBG001SHP8H6,2025-09-30T06:05:29.844780289Z
ATHM,"Autohome Inc. American Depositary Shares, each representing four Class A Ordinary Shares",stocks,us,XNYS,ADRC,True,usd,0001527636,BBG005JYTDQ5,BBG005JYTDP6,2025-09-30T06:05:29.844780369Z
ATHR,"Aether Holdings, Inc. Common Stock",stocks,us,XNAS,CS,True,usd,0002026353,BBG01RK1GGC8,BBG01RK1GH72,2025-09-30T06:05:29.844780499Z
ATHS,Athene Holding Ltd. 7.250% Fixed-Rate Reset Junior Subordinated Debentures due 2064,stocks,us,XNYS,SP,True,usd,0001527469,2025-09-30T06:05:29.844780579Z
ATHpA,"Athene Holding Ltd. Depositary Shares, Each Representing a 1/1,000th Interest in a 6.35% Fixed-to-Floating Rate Perpetual Non-Cumulative Preference Share, Series A",stocks,us,XNYS,PFD,True,usd,0001527469,2025-09-30T06:05:29.844780669Z
ATHpB,"Athene Holding Ltd. Depositary Shares, Each Representing a 1/1,000th Interest in a 5.625% Fixed Rate Perpetual Non- Cumulative Preference Share, Series B, par value $1.00 per share",stocks,us,XNYS,PFD,True,usd,0001527469,2025-09-30T06:05:29.844780749Z
ATHpD,"Athene Holding Ltd. Depositary Shares, Each Representing a 1/1,000th Interest in a 4.875% Fixed-Rate Perpetual Non-Cumulative Preference Share, Series D",stocks,us,XNYS,PFD,True,usd,0001527469,2025-09-30T06:05:29.84478083Z
ATHpE,"Athene Holding Ltd. Depositary Shares, Each Representing a 1/1,000th Interest in a 7.750% Fixed-Rate Reset Perpetual Non-Cumulative Preference Share, Series E",stocks,us,XNYS,PFD,True,usd,0001527469,2025-09-30T06:05:29.84478092Z
ATI,ATI Inc.,stocks,us,XNYS,CS,True,usd,0001018963,BBG000LC1FS4,BBG001S8WY72,2025-09-30T06:05:29.84478101Z
ATII,Archimedes Tech SPAC Partners II Co. Ordinary Shares,stocks,us,XNAS,CS,True,usd,0002028516,2025-09-30T06:05:29.84478109Z
ATIIU,Archimedes Tech SPAC Partners II Co. Unit,stocks,us,XNAS,UNIT,True,usd,0002028516,2025-09-30T06:05:29.84478117Z
ATIIW,Archimedes Tech SPAC Partners II Co. Warrant,stocks,us,XNAS,WARRANT,True,usd,0002028516,2025-09-30T06:05:29.84478125Z
ATKR,Atkore Inc.,stocks,us,XNYS,CS,True,usd,0001666138,BBG000QTFDQ4,BBG001T8LDZ8,2025-09-30T06:05:29.844781471Z
ATLC,Atlanticus Holdings Corporation,stocks,us,XNAS,CS,True,usd,0001464343,BBG000C6TLC1,BBG001SC0HS2,2025-09-30T06:05:29.844781661Z
ATLCL,Atlanticus Holdings Corporation 6.125% Senior Notes due 2026,stocks,us,XNAS,CS,True,usd,0001464343,2025-09-30T06:05:29.844781741Z
ATLCP,"Atlanticus Holdings Corporation 7.625% Series B Cumulative Perpetual Preferred Stock, no par value per share",stocks,us,XNAS,PFD,True,usd,0001464343,2025-09-30T06:05:29.844781872Z
ATLCZ,Atlanticus Holdings Corporation 9.25% Senior Notes due 2029,stocks,us,XNAS,CS,True,usd,0001464343,2025-09-30T06:05:29.844781952Z
ATLN,Atlantic International Corp. Common Stock,stocks,us,XNAS,CS,True,usd,0001605888,BBG0074P1FJ9,BBG0074P1FK7,2025-09-30T06:05:29.844782032Z
ATLO,AMES National Corp,stocks,us,XNAS,CS,True,usd,0001132651,BBG000BHLJW9,BBG001S7RMM9,2025-09-30T06:05:29.844782112Z
ATLX,Atlas Lithium Corporation Common Stock,stocks,us,XNAS,CS,True,usd,0001540684,BBG002VZVSN2,BBG002VZVTD1,2025-09-30T06:05:29.844782192Z
ATMC,AlphaTime Acquisition Corp Ordinary Shares,stocks,us,XNAS,CS,True,usd,0001889106,2025-09-30T06:05:29.844782403Z
ATMCR,AlphaTime Acquisition Corp Right,stocks,us,XNAS,RIGHT,True,usd,0001889106,2025-09-30T06:05:29.844782613Z
ATMCU,AlphaTime Acquisition Corp Unit,stocks,us,XNAS,UNIT,True,usd,0001889106,2025-09-30T06:05:29.844782693Z
ATMCW,AlphaTime Acquisition Corp Warrant,stocks,us,XNAS,WARRANT,True,usd,0001889106,2025-09-30T06:05:29.844782833Z
ATMP,iPath Select MLP ETN,stocks,us,BATS,ETF,True,usd,0000312070,BBG0047C1H17,BBG0047C1HS8,2025-09-30T06:05:29.844782914Z
ATMU,Atmus Filtration Technologies Inc.,stocks,us,XNYS,CS,True,usd,0001921963,BBG01B079Z74,BBG01B079Z92,2025-09-30T06:05:29.844783044Z
ATMV,AlphaVest Acquisition Corp Ordinary Shares,stocks,us,XNAS,CS,True,usd,0001937891,2025-09-30T06:05:29.844783134Z
ATMVR,AlphaVest Acquisition Corp Right,stocks,us,XNAS,RIGHT,True,usd,0001937891,2025-09-30T06:05:29.844783214Z
ATMVU,AlphaVest Acquisition Corp Unit,stocks,us,XNAS,UNIT,True,usd,0001937891,2025-09-30T06:05:29.844783685Z
ATNI,"ATN International, Inc",stocks,us,XNAS,CS,True,usd,0000879585,BBG000F8RCH1,BBG001S9SMF2,2025-09-30T06:05:29.844783885Z
ATNM,"Actinium Pharmaceuticals, Inc",stocks,us,XASE,CS,True,usd,0001388320,BBG000RQZ245,BBG001SV3L17,2025-09-30T06:05:29.844783966Z
ATO,Atmos Energy Corporation,stocks,us,XNYS,CS,True,usd,0000731802,BBG000BRNGM2,BBG001S5VG05,2025-09-30T06:05:29.844784046Z
ATOM,Atomera Incorporated Common Stock,stocks,us,XNAS,CS,True,usd,0001420520,BBG00D88BWP5,BBG00D88BWQ4,2025-09-30T06:05:29.844784136Z
ATON,AlphaTON Capital Corp. Common Stock,stocks,us,XNAS,CS,True,usd,0001095435,2025-09-30T06:05:29.844784216Z
ATOS,"Atossa Therapeutics, Inc. Common Stock",stocks,us,XNAS,CS,True,usd,0001488039,BBG002NCD8C8,BBG002NCD954,2025-09-30T06:05:29.844784316Z
ATPC,Agape ATP Corporation Common Stock,stocks,us,XNAS,CS,True,usd,0001713210,BBG00HKYNJT7,BBG00HKYNJV4,2025-09-30T06:05:29.844784406Z
ATR,"AptarGroup, Inc.",stocks,us,XNYS,CS,True,usd,0000896622,BBG000BGX2S0,BBG001S78MT3,2025-09-30T06:05:29.844784487Z
ATRA,"Atara Biotherapeutics, Inc",stocks,us,XNAS,CS,True,usd,0001604464,BBG005Q3MQY4,BBG005Q3MR36,2025-09-30T06:05:29.844784567Z
ATRC,"AtriCure, Inc.",stocks,us,XNAS,CS,True,usd,0001323885,BBG000BL6CB5,BBG001SD43V3,2025-09-30T06:05:29.844784647Z
ATRO,Astronics Corp,stocks,us,XNAS,CS,True,usd,0000008063,BBG000BCLBY5,BBG001S5NYK3,2025-09-30T06:05:29.844784727Z
ATS,ATS Corporation,stocks,us,XNYS,CS,True,usd,0001394832,BBG000BZ6164,BBG001S5XWC5,2025-09-30T06:05:29.844784807Z
ATUS,"Altice USA, Inc. Class A Common Stock",stocks,us,XNYS,CS,True,usd,0001702780,BBG00GFMPRK0,BBG00GFMPS82,2025-09-30T06:05:29.844784897Z
